canonical_species_id,common_name,botanical_name,biological_species_key,seed_category,use_tags,current_cn_status,proposed_cn_status,cn4,cn6,cn8,hs6,sowing_status,sowing_specific_codes,excluded_commodity_or_unsuitable_codes,original_cn_codes,original_cn_provenance,cn_descriptions,species_specific_code,contains_multiple_species,contains_non_seed_material,comext_compatible,cn_history,earliest_usable_trade_period,latest_usable_trade_period,species_level_trade,full_species_specific_trade,group_or_partial_trade,trade_available_codes,production_available,public_safe,decision_rationale,confidence,limitations,taxonomy_provenance
browntop,Brown top / common bent,Agrostis capillaris,Agrostis capillaris,grass-seeds,"[""SEED_PRODUCTION""]",GROUP_LEVEL,GROUP_LEVEL,"[""1209""]","[""120929""]","[""12092945""]","[""120929""]",SOWING_SPECIFIC,"[""12092945""]",[],"[""12092945""]","[{""canonical_species_id"": ""browntop"", ""mapping_status"": ""CN_MAPPING_NOT_SPECIES_SPECIFIC"", ""nomenclature_year"": 2026, ""cn4"": [""1209""], ""cn6"": [""120929""], ""cn8"": [""12092945""], ""hs6"": [""120929""], ""hs6_scope"": ""Hierarchy only; no species/sowing proof"", ""sowing_seed"": {""usage"": ""SOWING_SEED"", ""verified_cn8"": [""12092945""], ""limitation"": ""Product type/use must fit the official description; not an observation-level trade-flow linkage""}, ""non_sowing_commodity"": {""usage"": ""NON_SOWING_COMMODITY"", ""codes"": []}, ""official_descriptions"": [{""cn8"": ""12092945"", ""description"": ""Timothy grass seed, vetch seed, seeds of the genus Poa palustris L. and Poa trivialis L., seeds of cocksfoot grass \""Dactylis glomerata L.\"", and seeds of bent grass \""Agrostis\"", for sowing"", ""worksheet_row"": 1497}], ""source_url"": ""https://www.ksh.hu/docs/osztalyozasok/kn/kn2026_structure.xlsx"", ""source_organisation"": ""Hungarian Central Statistical Office"", ""retrieval_date"": ""2026-10-02"", ""notes"": [], ""historical_year_eligibility"": ""REVIEW_REQUIRED; no 2021–2025 tariff concordance inferred""}]","[{""year"": 2026, ""cn8"": ""12092945"", ""description"": ""Timothy grass seed, vetch seed, seeds of the genus Poa palustris L. and Poa trivialis L., seeds of cocksfoot grass \""Dactylis glomerata L.\"", and seeds of bent grass \""Agrostis\"", for sowing"", ""worksheet_row"": 1497, ""source_url"": ""https://www.ksh.hu/docs/osztalyozasok/kn/kn2026_structure.xlsx"", ""source_organisation"": ""Hungarian Central Statistical Office"", ""retrieval_date"": ""2026-10-04"", ""source_sha256"": ""083d065994fd2b41037aae21dc26087300a3a013e948e1884117abdd9d87ac56""}]",false,true,false,true,"{""12092945"": {""confirmed_2025"": true, ""description_unchanged"": true, ""confirmed_2024"": false}}",2025-01,2026-06,false,false,true,"[""12092945""]",true,true,Existing mapping audited against official 2026 denomination; original scope retained.,HIGH_FOR_BOUNDED_CUSTOMS_SCOPE,"[""Customs mapping is not evidence that the species contributed any amount to a group."", ""No interpolation, proportional allocation, species shares or supply signal."", ""Taxonomy and production datasets remain unchanged.""]","[{""id"": ""v041"", ""organisation"": ""SeedTrade evidence review of official national seed authorities"", ""url"": null, ""retrieved_at"": ""2026-10-03"", ""checkpoint_sha256"": ""2b149594c48a1f0ed1de04f69835baffb4e671a04901a48a37aa88a52a7d4359"", ""scope"": ""Recovered V4.1 canonical IDs, bounded ranks, source taxon mapping and CN evidence; original checkpoint retained""}]"
onion,Onion / shallot,Allium cepa,Allium cepa,vegetable-seeds,"[""VEGETABLE""]",NOT_AVAILABLE,GROUP_LEVEL,"[""1209""]","[""120991""]","[""12099180""]","[""120991""]",SOWING_SPECIFIC,"[""12099180""]",[],[],"[{""canonical_species_id"": ""onion"", ""mapping_status"": ""CN_MAPPING_NOT_AVAILABLE"", ""cn4"": [], ""cn6"": [], ""cn8"": [], ""hs6"": [], ""sowing_seed"": {""usage"": ""SOWING_SEED"", ""verified_cn8"": []}, ""non_sowing_commodity"": {""usage"": ""NON_SOWING_COMMODITY"", ""codes"": []}, ""source_url"": null, ""notes"": [""No species-specific CN mapping invented""]}]","[{""year"": 2026, ""cn8"": ""12099180"", ""description"": ""Vegetable seeds for sowing (excl. salad beet or beetroot \""Beta vulgaris var. conditiva\"")"", ""worksheet_row"": 1503, ""source_url"": ""https://www.ksh.hu/docs/osztalyozasok/kn/kn2026_structure.xlsx"", ""source_organisation"": ""Hungarian Central Statistical Office"", ""retrieval_date"": ""2026-10-04"", ""source_sha256"": ""083d065994fd2b41037aae21dc26087300a3a013e948e1884117abdd9d87ac56""}]",false,true,false,true,"{""12099180"": {""confirmed_2025"": true, ""description_unchanged"": true, ""confirmed_2024"": false}}",2025-01,2026-06,false,false,true,"[""12099180""]",false,true,"Vegetable sowing seed under 12099180, excluding beet and separately classified legumes, cereals, spices and oilseeds. This is a customs group, never species-specific trade. Original botanical identity and vegetable seed use are retained.",HIGH_FOR_BOUNDED_CUSTOMS_SCOPE,"[""Customs mapping is not evidence that the species contributed any amount to a group."", ""No interpolation, proportional allocation, species shares or supply signal."", ""Taxonomy and production datasets remain unchanged.""]","[{""id"": ""vegetables"", ""organisation"": ""European Union / EUR-Lex"", ""url"": ""https://eur-lex.europa.eu/legal-content/EN/TXT/?uri=CELEX:02002L0055-20220901"", ""retrieved_at"": ""2026-10-03"", ""document"": ""2002/55/EC Article 2(1)(b), consolidation 2022-09-01"", ""scope"": ""Seed-market identities; cultivar groups not separate species. Current 2024-12-24 consolidation identified but anti-bot blocked; no claim of current legal eligibility""}]"
bunching-onion,Bunching onion,Allium fistulosum,Allium fistulosum,vegetable-seeds,"[""VEGETABLE""]",NOT_AVAILABLE,GROUP_LEVEL,"[""1209""]","[""120991""]","[""12099180""]","[""120991""]",SOWING_SPECIFIC,"[""12099180""]",[],[],"[{""canonical_species_id"": ""bunching-onion"", ""mapping_status"": ""CN_MAPPING_NOT_AVAILABLE"", ""cn4"": [], ""cn6"": [], ""cn8"": [], ""hs6"": [], ""sowing_seed"": {""usage"": ""SOWING_SEED"", ""verified_cn8"": []}, ""non_sowing_commodity"": {""usage"": ""NON_SOWING_COMMODITY"", ""codes"": []}, ""source_url"": null, ""notes"": [""No species-specific CN mapping invented""]}]","[{""year"": 2026, ""cn8"": ""12099180"", ""description"": ""Vegetable seeds for sowing (excl. salad beet or beetroot \""Beta vulgaris var. conditiva\"")"", ""worksheet_row"": 1503, ""source_url"": ""https://www.ksh.hu/docs/osztalyozasok/kn/kn2026_structure.xlsx"", ""source_organisation"": ""Hungarian Central Statistical Office"", ""retrieval_date"": ""2026-10-04"", ""source_sha256"": ""083d065994fd2b41037aae21dc26087300a3a013e948e1884117abdd9d87ac56""}]",false,true,false,true,"{""12099180"": {""confirmed_2025"": true, ""description_unchanged"": true, ""confirmed_2024"": false}}",2025-01,2026-06,false,false,true,"[""12099180""]",false,true,"Vegetable sowing seed under 12099180, excluding beet and separately classified legumes, cereals, spices and oilseeds. This is a customs group, never species-specific trade. Original botanical identity and vegetable seed use are retained.",HIGH_FOR_BOUNDED_CUSTOMS_SCOPE,"[""Customs mapping is not evidence that the species contributed any amount to a group."", ""No interpolation, proportional allocation, species shares or supply signal."", ""Taxonomy and production datasets remain unchanged.""]","[{""id"": ""vegetables"", ""organisation"": ""European Union / EUR-Lex"", ""url"": ""https://eur-lex.europa.eu/legal-content/EN/TXT/?uri=CELEX:02002L0055-20220901"", ""retrieved_at"": ""2026-10-03"", ""document"": ""2002/55/EC Article 2(1)(b), consolidation 2022-09-01"", ""scope"": ""Seed-market identities; cultivar groups not separate species. Current 2024-12-24 consolidation identified but anti-bot blocked; no claim of current legal eligibility""}]"
leek,Leek,Allium porrum,Allium porrum,vegetable-seeds,"[""VEGETABLE""]",NOT_AVAILABLE,GROUP_LEVEL,"[""1209""]","[""120991""]","[""12099180""]","[""120991""]",SOWING_SPECIFIC,"[""12099180""]",[],[],"[{""canonical_species_id"": ""leek"", ""mapping_status"": ""CN_MAPPING_NOT_AVAILABLE"", ""cn4"": [], ""cn6"": [], ""cn8"": [], ""hs6"": [], ""sowing_seed"": {""usage"": ""SOWING_SEED"", ""verified_cn8"": []}, ""non_sowing_commodity"": {""usage"": ""NON_SOWING_COMMODITY"", ""codes"": []}, ""source_url"": null, ""notes"": [""No species-specific CN mapping invented""]}]","[{""year"": 2026, ""cn8"": ""12099180"", ""description"": ""Vegetable seeds for sowing (excl. salad beet or beetroot \""Beta vulgaris var. conditiva\"")"", ""worksheet_row"": 1503, ""source_url"": ""https://www.ksh.hu/docs/osztalyozasok/kn/kn2026_structure.xlsx"", ""source_organisation"": ""Hungarian Central Statistical Office"", ""retrieval_date"": ""2026-10-04"", ""source_sha256"": ""083d065994fd2b41037aae21dc26087300a3a013e948e1884117abdd9d87ac56""}]",false,true,false,true,"{""12099180"": {""confirmed_2025"": true, ""description_unchanged"": true, ""confirmed_2024"": false}}",2025-01,2026-06,false,false,true,"[""12099180""]",false,true,"Vegetable sowing seed under 12099180, excluding beet and separately classified legumes, cereals, spices and oilseeds. This is a customs group, never species-specific trade. Original botanical identity and vegetable seed use are retained.",HIGH_FOR_BOUNDED_CUSTOMS_SCOPE,"[""Customs mapping is not evidence that the species contributed any amount to a group."", ""No interpolation, proportional allocation, species shares or supply signal."", ""Taxonomy and production datasets remain unchanged.""]","[{""id"": ""vegetables"", ""organisation"": ""European Union / EUR-Lex"", ""url"": ""https://eur-lex.europa.eu/legal-content/EN/TXT/?uri=CELEX:02002L0055-20220901"", ""retrieved_at"": ""2026-10-03"", ""document"": ""2002/55/EC Article 2(1)(b), consolidation 2022-09-01"", ""scope"": ""Seed-market identities; cultivar groups not separate species. Current 2024-12-24 consolidation identified but anti-bot blocked; no claim of current legal eligibility""}]"
chives,Chives,Allium schoenoprasum,Allium schoenoprasum,vegetable-seeds,"[""VEGETABLE""]",NOT_AVAILABLE,GROUP_LEVEL,"[""1209""]","[""120991""]","[""12099180""]","[""120991""]",SOWING_SPECIFIC,"[""12099180""]",[],[],"[{""canonical_species_id"": ""chives"", ""mapping_status"": ""CN_MAPPING_NOT_AVAILABLE"", ""cn4"": [], ""cn6"": [], ""cn8"": [], ""hs6"": [], ""sowing_seed"": {""usage"": ""SOWING_SEED"", ""verified_cn8"": []}, ""non_sowing_commodity"": {""usage"": ""NON_SOWING_COMMODITY"", ""codes"": []}, ""source_url"": null, ""notes"": [""No species-specific CN mapping invented""]}]","[{""year"": 2026, ""cn8"": ""12099180"", ""description"": ""Vegetable seeds for sowing (excl. salad beet or beetroot \""Beta vulgaris var. conditiva\"")"", ""worksheet_row"": 1503, ""source_url"": ""https://www.ksh.hu/docs/osztalyozasok/kn/kn2026_structure.xlsx"", ""source_organisation"": ""Hungarian Central Statistical Office"", ""retrieval_date"": ""2026-10-04"", ""source_sha256"": ""083d065994fd2b41037aae21dc26087300a3a013e948e1884117abdd9d87ac56""}]",false,true,false,true,"{""12099180"": {""confirmed_2025"": true, ""description_unchanged"": true, ""confirmed_2024"": false}}",2025-01,2026-06,false,false,true,"[""12099180""]",false,true,"Vegetable sowing seed under 12099180, excluding beet and separately classified legumes, cereals, spices and oilseeds. This is a customs group, never species-specific trade. Original botanical identity and vegetable seed use are retained.",HIGH_FOR_BOUNDED_CUSTOMS_SCOPE,"[""Customs mapping is not evidence that the species contributed any amount to a group."", ""No interpolation, proportional allocation, species shares or supply signal."", ""Taxonomy and production datasets remain unchanged.""]","[{""id"": ""vegetables"", ""organisation"": ""European Union / EUR-Lex"", ""url"": ""https://eur-lex.europa.eu/legal-content/EN/TXT/?uri=CELEX:02002L0055-20220901"", ""retrieved_at"": ""2026-10-03"", ""document"": ""2002/55/EC Article 2(1)(b), consolidation 2022-09-01"", ""scope"": ""Seed-market identities; cultivar groups not separate species. Current 2024-12-24 consolidation identified but anti-bot blocked; no claim of current legal eligibility""}]"
meadow-foxtail,Meadow foxtail,Alopecurus pratensis,Alopecurus pratensis,grass-seeds,"[""SEED_PRODUCTION""]",GROUP_LEVEL,GROUP_LEVEL,"[""1209""]","[""120929""]","[""12092980""]","[""120929""]",SOWING_SPECIFIC,"[""12092980""]",[],"[""12092980""]","[{""canonical_species_id"": ""meadow-foxtail"", ""mapping_status"": ""CN_MAPPING_NOT_SPECIES_SPECIFIC"", ""nomenclature_year"": 2026, ""cn4"": [""1209""], ""cn6"": [""120929""], ""cn8"": [""12092980""], ""hs6"": [""120929""], ""hs6_scope"": ""Hierarchy only; no species/sowing proof"", ""sowing_seed"": {""usage"": ""SOWING_SEED"", ""verified_cn8"": [""12092980""], ""limitation"": ""Product type/use must fit the official description; not an observation-level trade-flow linkage""}, ""non_sowing_commodity"": {""usage"": ""NON_SOWING_COMMODITY"", ""codes"": []}, ""official_descriptions"": [{""cn8"": ""12092980"", ""description"": ""Seeds of forage plants, for sowing (excl. cereals and fodder beet seed \""Beta vulgaris var. alba\"", sugar beet seed, lucerne seed, clover \""Trifolium spp.\"" seed, fesque seed, Kentucky blue grass \""Poa pratensis L.\"" seed, ryegrass \""Lolium multiflorum lam., Lolium perenne L.\"" seed, Timothy grass seed, vetch seed, seeds of the genus Poa palustris L and Poa trivialis L., cocksfoot grass \""Dactylis glomerata L.\"" seed, bent grass \""Agrostis\"" seed and lupine seed)"", ""worksheet_row"": 1500}], ""source_url"": ""https://www.ksh.hu/docs/osztalyozasok/kn/kn2026_structure.xlsx"", ""source_organisation"": ""Hungarian Central Statistical Office"", ""retrieval_date"": ""2026-10-02"", ""notes"": [""Residual forage-plant heading supported by original official forage seed classification; product use must be confirmed. Not a species-specific tariff classification ruling.""], ""historical_year_eligibility"": ""REVIEW_REQUIRED; no 2021–2025 tariff concordance inferred""}]","[{""year"": 2026, ""cn8"": ""12092980"", ""description"": ""Seeds of forage plants, for sowing (excl. cereals and fodder beet seed \""Beta vulgaris var. alba\"", sugar beet seed, lucerne seed, clover \""Trifolium spp.\"" seed, fesque seed, Kentucky blue grass \""Poa pratensis L.\"" seed, ryegrass \""Lolium multiflorum lam., Lolium perenne L.\"" seed, Timothy grass seed, vetch seed, seeds of the genus Poa palustris L and Poa trivialis L., cocksfoot grass \""Dactylis glomerata L.\"" seed, bent grass \""Agrostis\"" seed and lupine seed)"", ""worksheet_row"": 1500, ""source_url"": ""https://www.ksh.hu/docs/osztalyozasok/kn/kn2026_structure.xlsx"", ""source_organisation"": ""Hungarian Central Statistical Office"", ""retrieval_date"": ""2026-10-04"", ""source_sha256"": ""083d065994fd2b41037aae21dc26087300a3a013e948e1884117abdd9d87ac56""}]",false,true,false,true,"{""12092980"": {""confirmed_2025"": true, ""description_unchanged"": true, ""confirmed_2024"": false}}",2025-01,2026-06,false,false,true,"[""12092980""]",true,true,Existing mapping audited against official 2026 denomination; original scope retained.,HIGH_FOR_BOUNDED_CUSTOMS_SCOPE,"[""Customs mapping is not evidence that the species contributed any amount to a group."", ""No interpolation, proportional allocation, species shares or supply signal."", ""Taxonomy and production datasets remain unchanged.""]","[{""id"": ""v041"", ""organisation"": ""SeedTrade evidence review of official national seed authorities"", ""url"": null, ""retrieved_at"": ""2026-10-03"", ""checkpoint_sha256"": ""2b149594c48a1f0ed1de04f69835baffb4e671a04901a48a37aa88a52a7d4359"", ""scope"": ""Recovered V4.1 canonical IDs, bounded ranks, source taxon mapping and CN evidence; original checkpoint retained""}]"
dill,Dill,Anethum graveolens,Anethum graveolens,herbs-specialty,"[""CATCH_CROP"", ""COVER_CROP""]",NOT_AVAILABLE,REVIEW_REQUIRED,[],[],[],[],REVIEW_REQUIRED,[],[],[],"[{""canonical_species_id"": ""dill"", ""mapping_status"": ""CN_MAPPING_NOT_AVAILABLE"", ""cn4"": [], ""cn6"": [], ""cn8"": [], ""hs6"": [], ""sowing_seed"": {""usage"": ""SOWING_SEED"", ""verified_cn8"": []}, ""non_sowing_commodity"": {""usage"": ""NON_SOWING_COMMODITY"", ""codes"": []}, ""source_url"": null, ""notes"": [""No species-specific CN mapping invented""]}]",[],false,false,null,false,{},null,null,false,false,false,[],false,true,End-use/customs-boundary ambiguity requires official classification evidence beyond botanical name or SeedTrade category. No trade activation.,LIMITED_OR_REVIEW,"[""Customs mapping is not evidence that the species contributed any amount to a group."", ""No interpolation, proportional allocation, species shares or supply signal."", ""Taxonomy and production datasets remain unchanged.""]","[{""id"": ""lfl"", ""organisation"": ""Bavarian State Research Center for Agriculture (LfL)"", ""url"": ""https://www.lfl.bayern.de/mam/cms07/publikationen/daten/informationen/greening-zwischenfruchtanbau-lfl-information-2018.pdf"", ""retrieved_at"": ""2026-10-03"", ""document"": ""Greening und Zwischenfruchtanbau, November 2018, Annex 1 pages 8–10"", ""scope"": ""Botanical names and catch-crop mixture use; historical permitted-species list, not current subsidy/legal eligibility or production evidence""}]"
chervil,Chervil,Anthriscus cerefolium,Anthriscus cerefolium,vegetable-seeds,"[""VEGETABLE""]",NOT_AVAILABLE,GROUP_LEVEL,"[""1209""]","[""120991""]","[""12099180""]","[""120991""]",SOWING_SPECIFIC,"[""12099180""]",[],[],"[{""canonical_species_id"": ""chervil"", ""mapping_status"": ""CN_MAPPING_NOT_AVAILABLE"", ""cn4"": [], ""cn6"": [], ""cn8"": [], ""hs6"": [], ""sowing_seed"": {""usage"": ""SOWING_SEED"", ""verified_cn8"": []}, ""non_sowing_commodity"": {""usage"": ""NON_SOWING_COMMODITY"", ""codes"": []}, ""source_url"": null, ""notes"": [""No species-specific CN mapping invented""]}]","[{""year"": 2026, ""cn8"": ""12099180"", ""description"": ""Vegetable seeds for sowing (excl. salad beet or beetroot \""Beta vulgaris var. conditiva\"")"", ""worksheet_row"": 1503, ""source_url"": ""https://www.ksh.hu/docs/osztalyozasok/kn/kn2026_structure.xlsx"", ""source_organisation"": ""Hungarian Central Statistical Office"", ""retrieval_date"": ""2026-10-04"", ""source_sha256"": ""083d065994fd2b41037aae21dc26087300a3a013e948e1884117abdd9d87ac56""}]",false,true,false,true,"{""12099180"": {""confirmed_2025"": true, ""description_unchanged"": true, ""confirmed_2024"": false}}",2025-01,2026-06,false,false,true,"[""12099180""]",false,true,"Vegetable sowing seed under 12099180, excluding beet and separately classified legumes, cereals, spices and oilseeds. This is a customs group, never species-specific trade. Original botanical identity and vegetable seed use are retained.",HIGH_FOR_BOUNDED_CUSTOMS_SCOPE,"[""Customs mapping is not evidence that the species contributed any amount to a group."", ""No interpolation, proportional allocation, species shares or supply signal."", ""Taxonomy and production datasets remain unchanged.""]","[{""id"": ""vegetables"", ""organisation"": ""European Union / EUR-Lex"", ""url"": ""https://eur-lex.europa.eu/legal-content/EN/TXT/?uri=CELEX:02002L0055-20220901"", ""retrieved_at"": ""2026-10-03"", ""document"": ""2002/55/EC Article 2(1)(b), consolidation 2022-09-01"", ""scope"": ""Seed-market identities; cultivar groups not separate species. Current 2024-12-24 consolidation identified but anti-bot blocked; no claim of current legal eligibility""}]"
celery,Celery / celeriac,Apium graveolens,Apium graveolens,vegetable-seeds,"[""VEGETABLE""]",NOT_AVAILABLE,GROUP_LEVEL,"[""1209""]","[""120991""]","[""12099180""]","[""120991""]",SOWING_SPECIFIC,"[""12099180""]",[],[],"[{""canonical_species_id"": ""celery"", ""mapping_status"": ""CN_MAPPING_NOT_AVAILABLE"", ""cn4"": [], ""cn6"": [], ""cn8"": [], ""hs6"": [], ""sowing_seed"": {""usage"": ""SOWING_SEED"", ""verified_cn8"": []}, ""non_sowing_commodity"": {""usage"": ""NON_SOWING_COMMODITY"", ""codes"": []}, ""source_url"": null, ""notes"": [""No species-specific CN mapping invented""]}]","[{""year"": 2026, ""cn8"": ""12099180"", ""description"": ""Vegetable seeds for sowing (excl. salad beet or beetroot \""Beta vulgaris var. conditiva\"")"", ""worksheet_row"": 1503, ""source_url"": ""https://www.ksh.hu/docs/osztalyozasok/kn/kn2026_structure.xlsx"", ""source_organisation"": ""Hungarian Central Statistical Office"", ""retrieval_date"": ""2026-10-04"", ""source_sha256"": ""083d065994fd2b41037aae21dc26087300a3a013e948e1884117abdd9d87ac56""}]",false,true,false,true,"{""12099180"": {""confirmed_2025"": true, ""description_unchanged"": true, ""confirmed_2024"": false}}",2025-01,2026-06,false,false,true,"[""12099180""]",false,true,"Vegetable sowing seed under 12099180, excluding beet and separately classified legumes, cereals, spices and oilseeds. This is a customs group, never species-specific trade. Original botanical identity and vegetable seed use are retained.",HIGH_FOR_BOUNDED_CUSTOMS_SCOPE,"[""Customs mapping is not evidence that the species contributed any amount to a group."", ""No interpolation, proportional allocation, species shares or supply signal."", ""Taxonomy and production datasets remain unchanged.""]","[{""id"": ""vegetables"", ""organisation"": ""European Union / EUR-Lex"", ""url"": ""https://eur-lex.europa.eu/legal-content/EN/TXT/?uri=CELEX:02002L0055-20220901"", ""retrieved_at"": ""2026-10-03"", ""document"": ""2002/55/EC Article 2(1)(b), consolidation 2022-09-01"", ""scope"": ""Seed-market identities; cultivar groups not separate species. Current 2024-12-24 consolidation identified but anti-bot blocked; no claim of current legal eligibility""}]"
tall-oatgrass,Tall oatgrass,Arrhenatherum elatius,Arrhenatherum elatius,grass-seeds,"[""SEED_PRODUCTION""]",GROUP_LEVEL,GROUP_LEVEL,"[""1209""]","[""120929""]","[""12092980""]","[""120929""]",SOWING_SPECIFIC,"[""12092980""]",[],"[""12092980""]","[{""canonical_species_id"": ""tall-oatgrass"", ""mapping_status"": ""CN_MAPPING_NOT_SPECIES_SPECIFIC"", ""nomenclature_year"": 2026, ""cn4"": [""1209""], ""cn6"": [""120929""], ""cn8"": [""12092980""], ""hs6"": [""120929""], ""hs6_scope"": ""Hierarchy only; no species/sowing proof"", ""sowing_seed"": {""usage"": ""SOWING_SEED"", ""verified_cn8"": [""12092980""], ""limitation"": ""Product type/use must fit the official description; not an observation-level trade-flow linkage""}, ""non_sowing_commodity"": {""usage"": ""NON_SOWING_COMMODITY"", ""codes"": []}, ""official_descriptions"": [{""cn8"": ""12092980"", ""description"": ""Seeds of forage plants, for sowing (excl. cereals and fodder beet seed \""Beta vulgaris var. alba\"", sugar beet seed, lucerne seed, clover \""Trifolium spp.\"" seed, fesque seed, Kentucky blue grass \""Poa pratensis L.\"" seed, ryegrass \""Lolium multiflorum lam., Lolium perenne L.\"" seed, Timothy grass seed, vetch seed, seeds of the genus Poa palustris L and Poa trivialis L., cocksfoot grass \""Dactylis glomerata L.\"" seed, bent grass \""Agrostis\"" seed and lupine seed)"", ""worksheet_row"": 1500}], ""source_url"": ""https://www.ksh.hu/docs/osztalyozasok/kn/kn2026_structure.xlsx"", ""source_organisation"": ""Hungarian Central Statistical Office"", ""retrieval_date"": ""2026-10-02"", ""notes"": [""Residual forage-plant heading supported by original official forage seed classification; product use must be confirmed. Not a species-specific tariff classification ruling.""], ""historical_year_eligibility"": ""REVIEW_REQUIRED; no 2021–2025 tariff concordance inferred""}]","[{""year"": 2026, ""cn8"": ""12092980"", ""description"": ""Seeds of forage plants, for sowing (excl. cereals and fodder beet seed \""Beta vulgaris var. alba\"", sugar beet seed, lucerne seed, clover \""Trifolium spp.\"" seed, fesque seed, Kentucky blue grass \""Poa pratensis L.\"" seed, ryegrass \""Lolium multiflorum lam., Lolium perenne L.\"" seed, Timothy grass seed, vetch seed, seeds of the genus Poa palustris L and Poa trivialis L., cocksfoot grass \""Dactylis glomerata L.\"" seed, bent grass \""Agrostis\"" seed and lupine seed)"", ""worksheet_row"": 1500, ""source_url"": ""https://www.ksh.hu/docs/osztalyozasok/kn/kn2026_structure.xlsx"", ""source_organisation"": ""Hungarian Central Statistical Office"", ""retrieval_date"": ""2026-10-04"", ""source_sha256"": ""083d065994fd2b41037aae21dc26087300a3a013e948e1884117abdd9d87ac56""}]",false,true,false,true,"{""12092980"": {""confirmed_2025"": true, ""description_unchanged"": true, ""confirmed_2024"": false}}",2025-01,2026-06,false,false,true,"[""12092980""]",true,true,Existing mapping audited against official 2026 denomination; original scope retained.,HIGH_FOR_BOUNDED_CUSTOMS_SCOPE,"[""Customs mapping is not evidence that the species contributed any amount to a group."", ""No interpolation, proportional allocation, species shares or supply signal."", ""Taxonomy and production datasets remain unchanged.""]","[{""id"": ""v041"", ""organisation"": ""SeedTrade evidence review of official national seed authorities"", ""url"": null, ""retrieved_at"": ""2026-10-03"", ""checkpoint_sha256"": ""2b149594c48a1f0ed1de04f69835baffb4e671a04901a48a37aa88a52a7d4359"", ""scope"": ""Recovered V4.1 canonical IDs, bounded ranks, source taxon mapping and CN evidence; original checkpoint retained""}]"
asparagus,Asparagus,Asparagus officinalis,Asparagus officinalis,vegetable-seeds,"[""VEGETABLE""]",NOT_AVAILABLE,GROUP_LEVEL,"[""1209""]","[""120991""]","[""12099180""]","[""120991""]",SOWING_SPECIFIC,"[""12099180""]",[],[],"[{""canonical_species_id"": ""asparagus"", ""mapping_status"": ""CN_MAPPING_NOT_AVAILABLE"", ""cn4"": [], ""cn6"": [], ""cn8"": [], ""hs6"": [], ""sowing_seed"": {""usage"": ""SOWING_SEED"", ""verified_cn8"": []}, ""non_sowing_commodity"": {""usage"": ""NON_SOWING_COMMODITY"", ""codes"": []}, ""source_url"": null, ""notes"": [""No species-specific CN mapping invented""]}]","[{""year"": 2026, ""cn8"": ""12099180"", ""description"": ""Vegetable seeds for sowing (excl. salad beet or beetroot \""Beta vulgaris var. conditiva\"")"", ""worksheet_row"": 1503, ""source_url"": ""https://www.ksh.hu/docs/osztalyozasok/kn/kn2026_structure.xlsx"", ""source_organisation"": ""Hungarian Central Statistical Office"", ""retrieval_date"": ""2026-10-04"", ""source_sha256"": ""083d065994fd2b41037aae21dc26087300a3a013e948e1884117abdd9d87ac56""}]",false,true,false,true,"{""12099180"": {""confirmed_2025"": true, ""description_unchanged"": true, ""confirmed_2024"": false}}",2025-01,2026-06,false,false,true,"[""12099180""]",false,true,"Vegetable sowing seed under 12099180, excluding beet and separately classified legumes, cereals, spices and oilseeds. This is a customs group, never species-specific trade. Original botanical identity and vegetable seed use are retained.",HIGH_FOR_BOUNDED_CUSTOMS_SCOPE,"[""Customs mapping is not evidence that the species contributed any amount to a group."", ""No interpolation, proportional allocation, species shares or supply signal."", ""Taxonomy and production datasets remain unchanged.""]","[{""id"": ""vegetables"", ""organisation"": ""European Union / EUR-Lex"", ""url"": ""https://eur-lex.europa.eu/legal-content/EN/TXT/?uri=CELEX:02002L0055-20220901"", ""retrieved_at"": ""2026-10-03"", ""document"": ""2002/55/EC Article 2(1)(b), consolidation 2022-09-01"", ""scope"": ""Seed-market identities; cultivar groups not separate species. Current 2024-12-24 consolidation identified but anti-bot blocked; no claim of current legal eligibility""}]"
naked-oat,Naked oat,Avena nuda,Avena nuda,cereals-pseudocereals,"[""SEED_PRODUCTION""]",GROUP_LEVEL,GROUP_LEVEL,"[""1004""]","[""100410""]","[""10041000""]","[""100410""]",SOWING_SPECIFIC,"[""10041000""]",[],"[""10041000""]","[{""canonical_species_id"": ""naked-oat"", ""mapping_status"": ""CN_MAPPING_NOT_SPECIES_SPECIFIC"", ""nomenclature_year"": 2026, ""cn4"": [""1004""], ""cn6"": [""100410""], ""cn8"": [""10041000""], ""hs6"": [""100410""], ""hs6_scope"": ""Hierarchy only; no species/sowing proof"", ""sowing_seed"": {""usage"": ""SOWING_SEED"", ""verified_cn8"": [""10041000""], ""limitation"": ""Product type/use must fit the official description; not an observation-level trade-flow linkage""}, ""non_sowing_commodity"": {""usage"": ""NON_SOWING_COMMODITY"", ""codes"": [""10049000""]}, ""official_descriptions"": [{""cn8"": ""10041000"", ""description"": ""Oats seed for sowing"", ""worksheet_row"": 1330}, {""cn8"": ""10049000"", ""description"": ""Oats (excl. seed for sowing)"", ""worksheet_row"": 1331}], ""source_url"": ""https://www.ksh.hu/docs/osztalyozasok/kn/kn2026_structure.xlsx"", ""source_organisation"": ""Hungarian Central Statistical Office"", ""retrieval_date"": ""2026-10-02"", ""notes"": [], ""historical_year_eligibility"": ""REVIEW_REQUIRED; no 2021–2025 tariff concordance inferred""}]","[{""year"": 2026, ""cn8"": ""10041000"", ""description"": ""Oats seed for sowing"", ""worksheet_row"": 1330, ""source_url"": ""https://www.ksh.hu/docs/osztalyozasok/kn/kn2026_structure.xlsx"", ""source_organisation"": ""Hungarian Central Statistical Office"", ""retrieval_date"": ""2026-10-04"", ""source_sha256"": ""083d065994fd2b41037aae21dc26087300a3a013e948e1884117abdd9d87ac56""}]",false,true,false,true,"{""10041000"": {""confirmed_2025"": true, ""description_unchanged"": true, ""confirmed_2024"": false}}",null,null,false,false,false,[],true,true,Existing mapping audited against official 2026 denomination; original scope retained.,HIGH_FOR_BOUNDED_CUSTOMS_SCOPE,"[""Customs mapping is not evidence that the species contributed any amount to a group."", ""No interpolation, proportional allocation, species shares or supply signal."", ""Taxonomy and production datasets remain unchanged.""]","[{""id"": ""v041"", ""organisation"": ""SeedTrade evidence review of official national seed authorities"", ""url"": null, ""retrieved_at"": ""2026-10-03"", ""checkpoint_sha256"": ""2b149594c48a1f0ed1de04f69835baffb4e671a04901a48a37aa88a52a7d4359"", ""scope"": ""Recovered V4.1 canonical IDs, bounded ranks, source taxon mapping and CN evidence; original checkpoint retained""}]"
oat,Oat,Avena sativa,Avena sativa,cereals-pseudocereals,"[""SEED_PRODUCTION""]",GROUP_LEVEL,GROUP_LEVEL,"[""1004""]","[""100410""]","[""10041000""]","[""100410""]",SOWING_SPECIFIC,"[""10041000""]",[],"[""10041000""]","[{""canonical_species_id"": ""oat"", ""mapping_status"": ""CN_MAPPING_NOT_SPECIES_SPECIFIC"", ""nomenclature_year"": 2026, ""cn4"": [""1004""], ""cn6"": [""100410""], ""cn8"": [""10041000""], ""hs6"": [""100410""], ""hs6_scope"": ""Hierarchy only; no species/sowing proof"", ""sowing_seed"": {""usage"": ""SOWING_SEED"", ""verified_cn8"": [""10041000""], ""limitation"": ""Product type/use must fit the official description; not an observation-level trade-flow linkage""}, ""non_sowing_commodity"": {""usage"": ""NON_SOWING_COMMODITY"", ""codes"": [""10049000""]}, ""official_descriptions"": [{""cn8"": ""10041000"", ""description"": ""Oats seed for sowing"", ""worksheet_row"": 1330}, {""cn8"": ""10049000"", ""description"": ""Oats (excl. seed for sowing)"", ""worksheet_row"": 1331}], ""source_url"": ""https://www.ksh.hu/docs/osztalyozasok/kn/kn2026_structure.xlsx"", ""source_organisation"": ""Hungarian Central Statistical Office"", ""retrieval_date"": ""2026-10-02"", ""notes"": [], ""historical_year_eligibility"": ""REVIEW_REQUIRED; no 2021–2025 tariff concordance inferred""}]","[{""year"": 2026, ""cn8"": ""10041000"", ""description"": ""Oats seed for sowing"", ""worksheet_row"": 1330, ""source_url"": ""https://www.ksh.hu/docs/osztalyozasok/kn/kn2026_structure.xlsx"", ""source_organisation"": ""Hungarian Central Statistical Office"", ""retrieval_date"": ""2026-10-04"", ""source_sha256"": ""083d065994fd2b41037aae21dc26087300a3a013e948e1884117abdd9d87ac56""}]",false,true,false,true,"{""10041000"": {""confirmed_2025"": true, ""description_unchanged"": true, ""confirmed_2024"": false}}",null,null,false,false,false,[],true,true,Existing mapping audited against official 2026 denomination; original scope retained.,HIGH_FOR_BOUNDED_CUSTOMS_SCOPE,"[""Customs mapping is not evidence that the species contributed any amount to a group."", ""No interpolation, proportional allocation, species shares or supply signal."", ""Taxonomy and production datasets remain unchanged.""]","[{""id"": ""v041"", ""organisation"": ""SeedTrade evidence review of official national seed authorities"", ""url"": null, ""retrieved_at"": ""2026-10-03"", ""checkpoint_sha256"": ""2b149594c48a1f0ed1de04f69835baffb4e671a04901a48a37aa88a52a7d4359"", ""scope"": ""Recovered V4.1 canonical IDs, bounded ranks, source taxon mapping and CN evidence; original checkpoint retained""}]"
black-oat,Bristle / black oat,Avena strigosa,Avena strigosa,cereals-pseudocereals,"[""CATCH_CROP"", ""COVER_CROP"", ""SEED_PRODUCTION""]",GROUP_LEVEL,GROUP_LEVEL,"[""1004""]","[""100410""]","[""10041000""]","[""100410""]",SOWING_SPECIFIC,"[""10041000""]",[],"[""10041000""]","[{""canonical_species_id"": ""black-oat"", ""mapping_status"": ""CN_MAPPING_NOT_SPECIES_SPECIFIC"", ""nomenclature_year"": 2026, ""cn4"": [""1004""], ""cn6"": [""100410""], ""cn8"": [""10041000""], ""hs6"": [""100410""], ""hs6_scope"": ""Hierarchy only; no species/sowing proof"", ""sowing_seed"": {""usage"": ""SOWING_SEED"", ""verified_cn8"": [""10041000""], ""limitation"": ""Product type/use must fit the official description; not an observation-level trade-flow linkage""}, ""non_sowing_commodity"": {""usage"": ""NON_SOWING_COMMODITY"", ""codes"": [""10049000""]}, ""official_descriptions"": [{""cn8"": ""10041000"", ""description"": ""Oats seed for sowing"", ""worksheet_row"": 1330}, {""cn8"": ""10049000"", ""description"": ""Oats (excl. seed for sowing)"", ""worksheet_row"": 1331}], ""source_url"": ""https://www.ksh.hu/docs/osztalyozasok/kn/kn2026_structure.xlsx"", ""source_organisation"": ""Hungarian Central Statistical Office"", ""retrieval_date"": ""2026-10-02"", ""notes"": [], ""historical_year_eligibility"": ""REVIEW_REQUIRED; no 2021–2025 tariff concordance inferred""}]","[{""year"": 2026, ""cn8"": ""10041000"", ""description"": ""Oats seed for sowing"", ""worksheet_row"": 1330, ""source_url"": ""https://www.ksh.hu/docs/osztalyozasok/kn/kn2026_structure.xlsx"", ""source_organisation"": ""Hungarian Central Statistical Office"", ""retrieval_date"": ""2026-10-04"", ""source_sha256"": ""083d065994fd2b41037aae21dc26087300a3a013e948e1884117abdd9d87ac56""}]",false,true,false,true,"{""10041000"": {""confirmed_2025"": true, ""description_unchanged"": true, ""confirmed_2024"": false}}",null,null,false,false,false,[],true,true,Existing mapping audited against official 2026 denomination; original scope retained.,HIGH_FOR_BOUNDED_CUSTOMS_SCOPE,"[""Customs mapping is not evidence that the species contributed any amount to a group."", ""No interpolation, proportional allocation, species shares or supply signal."", ""Taxonomy and production datasets remain unchanged.""]","[{""id"": ""lfl"", ""organisation"": ""Bavarian State Research Center for Agriculture (LfL)"", ""url"": ""https://www.lfl.bayern.de/mam/cms07/publikationen/daten/informationen/greening-zwischenfruchtanbau-lfl-information-2018.pdf"", ""retrieved_at"": ""2026-10-03"", ""document"": ""Greening und Zwischenfruchtanbau, November 2018, Annex 1 pages 8–10"", ""scope"": ""Botanical names and catch-crop mixture use; historical permitted-species list, not current subsidy/legal eligibility or production evidence""}, {""id"": ""v041"", ""organisation"": ""SeedTrade evidence review of official national seed authorities"", ""url"": null, ""retrieved_at"": ""2026-10-03"", ""checkpoint_sha256"": ""2b149594c48a1f0ed1de04f69835baffb4e671a04901a48a37aa88a52a7d4359"", ""scope"": ""Recovered V4.1 canonical IDs, bounded ranks, source taxon mapping and CN evidence; original checkpoint retained""}]"
beet-chard,Beet / chard; source crop types separate,Beta vulgaris,Beta vulgaris,vegetable-seeds,"[""CATCH_CROP"", ""COVER_CROP"", ""SEED_PRODUCTION""]",REVIEW_REQUIRED,PARTIAL,"[""1209""]","[""120910"", ""120929"", ""120991""]","[""12091000"", ""12092960"", ""12099130""]","[""120910"", ""120929"", ""120991""]",SOWING_SPECIFIC,"[""12091000"", ""12092960"", ""12099130""]",[],[],"[{""canonical_species_id"": ""beet-chard"", ""mapping_status"": ""CN_MAPPING_REVIEW_REQUIRED"", ""nomenclature_year"": 2026, ""cn4"": [], ""cn6"": [], ""cn8"": [], ""hs6"": [], ""hs6_scope"": ""Hierarchy only; no species/sowing proof"", ""sowing_seed"": {""usage"": ""SOWING_SEED"", ""verified_cn8"": [], ""limitation"": ""No confirmed sowing-specific code""}, ""non_sowing_commodity"": {""usage"": ""NON_SOWING_COMMODITY"", ""codes"": []}, ""official_descriptions"": [], ""source_url"": ""https://www.ksh.hu/docs/osztalyozasok/kn/kn2026_structure.xlsx"", ""source_organisation"": ""Hungarian Central Statistical Office"", ""retrieval_date"": ""2026-10-02"", ""notes"": [""Taxonomy alone does not establish this hybrid/crop-use/product-form customs classification; no residual code forced.""], ""historical_year_eligibility"": ""REVIEW_REQUIRED; no 2021–2025 tariff concordance inferred""}]","[{""year"": 2026, ""cn8"": ""12091000"", ""description"": ""Sugar beet seed, for sowing"", ""worksheet_row"": 1487, ""source_url"": ""https://www.ksh.hu/docs/osztalyozasok/kn/kn2026_structure.xlsx"", ""source_organisation"": ""Hungarian Central Statistical Office"", ""retrieval_date"": ""2026-10-04"", ""source_sha256"": ""083d065994fd2b41037aae21dc26087300a3a013e948e1884117abdd9d87ac56""}, {""year"": 2026, ""cn8"": ""12092960"", ""description"": ""Fodder beet seed \""Beta vulgaris var. alba\"", for sowing"", ""worksheet_row"": 1499, ""source_url"": ""https://www.ksh.hu/docs/osztalyozasok/kn/kn2026_structure.xlsx"", ""source_organisation"": ""Hungarian Central Statistical Office"", ""retrieval_date"": ""2026-10-04"", ""source_sha256"": ""083d065994fd2b41037aae21dc26087300a3a013e948e1884117abdd9d87ac56""}, {""year"": 2026, ""cn8"": ""12099130"", ""description"": ""Salad beet seed or beetroot seed \""Beta vulgaris var. conditiva\"", for sowing"", ""worksheet_row"": 1502, ""source_url"": ""https://www.ksh.hu/docs/osztalyozasok/kn/kn2026_structure.xlsx"", ""source_organisation"": ""Hungarian Central Statistical Office"", ""retrieval_date"": ""2026-10-04"", ""source_sha256"": ""083d065994fd2b41037aae21dc26087300a3a013e948e1884117abdd9d87ac56""}]",false,false,false,true,"{""12091000"": {""confirmed_2025"": true, ""description_unchanged"": true, ""confirmed_2024"": false}, ""12092960"": {""confirmed_2025"": true, ""description_unchanged"": true, ""confirmed_2024"": false}, ""12099130"": {""confirmed_2025"": true, ""description_unchanged"": true, ""confirmed_2024"": false}}",null,null,false,false,false,[],true,true,"Separate sugar, fodder and salad beet sowing classes for Beta vulgaris. Chard seed scope is not inferred; each customs class remains separate.",HIGH_FOR_BOUNDED_CUSTOMS_SCOPE,"[""Customs mapping is not evidence that the species contributed any amount to a group."", ""No interpolation, proportional allocation, species shares or supply signal."", ""Taxonomy and production datasets remain unchanged.""]","[{""id"": ""lfl"", ""organisation"": ""Bavarian State Research Center for Agriculture (LfL)"", ""url"": ""https://www.lfl.bayern.de/mam/cms07/publikationen/daten/informationen/greening-zwischenfruchtanbau-lfl-information-2018.pdf"", ""retrieved_at"": ""2026-10-03"", ""document"": ""Greening und Zwischenfruchtanbau, November 2018, Annex 1 pages 8–10"", ""scope"": ""Botanical names and catch-crop mixture use; historical permitted-species list, not current subsidy/legal eligibility or production evidence""}, {""id"": ""v041"", ""organisation"": ""SeedTrade evidence review of official national seed authorities"", ""url"": null, ""retrieved_at"": ""2026-10-03"", ""checkpoint_sha256"": ""2b149594c48a1f0ed1de04f69835baffb4e671a04901a48a37aa88a52a7d4359"", ""scope"": ""Recovered V4.1 canonical IDs, bounded ranks, source taxon mapping and CN evidence; original checkpoint retained""}]"
biserrula,Biserrula,Biserrula pelecinus,Biserrula pelecinus,forage-legumes,"[""SEED_PRODUCTION""]",GROUP_LEVEL,GROUP_LEVEL,"[""1209""]","[""120929""]","[""12092980""]","[""120929""]",SOWING_SPECIFIC,"[""12092980""]",[],"[""12092980""]","[{""canonical_species_id"": ""biserrula"", ""mapping_status"": ""CN_MAPPING_NOT_SPECIES_SPECIFIC"", ""nomenclature_year"": 2026, ""cn4"": [""1209""], ""cn6"": [""120929""], ""cn8"": [""12092980""], ""hs6"": [""120929""], ""hs6_scope"": ""Hierarchy only; no species/sowing proof"", ""sowing_seed"": {""usage"": ""SOWING_SEED"", ""verified_cn8"": [""12092980""], ""limitation"": ""Product type/use must fit the official description; not an observation-level trade-flow linkage""}, ""non_sowing_commodity"": {""usage"": ""NON_SOWING_COMMODITY"", ""codes"": []}, ""official_descriptions"": [{""cn8"": ""12092980"", ""description"": ""Seeds of forage plants, for sowing (excl. cereals and fodder beet seed \""Beta vulgaris var. alba\"", sugar beet seed, lucerne seed, clover \""Trifolium spp.\"" seed, fesque seed, Kentucky blue grass \""Poa pratensis L.\"" seed, ryegrass \""Lolium multiflorum lam., Lolium perenne L.\"" seed, Timothy grass seed, vetch seed, seeds of the genus Poa palustris L and Poa trivialis L., cocksfoot grass \""Dactylis glomerata L.\"" seed, bent grass \""Agrostis\"" seed and lupine seed)"", ""worksheet_row"": 1500}], ""source_url"": ""https://www.ksh.hu/docs/osztalyozasok/kn/kn2026_structure.xlsx"", ""source_organisation"": ""Hungarian Central Statistical Office"", ""retrieval_date"": ""2026-10-02"", ""notes"": [""Residual forage-plant heading supported by original official forage seed classification; product use must be confirmed. Not a species-specific tariff classification ruling.""], ""historical_year_eligibility"": ""REVIEW_REQUIRED; no 2021–2025 tariff concordance inferred""}]","[{""year"": 2026, ""cn8"": ""12092980"", ""description"": ""Seeds of forage plants, for sowing (excl. cereals and fodder beet seed \""Beta vulgaris var. alba\"", sugar beet seed, lucerne seed, clover \""Trifolium spp.\"" seed, fesque seed, Kentucky blue grass \""Poa pratensis L.\"" seed, ryegrass \""Lolium multiflorum lam., Lolium perenne L.\"" seed, Timothy grass seed, vetch seed, seeds of the genus Poa palustris L and Poa trivialis L., cocksfoot grass \""Dactylis glomerata L.\"" seed, bent grass \""Agrostis\"" seed and lupine seed)"", ""worksheet_row"": 1500, ""source_url"": ""https://www.ksh.hu/docs/osztalyozasok/kn/kn2026_structure.xlsx"", ""source_organisation"": ""Hungarian Central Statistical Office"", ""retrieval_date"": ""2026-10-04"", ""source_sha256"": ""083d065994fd2b41037aae21dc26087300a3a013e948e1884117abdd9d87ac56""}]",false,true,false,true,"{""12092980"": {""confirmed_2025"": true, ""description_unchanged"": true, ""confirmed_2024"": false}}",2025-01,2026-06,false,false,true,"[""12092980""]",true,true,Existing mapping audited against official 2026 denomination; original scope retained.,HIGH_FOR_BOUNDED_CUSTOMS_SCOPE,"[""Customs mapping is not evidence that the species contributed any amount to a group."", ""No interpolation, proportional allocation, species shares or supply signal."", ""Taxonomy and production datasets remain unchanged.""]","[{""id"": ""v041"", ""organisation"": ""SeedTrade evidence review of official national seed authorities"", ""url"": null, ""retrieved_at"": ""2026-10-03"", ""checkpoint_sha256"": ""2b149594c48a1f0ed1de04f69835baffb4e671a04901a48a37aa88a52a7d4359"", ""scope"": ""Recovered V4.1 canonical IDs, bounded ranks, source taxon mapping and CN evidence; original checkpoint retained""}]"
borage,Borage,Borago officinalis,Borago officinalis,herbs-specialty,"[""CATCH_CROP"", ""COVER_CROP""]",NOT_AVAILABLE,REVIEW_REQUIRED,[],[],[],[],REVIEW_REQUIRED,[],[],[],"[{""canonical_species_id"": ""borage"", ""mapping_status"": ""CN_MAPPING_NOT_AVAILABLE"", ""cn4"": [], ""cn6"": [], ""cn8"": [], ""hs6"": [], ""sowing_seed"": {""usage"": ""SOWING_SEED"", ""verified_cn8"": []}, ""non_sowing_commodity"": {""usage"": ""NON_SOWING_COMMODITY"", ""codes"": []}, ""source_url"": null, ""notes"": [""No species-specific CN mapping invented""]}]",[],false,false,null,false,{},null,null,false,false,false,[],false,true,End-use/customs-boundary ambiguity requires official classification evidence beyond botanical name or SeedTrade category. No trade activation.,LIMITED_OR_REVIEW,"[""Customs mapping is not evidence that the species contributed any amount to a group."", ""No interpolation, proportional allocation, species shares or supply signal."", ""Taxonomy and production datasets remain unchanged.""]","[{""id"": ""lfl"", ""organisation"": ""Bavarian State Research Center for Agriculture (LfL)"", ""url"": ""https://www.lfl.bayern.de/mam/cms07/publikationen/daten/informationen/greening-zwischenfruchtanbau-lfl-information-2018.pdf"", ""retrieved_at"": ""2026-10-03"", ""document"": ""Greening und Zwischenfruchtanbau, November 2018, Annex 1 pages 8–10"", ""scope"": ""Botanical names and catch-crop mixture use; historical permitted-species list, not current subsidy/legal eligibility or production evidence""}]"
ethiopian-mustard,Ethiopian mustard,Brassica carinata,Brassica carinata,brassica-seeds,"[""CATCH_CROP"", ""COVER_CROP""]",NOT_AVAILABLE,REVIEW_REQUIRED,[],[],[],[],REVIEW_REQUIRED,[],[],[],"[{""canonical_species_id"": ""ethiopian-mustard"", ""mapping_status"": ""CN_MAPPING_NOT_AVAILABLE"", ""cn4"": [], ""cn6"": [], ""cn8"": [], ""hs6"": [], ""sowing_seed"": {""usage"": ""SOWING_SEED"", ""verified_cn8"": []}, ""non_sowing_commodity"": {""usage"": ""NON_SOWING_COMMODITY"", ""codes"": []}, ""source_url"": null, ""notes"": [""No species-specific CN mapping invented""]}]",[],false,false,null,false,{},null,null,false,false,false,[],false,true,End-use/customs-boundary ambiguity requires official classification evidence beyond botanical name or SeedTrade category. No trade activation.,LIMITED_OR_REVIEW,"[""Customs mapping is not evidence that the species contributed any amount to a group."", ""No interpolation, proportional allocation, species shares or supply signal."", ""Taxonomy and production datasets remain unchanged.""]","[{""id"": ""lfl"", ""organisation"": ""Bavarian State Research Center for Agriculture (LfL)"", ""url"": ""https://www.lfl.bayern.de/mam/cms07/publikationen/daten/informationen/greening-zwischenfruchtanbau-lfl-information-2018.pdf"", ""retrieved_at"": ""2026-10-03"", ""document"": ""Greening und Zwischenfruchtanbau, November 2018, Annex 1 pages 8–10"", ""scope"": ""Botanical names and catch-crop mixture use; historical permitted-species list, not current subsidy/legal eligibility or production evidence""}]"
brown-mustard,Brown mustard,Brassica juncea,Brassica juncea,brassica-seeds,"[""CATCH_CROP"", ""COVER_CROP""]",GROUP_LEVEL,GROUP_LEVEL,"[""1207""]","[""120750""]","[""12075010""]","[""120750""]",SOWING_SPECIFIC,"[""12075010""]",[],"[""12075010""]","[{""canonical_species_id"": ""brown-mustard"", ""mapping_status"": ""CN_MAPPING_NOT_SPECIES_SPECIFIC"", ""nomenclature_year"": 2026, ""cn4"": [""1207""], ""cn6"": [""120750""], ""cn8"": [""12075010""], ""hs6"": [""120750""], ""hs6_scope"": ""Six-digit hierarchy only; not proof of species-specific or sowing-specific classification"", ""sowing_seed"": {""usage"": ""SOWING_SEED"", ""verified_cn8"": [""12075010""], ""limitation"": ""GROUP_SCOPE_ONLY""}, ""non_sowing_commodity"": {""usage"": ""NON_SOWING_COMMODITY"", ""codes"": [], ""recovered_note"": ""Mustard for oil/food may share heading"", ""note_semantics"": ""Historical non_sowing field often describes grouped classification, not an actual commodity code""}, ""official_descriptions"": [{""cn8"": ""12075010"", ""description"": ""Mustard seeds for sowing"", ""worksheet_row"": 1476}], ""source_url"": ""https://www.ksh.hu/docs/osztalyozasok/kn/kn2026_structure.xlsx"", ""source_organisation"": ""Hungarian Central Statistical Office"", ""retrieval_date"": ""2026-10-02"", ""notes"": [""Identity membership only; broad customs category never allocated to this species""], ""historical_year_eligibility"": ""REVIEW_REQUIRED; no 2021–2025 concordance inferred""}]","[{""year"": 2026, ""cn8"": ""12075010"", ""description"": ""Mustard seeds for sowing"", ""worksheet_row"": 1476, ""source_url"": ""https://www.ksh.hu/docs/osztalyozasok/kn/kn2026_structure.xlsx"", ""source_organisation"": ""Hungarian Central Statistical Office"", ""retrieval_date"": ""2026-10-04"", ""source_sha256"": ""083d065994fd2b41037aae21dc26087300a3a013e948e1884117abdd9d87ac56""}]",false,true,false,true,"{""12075010"": {""confirmed_2025"": true, ""description_unchanged"": true, ""confirmed_2024"": false}}",null,null,false,false,true,"[""12075010""]",false,true,Existing mapping audited against official 2026 denomination; original scope retained.,HIGH_FOR_BOUNDED_CUSTOMS_SCOPE,"[""Customs mapping is not evidence that the species contributed any amount to a group."", ""No interpolation, proportional allocation, species shares or supply signal."", ""Taxonomy and production datasets remain unchanged.""]","[{""id"": ""lfl"", ""organisation"": ""Bavarian State Research Center for Agriculture (LfL)"", ""url"": ""https://www.lfl.bayern.de/mam/cms07/publikationen/daten/informationen/greening-zwischenfruchtanbau-lfl-information-2018.pdf"", ""retrieved_at"": ""2026-10-03"", ""document"": ""Greening und Zwischenfruchtanbau, November 2018, Annex 1 pages 8–10"", ""scope"": ""Botanical names and catch-crop mixture use; historical permitted-species list, not current subsidy/legal eligibility or production evidence""}]"
rapeseed,Rapeseed / oilseed rape,Brassica napus,Brassica napus,oil-fibre-seeds,"[""CATCH_CROP"", ""COVER_CROP"", ""SEED_PRODUCTION""]",PARTIAL,PARTIAL,"[""1205""]","[""120510""]","[""12051010""]","[""120510""]",SOWING_SPECIFIC,"[""12051010""]",[],"[""12051010""]","[{""canonical_species_id"": ""rapeseed"", ""mapping_status"": ""CN_MAPPING_PARTIAL"", ""nomenclature_year"": 2026, ""cn4"": [""1205""], ""cn6"": [""120510""], ""cn8"": [""12051010""], ""hs6"": [""120510""], ""hs6_scope"": ""Hierarchy only; no species/sowing proof"", ""sowing_seed"": {""usage"": ""SOWING_SEED"", ""verified_cn8"": [""12051010""], ""limitation"": ""Product type/use must fit the official description; not an observation-level trade-flow linkage""}, ""non_sowing_commodity"": {""usage"": ""NON_SOWING_COMMODITY"", ""codes"": [""12051090""]}, ""official_descriptions"": [{""cn8"": ""12051010"", ""description"": ""Low erucic acid rape or colza seeds \""yielding a fixed oil which has an erucic acid content of < 2% and yielding a solid component of glucosinolates of < 30 micromoles/g\"", for sowing"", ""worksheet_row"": 1464}, {""cn8"": ""12051090"", ""description"": ""Low erucic rape or colza seeds \""yielding a fixed oil which has an erucic acid content of < 2% and yielding a solid component of glucosinolates of < 30 micromoles/g\"", whether or not broken (excl. for sowing)"", ""worksheet_row"": 1465}], ""source_url"": ""https://www.ksh.hu/docs/osztalyozasok/kn/kn2026_structure.xlsx"", ""source_organisation"": ""Hungarian Central Statistical Office"", ""retrieval_date"": ""2026-10-02"", ""notes"": [""Only the explicitly low-erucic sowing branch is represented; no erucic type inferred for any production observation. High-erucic mixed-use branch is not assigned.""], ""historical_year_eligibility"": ""REVIEW_REQUIRED; no 2021–2025 tariff concordance inferred""}]","[{""year"": 2026, ""cn8"": ""12051010"", ""description"": ""Low erucic acid rape or colza seeds \""yielding a fixed oil which has an erucic acid content of < 2% and yielding a solid component of glucosinolates of < 30 micromoles/g\"", for sowing"", ""worksheet_row"": 1464, ""source_url"": ""https://www.ksh.hu/docs/osztalyozasok/kn/kn2026_structure.xlsx"", ""source_organisation"": ""Hungarian Central Statistical Office"", ""retrieval_date"": ""2026-10-04"", ""source_sha256"": ""083d065994fd2b41037aae21dc26087300a3a013e948e1884117abdd9d87ac56""}]",false,false,false,true,"{""12051010"": {""confirmed_2025"": true, ""description_unchanged"": true, ""confirmed_2024"": false}}",null,null,false,false,false,[],true,true,Existing mapping audited against official 2026 denomination; original scope retained.,HIGH_FOR_BOUNDED_CUSTOMS_SCOPE,"[""Customs mapping is not evidence that the species contributed any amount to a group."", ""No interpolation, proportional allocation, species shares or supply signal."", ""Taxonomy and production datasets remain unchanged.""]","[{""id"": ""lfl"", ""organisation"": ""Bavarian State Research Center for Agriculture (LfL)"", ""url"": ""https://www.lfl.bayern.de/mam/cms07/publikationen/daten/informationen/greening-zwischenfruchtanbau-lfl-information-2018.pdf"", ""retrieved_at"": ""2026-10-03"", ""document"": ""Greening und Zwischenfruchtanbau, November 2018, Annex 1 pages 8–10"", ""scope"": ""Botanical names and catch-crop mixture use; historical permitted-species list, not current subsidy/legal eligibility or production evidence""}, {""id"": ""v041"", ""organisation"": ""SeedTrade evidence review of official national seed authorities"", ""url"": null, ""retrieved_at"": ""2026-10-03"", ""checkpoint_sha256"": ""2b149594c48a1f0ed1de04f69835baffb4e671a04901a48a37aa88a52a7d4359"", ""scope"": ""Recovered V4.1 canonical IDs, bounded ranks, source taxon mapping and CN evidence; original checkpoint retained""}]"
black-mustard,Black mustard,Brassica nigra,Brassica nigra,brassica-seeds,"[""CATCH_CROP"", ""COVER_CROP""]",GROUP_LEVEL,GROUP_LEVEL,"[""1207""]","[""120750""]","[""12075010""]","[""120750""]",SOWING_SPECIFIC,"[""12075010""]",[],"[""12075010""]","[{""canonical_species_id"": ""black-mustard"", ""mapping_status"": ""CN_MAPPING_NOT_SPECIES_SPECIFIC"", ""nomenclature_year"": 2026, ""cn4"": [""1207""], ""cn6"": [""120750""], ""cn8"": [""12075010""], ""hs6"": [""120750""], ""hs6_scope"": ""Six-digit hierarchy only; not proof of species-specific or sowing-specific classification"", ""sowing_seed"": {""usage"": ""SOWING_SEED"", ""verified_cn8"": [""12075010""], ""limitation"": ""GROUP_SCOPE_ONLY""}, ""non_sowing_commodity"": {""usage"": ""NON_SOWING_COMMODITY"", ""codes"": [], ""recovered_note"": ""Mustard for oil/food may share heading"", ""note_semantics"": ""Historical non_sowing field often describes grouped classification, not an actual commodity code""}, ""official_descriptions"": [{""cn8"": ""12075010"", ""description"": ""Mustard seeds for sowing"", ""worksheet_row"": 1476}], ""source_url"": ""https://www.ksh.hu/docs/osztalyozasok/kn/kn2026_structure.xlsx"", ""source_organisation"": ""Hungarian Central Statistical Office"", ""retrieval_date"": ""2026-10-02"", ""notes"": [""Identity membership only; broad customs category never allocated to this species""], ""historical_year_eligibility"": ""REVIEW_REQUIRED; no 2021–2025 concordance inferred""}]","[{""year"": 2026, ""cn8"": ""12075010"", ""description"": ""Mustard seeds for sowing"", ""worksheet_row"": 1476, ""source_url"": ""https://www.ksh.hu/docs/osztalyozasok/kn/kn2026_structure.xlsx"", ""source_organisation"": ""Hungarian Central Statistical Office"", ""retrieval_date"": ""2026-10-04"", ""source_sha256"": ""083d065994fd2b41037aae21dc26087300a3a013e948e1884117abdd9d87ac56""}]",false,true,false,true,"{""12075010"": {""confirmed_2025"": true, ""description_unchanged"": true, ""confirmed_2024"": false}}",null,null,false,false,true,"[""12075010""]",false,true,Existing mapping audited against official 2026 denomination; original scope retained.,HIGH_FOR_BOUNDED_CUSTOMS_SCOPE,"[""Customs mapping is not evidence that the species contributed any amount to a group."", ""No interpolation, proportional allocation, species shares or supply signal."", ""Taxonomy and production datasets remain unchanged.""]","[{""id"": ""lfl"", ""organisation"": ""Bavarian State Research Center for Agriculture (LfL)"", ""url"": ""https://www.lfl.bayern.de/mam/cms07/publikationen/daten/informationen/greening-zwischenfruchtanbau-lfl-information-2018.pdf"", ""retrieved_at"": ""2026-10-03"", ""document"": ""Greening und Zwischenfruchtanbau, November 2018, Annex 1 pages 8–10"", ""scope"": ""Botanical names and catch-crop mixture use; historical permitted-species list, not current subsidy/legal eligibility or production evidence""}]"
cabbage,Cabbage / kale / broccoli crop types,Brassica oleracea,Brassica oleracea,vegetable-seeds,"[""COVER_CROP"", ""VEGETABLE""]",NOT_AVAILABLE,GROUP_LEVEL,"[""1209""]","[""120991""]","[""12099180""]","[""120991""]",SOWING_SPECIFIC,"[""12099180""]",[],[],"[{""canonical_species_id"": ""cabbage"", ""mapping_status"": ""CN_MAPPING_NOT_AVAILABLE"", ""cn4"": [], ""cn6"": [], ""cn8"": [], ""hs6"": [], ""sowing_seed"": {""usage"": ""SOWING_SEED"", ""verified_cn8"": []}, ""non_sowing_commodity"": {""usage"": ""NON_SOWING_COMMODITY"", ""codes"": []}, ""source_url"": null, ""notes"": [""No species-specific CN mapping invented""]}]","[{""year"": 2026, ""cn8"": ""12099180"", ""description"": ""Vegetable seeds for sowing (excl. salad beet or beetroot \""Beta vulgaris var. conditiva\"")"", ""worksheet_row"": 1503, ""source_url"": ""https://www.ksh.hu/docs/osztalyozasok/kn/kn2026_structure.xlsx"", ""source_organisation"": ""Hungarian Central Statistical Office"", ""retrieval_date"": ""2026-10-04"", ""source_sha256"": ""083d065994fd2b41037aae21dc26087300a3a013e948e1884117abdd9d87ac56""}]",false,true,false,true,"{""12099180"": {""confirmed_2025"": true, ""description_unchanged"": true, ""confirmed_2024"": false}}",2025-01,2026-06,false,false,true,"[""12099180""]",false,true,"Vegetable sowing seed under 12099180, excluding beet and separately classified legumes, cereals, spices and oilseeds. This is a customs group, never species-specific trade. Original botanical identity and vegetable seed use are retained.",HIGH_FOR_BOUNDED_CUSTOMS_SCOPE,"[""Customs mapping is not evidence that the species contributed any amount to a group."", ""No interpolation, proportional allocation, species shares or supply signal."", ""Taxonomy and production datasets remain unchanged.""]","[{""id"": ""defra"", ""organisation"": ""Defra"", ""url"": ""https://www.gov.uk/guidance/how-to-do-the-sfi-actions-for-soils"", ""retrieved_at"": ""2026-10-03"", ""document"": ""Updated 2025-03-27; choosing a cover-crop mix and herbal ley"", ""scope"": ""Use examples; broader labels not automatically resolved to a species""}, {""id"": ""vegetables"", ""organisation"": ""European Union / EUR-Lex"", ""url"": ""https://eur-lex.europa.eu/legal-content/EN/TXT/?uri=CELEX:02002L0055-20220901"", ""retrieved_at"": ""2026-10-03"", ""document"": ""2002/55/EC Article 2(1)(b), consolidation 2022-09-01"", ""scope"": ""Seed-market identities; cultivar groups not separate species. Current 2024-12-24 consolidation identified but anti-bot blocked; no claim of current legal eligibility""}]"
turnip-rape,Turnip rape; source-reported scope,Brassica rapa,Brassica rapa,oil-fibre-seeds,"[""CATCH_CROP"", ""COVER_CROP"", ""SEED_PRODUCTION""]",PARTIAL,PARTIAL,"[""1205""]","[""120510""]","[""12051010""]","[""120510""]",SOWING_SPECIFIC,"[""12051010""]",[],"[""12051010""]","[{""canonical_species_id"": ""turnip-rape"", ""mapping_status"": ""CN_MAPPING_PARTIAL"", ""nomenclature_year"": 2026, ""cn4"": [""1205""], ""cn6"": [""120510""], ""cn8"": [""12051010""], ""hs6"": [""120510""], ""hs6_scope"": ""Hierarchy only; no species/sowing proof"", ""sowing_seed"": {""usage"": ""SOWING_SEED"", ""verified_cn8"": [""12051010""], ""limitation"": ""Product type/use must fit the official description; not an observation-level trade-flow linkage""}, ""non_sowing_commodity"": {""usage"": ""NON_SOWING_COMMODITY"", ""codes"": [""12051090""]}, ""official_descriptions"": [{""cn8"": ""12051010"", ""description"": ""Low erucic acid rape or colza seeds \""yielding a fixed oil which has an erucic acid content of < 2% and yielding a solid component of glucosinolates of < 30 micromoles/g\"", for sowing"", ""worksheet_row"": 1464}, {""cn8"": ""12051090"", ""description"": ""Low erucic rape or colza seeds \""yielding a fixed oil which has an erucic acid content of < 2% and yielding a solid component of glucosinolates of < 30 micromoles/g\"", whether or not broken (excl. for sowing)"", ""worksheet_row"": 1465}], ""source_url"": ""https://www.ksh.hu/docs/osztalyozasok/kn/kn2026_structure.xlsx"", ""source_organisation"": ""Hungarian Central Statistical Office"", ""retrieval_date"": ""2026-10-02"", ""notes"": [""Only the explicitly low-erucic sowing branch is represented; no erucic type inferred for any production observation. High-erucic mixed-use branch is not assigned.""], ""historical_year_eligibility"": ""REVIEW_REQUIRED; no 2021–2025 tariff concordance inferred""}]","[{""year"": 2026, ""cn8"": ""12051010"", ""description"": ""Low erucic acid rape or colza seeds \""yielding a fixed oil which has an erucic acid content of < 2% and yielding a solid component of glucosinolates of < 30 micromoles/g\"", for sowing"", ""worksheet_row"": 1464, ""source_url"": ""https://www.ksh.hu/docs/osztalyozasok/kn/kn2026_structure.xlsx"", ""source_organisation"": ""Hungarian Central Statistical Office"", ""retrieval_date"": ""2026-10-04"", ""source_sha256"": ""083d065994fd2b41037aae21dc26087300a3a013e948e1884117abdd9d87ac56""}]",false,false,false,true,"{""12051010"": {""confirmed_2025"": true, ""description_unchanged"": true, ""confirmed_2024"": false}}",null,null,false,false,false,[],true,true,Existing mapping audited against official 2026 denomination; original scope retained.,HIGH_FOR_BOUNDED_CUSTOMS_SCOPE,"[""Customs mapping is not evidence that the species contributed any amount to a group."", ""No interpolation, proportional allocation, species shares or supply signal."", ""Taxonomy and production datasets remain unchanged.""]","[{""id"": ""lfl"", ""organisation"": ""Bavarian State Research Center for Agriculture (LfL)"", ""url"": ""https://www.lfl.bayern.de/mam/cms07/publikationen/daten/informationen/greening-zwischenfruchtanbau-lfl-information-2018.pdf"", ""retrieved_at"": ""2026-10-03"", ""document"": ""Greening und Zwischenfruchtanbau, November 2018, Annex 1 pages 8–10"", ""scope"": ""Botanical names and catch-crop mixture use; historical permitted-species list, not current subsidy/legal eligibility or production evidence""}, {""id"": ""v041"", ""organisation"": ""SeedTrade evidence review of official national seed authorities"", ""url"": null, ""retrieved_at"": ""2026-10-03"", ""checkpoint_sha256"": ""2b149594c48a1f0ed1de04f69835baffb4e671a04901a48a37aa88a52a7d4359"", ""scope"": ""Recovered V4.1 canonical IDs, bounded ranks, source taxon mapping and CN evidence; original checkpoint retained""}]"
camelina,Camelina,Camelina sativa,Camelina sativa,oil-fibre-seeds,"[""CATCH_CROP"", ""COVER_CROP"", ""SEED_PRODUCTION""]",REVIEW_REQUIRED,GROUP_LEVEL,"[""1207""]","[""120799""]","[""12079920""]","[""120799""]",SOWING_SPECIFIC,"[""12079920""]",[],[],"[{""canonical_species_id"": ""camelina"", ""mapping_status"": ""CN_MAPPING_REVIEW_REQUIRED"", ""nomenclature_year"": 2026, ""cn4"": [], ""cn6"": [], ""cn8"": [], ""hs6"": [], ""hs6_scope"": ""Hierarchy only; no species/sowing proof"", ""sowing_seed"": {""usage"": ""SOWING_SEED"", ""verified_cn8"": [], ""limitation"": ""No confirmed sowing-specific code""}, ""non_sowing_commodity"": {""usage"": ""NON_SOWING_COMMODITY"", ""codes"": []}, ""official_descriptions"": [], ""source_url"": ""https://www.ksh.hu/docs/osztalyozasok/kn/kn2026_structure.xlsx"", ""source_organisation"": ""Hungarian Central Statistical Office"", ""retrieval_date"": ""2026-10-02"", ""notes"": [""Taxonomy alone does not establish this hybrid/crop-use/product-form customs classification; no residual code forced.""], ""historical_year_eligibility"": ""REVIEW_REQUIRED; no 2021–2025 tariff concordance inferred""}]","[{""year"": 2026, ""cn8"": ""12079920"", ""description"": ""Oil seeds and oleaginous fruits, for sowing (excl. edible nuts, olives, soya beans, groundnuts, copra, linseed, rape or colza seeds, sunflower seeds, palm nuts and kernels, cotton, castor oil, sesamum, mustard, safflower, melon and poppy seeds)"", ""worksheet_row"": 1482, ""source_url"": ""https://www.ksh.hu/docs/osztalyozasok/kn/kn2026_structure.xlsx"", ""source_organisation"": ""Hungarian Central Statistical Office"", ""retrieval_date"": ""2026-10-04"", ""source_sha256"": ""083d065994fd2b41037aae21dc26087300a3a013e948e1884117abdd9d87ac56""}]",false,true,false,true,"{""12079920"": {""confirmed_2025"": true, ""description_unchanged"": true, ""confirmed_2024"": false}}",null,null,false,false,false,[],true,true,"Other oil seeds for sowing, after named exclusions. Camelina sativa is an oilseed; no species share is calculated.",HIGH_FOR_BOUNDED_CUSTOMS_SCOPE,"[""Customs mapping is not evidence that the species contributed any amount to a group."", ""No interpolation, proportional allocation, species shares or supply signal."", ""Taxonomy and production datasets remain unchanged.""]","[{""id"": ""lfl"", ""organisation"": ""Bavarian State Research Center for Agriculture (LfL)"", ""url"": ""https://www.lfl.bayern.de/mam/cms07/publikationen/daten/informationen/greening-zwischenfruchtanbau-lfl-information-2018.pdf"", ""retrieved_at"": ""2026-10-03"", ""document"": ""Greening und Zwischenfruchtanbau, November 2018, Annex 1 pages 8–10"", ""scope"": ""Botanical names and catch-crop mixture use; historical permitted-species list, not current subsidy/legal eligibility or production evidence""}, {""id"": ""v041"", ""organisation"": ""SeedTrade evidence review of official national seed authorities"", ""url"": null, ""retrieved_at"": ""2026-10-03"", ""checkpoint_sha256"": ""2b149594c48a1f0ed1de04f69835baffb4e671a04901a48a37aa88a52a7d4359"", ""scope"": ""Recovered V4.1 canonical IDs, bounded ranks, source taxon mapping and CN evidence; original checkpoint retained""}]"
hemp,Hemp,Cannabis sativa,Cannabis sativa,oil-fibre-seeds,"[""SEED_PRODUCTION""]",GROUP_LEVEL,GROUP_LEVEL,"[""1207""]","[""120799""]","[""12079920""]","[""120799""]",SOWING_SPECIFIC,"[""12079920""]",[],"[""12079920""]","[{""canonical_species_id"": ""hemp"", ""mapping_status"": ""CN_MAPPING_NOT_SPECIES_SPECIFIC"", ""nomenclature_year"": 2026, ""cn4"": [""1207""], ""cn6"": [""120799""], ""cn8"": [""12079920""], ""hs6"": [""120799""], ""hs6_scope"": ""Six-digit hierarchy only; not proof of species-specific or sowing-specific classification"", ""sowing_seed"": {""usage"": ""SOWING_SEED"", ""verified_cn8"": [""12079920""], ""limitation"": null}, ""non_sowing_commodity"": {""usage"": ""NON_SOWING_COMMODITY"", ""codes"": [""12079991""], ""recovered_note"": ""Food/oil hemp seed may share heading"", ""note_semantics"": ""Historical non_sowing field often describes grouped classification, not an actual commodity code""}, ""official_descriptions"": [{""cn8"": ""12079920"", ""description"": ""Oil seeds and oleaginous fruits, for sowing (excl. edible nuts, olives, soya beans, groundnuts, copra, linseed, rape or colza seeds, sunflower seeds, palm nuts and kernels, cotton, castor oil, sesamum, mustard, safflower, melon and poppy seeds)"", ""worksheet_row"": 1482}], ""source_url"": ""https://www.ksh.hu/docs/osztalyozasok/kn/kn2026_structure.xlsx"", ""source_organisation"": ""Hungarian Central Statistical Office"", ""retrieval_date"": ""2026-10-02"", ""notes"": [""12079920 is a multi-species residual sowing category; not hemp-specific.""], ""historical_year_eligibility"": ""REVIEW_REQUIRED; no 2021–2025 concordance inferred""}]","[{""year"": 2026, ""cn8"": ""12079920"", ""description"": ""Oil seeds and oleaginous fruits, for sowing (excl. edible nuts, olives, soya beans, groundnuts, copra, linseed, rape or colza seeds, sunflower seeds, palm nuts and kernels, cotton, castor oil, sesamum, mustard, safflower, melon and poppy seeds)"", ""worksheet_row"": 1482, ""source_url"": ""https://www.ksh.hu/docs/osztalyozasok/kn/kn2026_structure.xlsx"", ""source_organisation"": ""Hungarian Central Statistical Office"", ""retrieval_date"": ""2026-10-04"", ""source_sha256"": ""083d065994fd2b41037aae21dc26087300a3a013e948e1884117abdd9d87ac56""}]",false,true,false,true,"{""12079920"": {""confirmed_2025"": true, ""description_unchanged"": true, ""confirmed_2024"": false}}",null,null,false,false,false,[],true,true,Existing mapping audited against official 2026 denomination; original scope retained.,HIGH_FOR_BOUNDED_CUSTOMS_SCOPE,"[""Customs mapping is not evidence that the species contributed any amount to a group."", ""No interpolation, proportional allocation, species shares or supply signal."", ""Taxonomy and production datasets remain unchanged.""]","[{""id"": ""v041"", ""organisation"": ""SeedTrade evidence review of official national seed authorities"", ""url"": null, ""retrieved_at"": ""2026-10-03"", ""checkpoint_sha256"": ""2b149594c48a1f0ed1de04f69835baffb4e671a04901a48a37aa88a52a7d4359"", ""scope"": ""Recovered V4.1 canonical IDs, bounded ranks, source taxon mapping and CN evidence; original checkpoint retained""}]"
pepper,Pepper,Capsicum annuum,Capsicum annuum,vegetable-seeds,"[""SEED_PRODUCTION""]",GROUP_LEVEL,GROUP_LEVEL,"[""1209""]","[""120991""]","[""12099180""]","[""120991""]",SOWING_SPECIFIC,"[""12099180""]",[],"[""12099180""]","[{""canonical_species_id"": ""pepper"", ""mapping_status"": ""CN_MAPPING_NOT_SPECIES_SPECIFIC"", ""nomenclature_year"": 2026, ""cn4"": [""1209""], ""cn6"": [""120991""], ""cn8"": [""12099180""], ""hs6"": [""120991""], ""hs6_scope"": ""Hierarchy only; no species/sowing proof"", ""sowing_seed"": {""usage"": ""SOWING_SEED"", ""verified_cn8"": [""12099180""], ""limitation"": ""Product type/use must fit the official description; not an observation-level trade-flow linkage""}, ""non_sowing_commodity"": {""usage"": ""NON_SOWING_COMMODITY"", ""codes"": []}, ""official_descriptions"": [{""cn8"": ""12099180"", ""description"": ""Vegetable seeds for sowing (excl. salad beet or beetroot \""Beta vulgaris var. conditiva\"")"", ""worksheet_row"": 1503}], ""source_url"": ""https://www.ksh.hu/docs/osztalyozasok/kn/kn2026_structure.xlsx"", ""source_organisation"": ""Hungarian Central Statistical Office"", ""retrieval_date"": ""2026-10-02"", ""notes"": [], ""historical_year_eligibility"": ""REVIEW_REQUIRED; no 2021–2025 tariff concordance inferred""}]","[{""year"": 2026, ""cn8"": ""12099180"", ""description"": ""Vegetable seeds for sowing (excl. salad beet or beetroot \""Beta vulgaris var. conditiva\"")"", ""worksheet_row"": 1503, ""source_url"": ""https://www.ksh.hu/docs/osztalyozasok/kn/kn2026_structure.xlsx"", ""source_organisation"": ""Hungarian Central Statistical Office"", ""retrieval_date"": ""2026-10-04"", ""source_sha256"": ""083d065994fd2b41037aae21dc26087300a3a013e948e1884117abdd9d87ac56""}]",false,true,false,true,"{""12099180"": {""confirmed_2025"": true, ""description_unchanged"": true, ""confirmed_2024"": false}}",2025-01,2026-06,false,false,true,"[""12099180""]",true,true,Existing mapping audited against official 2026 denomination; original scope retained.,HIGH_FOR_BOUNDED_CUSTOMS_SCOPE,"[""Customs mapping is not evidence that the species contributed any amount to a group."", ""No interpolation, proportional allocation, species shares or supply signal."", ""Taxonomy and production datasets remain unchanged.""]","[{""id"": ""v041"", ""organisation"": ""SeedTrade evidence review of official national seed authorities"", ""url"": null, ""retrieved_at"": ""2026-10-03"", ""checkpoint_sha256"": ""2b149594c48a1f0ed1de04f69835baffb4e671a04901a48a37aa88a52a7d4359"", ""scope"": ""Recovered V4.1 canonical IDs, bounded ranks, source taxon mapping and CN evidence; original checkpoint retained""}]"
safflower,Safflower,Carthamus tinctorius,Carthamus tinctorius,oil-fibre-seeds,"[""CATCH_CROP"", ""COVER_CROP"", ""SEED_PRODUCTION""]",PARTIAL,NOT_AVAILABLE,[],[],[],[],NOT_SOWING_SPECIFIC,[],"[""12076000""]","[""12076000""]","[{""canonical_species_id"": ""safflower"", ""mapping_status"": ""CN_MAPPING_PARTIAL"", ""nomenclature_year"": 2026, ""cn4"": [""1207""], ""cn6"": [""120760""], ""cn8"": [""12076000""], ""hs6"": [""120760""], ""hs6_scope"": ""Hierarchy only; no species/sowing proof"", ""sowing_seed"": {""usage"": ""SOWING_SEED"", ""verified_cn8"": [], ""limitation"": ""No confirmed sowing-specific code""}, ""non_sowing_commodity"": {""usage"": ""NON_SOWING_COMMODITY"", ""codes"": []}, ""official_descriptions"": [{""cn8"": ""12076000"", ""description"": ""Safflower \""Carthamus tinctorius\"" seeds"", ""worksheet_row"": 1478}], ""source_url"": ""https://www.ksh.hu/docs/osztalyozasok/kn/kn2026_structure.xlsx"", ""source_organisation"": ""Hungarian Central Statistical Office"", ""retrieval_date"": ""2026-10-02"", ""notes"": [""Named product heading does not distinguish sowing from other uses; mixed-use codes never appear as verified sowing or non-sowing codes.""], ""historical_year_eligibility"": ""REVIEW_REQUIRED; no 2021–2025 tariff concordance inferred""}]",[],false,false,null,false,{},null,null,false,false,false,[],true,true,Official denomination does not isolate sowing use. Commodity codes retained in audit only; never activated.,LIMITED_OR_REVIEW,"[""Customs mapping is not evidence that the species contributed any amount to a group."", ""No interpolation, proportional allocation, species shares or supply signal."", ""Taxonomy and production datasets remain unchanged.""]","[{""id"": ""lfl"", ""organisation"": ""Bavarian State Research Center for Agriculture (LfL)"", ""url"": ""https://www.lfl.bayern.de/mam/cms07/publikationen/daten/informationen/greening-zwischenfruchtanbau-lfl-information-2018.pdf"", ""retrieved_at"": ""2026-10-03"", ""document"": ""Greening und Zwischenfruchtanbau, November 2018, Annex 1 pages 8–10"", ""scope"": ""Botanical names and catch-crop mixture use; historical permitted-species list, not current subsidy/legal eligibility or production evidence""}, {""id"": ""v041"", ""organisation"": ""SeedTrade evidence review of official national seed authorities"", ""url"": null, ""retrieved_at"": ""2026-10-03"", ""checkpoint_sha256"": ""2b149594c48a1f0ed1de04f69835baffb4e671a04901a48a37aa88a52a7d4359"", ""scope"": ""Recovered V4.1 canonical IDs, bounded ranks, source taxon mapping and CN evidence; original checkpoint retained""}]"
caraway,Caraway,Carum carvi,Carum carvi,herbs-specialty,"[""CATCH_CROP"", ""COVER_CROP"", ""SEED_PRODUCTION""]",PARTIAL,NOT_AVAILABLE,[],[],[],[],NOT_SOWING_SPECIFIC,[],"[""09096100""]",[],"[{""canonical_species_id"": ""caraway"", ""mapping_status"": ""CN_MAPPING_PARTIAL"", ""nomenclature_year"": 2026, ""cn4"": [""0909""], ""cn6"": [""090961""], ""cn8"": [], ""hs6"": [""090961""], ""hs6_scope"": ""Six-digit hierarchy only; not proof of species-specific or sowing-specific classification"", ""sowing_seed"": {""usage"": ""SOWING_SEED"", ""verified_cn8"": [], ""limitation"": ""No confirmed sowing-specific CN8""}, ""non_sowing_commodity"": {""usage"": ""NON_SOWING_COMMODITY"", ""codes"": [], ""recovered_note"": ""Spice seed and sowing seed require separation"", ""note_semantics"": ""Historical non_sowing field often describes grouped classification, not an actual commodity code""}, ""official_descriptions"": [], ""source_url"": ""https://www.ksh.hu/docs/osztalyozasok/kn/kn2026_structure.xlsx"", ""source_organisation"": ""Hungarian Central Statistical Office"", ""retrieval_date"": ""2026-10-02"", ""notes"": [""09096100 includes caraway among several spices without sowing-use separation; not a confirmed sowing code.""], ""historical_year_eligibility"": ""REVIEW_REQUIRED; no 2021–2025 concordance inferred""}]",[],false,false,null,false,{},null,null,false,false,false,[],true,true,Official denomination does not isolate sowing use. Commodity codes retained in audit only; never activated.,LIMITED_OR_REVIEW,"[""Customs mapping is not evidence that the species contributed any amount to a group."", ""No interpolation, proportional allocation, species shares or supply signal."", ""Taxonomy and production datasets remain unchanged.""]","[{""id"": ""lfl"", ""organisation"": ""Bavarian State Research Center for Agriculture (LfL)"", ""url"": ""https://www.lfl.bayern.de/mam/cms07/publikationen/daten/informationen/greening-zwischenfruchtanbau-lfl-information-2018.pdf"", ""retrieved_at"": ""2026-10-03"", ""document"": ""Greening und Zwischenfruchtanbau, November 2018, Annex 1 pages 8–10"", ""scope"": ""Botanical names and catch-crop mixture use; historical permitted-species list, not current subsidy/legal eligibility or production evidence""}, {""id"": ""v041"", ""organisation"": ""SeedTrade evidence review of official national seed authorities"", ""url"": null, ""retrieved_at"": ""2026-10-03"", ""checkpoint_sha256"": ""2b149594c48a1f0ed1de04f69835baffb4e671a04901a48a37aa88a52a7d4359"", ""scope"": ""Recovered V4.1 canonical IDs, bounded ranks, source taxon mapping and CN evidence; original checkpoint retained""}]"
quinoa,Quinoa,Chenopodium quinoa,Chenopodium quinoa,cereals-pseudocereals,"[""COVER_CROP""]",NOT_AVAILABLE,NOT_AVAILABLE,[],[],[],[],NOT_SOWING_SPECIFIC,[],"[""10085000""]",[],"[{""canonical_species_id"": ""quinoa"", ""mapping_status"": ""CN_MAPPING_NOT_AVAILABLE"", ""cn4"": [], ""cn6"": [], ""cn8"": [], ""hs6"": [], ""sowing_seed"": {""usage"": ""SOWING_SEED"", ""verified_cn8"": []}, ""non_sowing_commodity"": {""usage"": ""NON_SOWING_COMMODITY"", ""codes"": []}, ""source_url"": null, ""notes"": [""No species-specific CN mapping invented""]}]",[],false,false,null,false,{},null,null,false,false,false,[],false,true,Official denomination does not isolate sowing use. Commodity codes retained in audit only; never activated.,LIMITED_OR_REVIEW,"[""Customs mapping is not evidence that the species contributed any amount to a group."", ""No interpolation, proportional allocation, species shares or supply signal."", ""Taxonomy and production datasets remain unchanged.""]","[{""id"": ""quinoa"", ""organisation"": ""Walloon Government / WALLEX"", ""url"": ""https://wallex.wallonie.be/eli/arrete/2023/02/23/2023042741/2026/01/01"", ""retrieved_at"": ""2026-10-03"", ""scope"": ""Annex 1 quinoa botanical identity and sowing-market relevance; not certified-seed production statistics""}, {""id"": ""quinoa-cover"", ""organisation"": ""Welsh Government"", ""url"": ""https://www.gov.wales/growing-environment-rules-booklet-window-8-html"", ""retrieved_at"": ""2026-10-03"", ""scope"": ""Wildlife cover-crop examples include quinoa and chicory; does not establish catch-crop status""}]"
chickpea,Chickpea,Cicer arietinum,Cicer arietinum,grain-legumes,"[""SEED_PRODUCTION""]",PARTIAL,NOT_AVAILABLE,[],[],[],[],NOT_SOWING_SPECIFIC,[],"[""07132000""]","[""07132000""]","[{""canonical_species_id"": ""chickpea"", ""mapping_status"": ""CN_MAPPING_PARTIAL"", ""nomenclature_year"": 2026, ""cn4"": [""0713""], ""cn6"": [""071320""], ""cn8"": [""07132000""], ""hs6"": [""071320""], ""hs6_scope"": ""Hierarchy only; no species/sowing proof"", ""sowing_seed"": {""usage"": ""SOWING_SEED"", ""verified_cn8"": [], ""limitation"": ""No confirmed sowing-specific code""}, ""non_sowing_commodity"": {""usage"": ""NON_SOWING_COMMODITY"", ""codes"": []}, ""official_descriptions"": [{""cn8"": ""07132000"", ""description"": ""Dried, shelled chickpeas \""garbanzos\"", whether or not skinned or split"", ""worksheet_row"": 1122}], ""source_url"": ""https://www.ksh.hu/docs/osztalyozasok/kn/kn2026_structure.xlsx"", ""source_organisation"": ""Hungarian Central Statistical Office"", ""retrieval_date"": ""2026-10-02"", ""notes"": [""Named product heading does not distinguish sowing from other uses; mixed-use codes never appear as verified sowing or non-sowing codes.""], ""historical_year_eligibility"": ""REVIEW_REQUIRED; no 2021–2025 tariff concordance inferred""}]",[],false,false,null,false,{},null,null,false,false,false,[],true,true,Official denomination does not isolate sowing use. Commodity codes retained in audit only; never activated.,LIMITED_OR_REVIEW,"[""Customs mapping is not evidence that the species contributed any amount to a group."", ""No interpolation, proportional allocation, species shares or supply signal."", ""Taxonomy and production datasets remain unchanged.""]","[{""id"": ""v041"", ""organisation"": ""SeedTrade evidence review of official national seed authorities"", ""url"": null, ""retrieved_at"": ""2026-10-03"", ""checkpoint_sha256"": ""2b149594c48a1f0ed1de04f69835baffb4e671a04901a48a37aa88a52a7d4359"", ""scope"": ""Recovered V4.1 canonical IDs, bounded ranks, source taxon mapping and CN evidence; original checkpoint retained""}]"
endive,Endive,Cichorium endivia,Cichorium endivia,vegetable-seeds,"[""VEGETABLE""]",NOT_AVAILABLE,GROUP_LEVEL,"[""1209""]","[""120991""]","[""12099180""]","[""120991""]",SOWING_SPECIFIC,"[""12099180""]",[],[],"[{""canonical_species_id"": ""endive"", ""mapping_status"": ""CN_MAPPING_NOT_AVAILABLE"", ""cn4"": [], ""cn6"": [], ""cn8"": [], ""hs6"": [], ""sowing_seed"": {""usage"": ""SOWING_SEED"", ""verified_cn8"": []}, ""non_sowing_commodity"": {""usage"": ""NON_SOWING_COMMODITY"", ""codes"": []}, ""source_url"": null, ""notes"": [""No species-specific CN mapping invented""]}]","[{""year"": 2026, ""cn8"": ""12099180"", ""description"": ""Vegetable seeds for sowing (excl. salad beet or beetroot \""Beta vulgaris var. conditiva\"")"", ""worksheet_row"": 1503, ""source_url"": ""https://www.ksh.hu/docs/osztalyozasok/kn/kn2026_structure.xlsx"", ""source_organisation"": ""Hungarian Central Statistical Office"", ""retrieval_date"": ""2026-10-04"", ""source_sha256"": ""083d065994fd2b41037aae21dc26087300a3a013e948e1884117abdd9d87ac56""}]",false,true,false,true,"{""12099180"": {""confirmed_2025"": true, ""description_unchanged"": true, ""confirmed_2024"": false}}",2025-01,2026-06,false,false,true,"[""12099180""]",false,true,"Vegetable sowing seed under 12099180, excluding beet and separately classified legumes, cereals, spices and oilseeds. This is a customs group, never species-specific trade. Original botanical identity and vegetable seed use are retained.",HIGH_FOR_BOUNDED_CUSTOMS_SCOPE,"[""Customs mapping is not evidence that the species contributed any amount to a group."", ""No interpolation, proportional allocation, species shares or supply signal."", ""Taxonomy and production datasets remain unchanged.""]","[{""id"": ""vegetables"", ""organisation"": ""European Union / EUR-Lex"", ""url"": ""https://eur-lex.europa.eu/legal-content/EN/TXT/?uri=CELEX:02002L0055-20220901"", ""retrieved_at"": ""2026-10-03"", ""document"": ""2002/55/EC Article 2(1)(b), consolidation 2022-09-01"", ""scope"": ""Seed-market identities; cultivar groups not separate species. Current 2024-12-24 consolidation identified but anti-bot blocked; no claim of current legal eligibility""}]"
chicory,Chicory,Cichorium intybus,Cichorium intybus,vegetable-seeds,"[""COVER_CROP"", ""FORAGE"", ""VEGETABLE""]",NOT_AVAILABLE,GROUP_LEVEL,"[""1209""]","[""120991""]","[""12099180""]","[""120991""]",SOWING_SPECIFIC,"[""12099180""]",[],[],"[{""canonical_species_id"": ""chicory"", ""mapping_status"": ""CN_MAPPING_NOT_AVAILABLE"", ""cn4"": [], ""cn6"": [], ""cn8"": [], ""hs6"": [], ""sowing_seed"": {""usage"": ""SOWING_SEED"", ""verified_cn8"": []}, ""non_sowing_commodity"": {""usage"": ""NON_SOWING_COMMODITY"", ""codes"": []}, ""source_url"": null, ""notes"": [""No species-specific CN mapping invented""]}]","[{""year"": 2026, ""cn8"": ""12099180"", ""description"": ""Vegetable seeds for sowing (excl. salad beet or beetroot \""Beta vulgaris var. conditiva\"")"", ""worksheet_row"": 1503, ""source_url"": ""https://www.ksh.hu/docs/osztalyozasok/kn/kn2026_structure.xlsx"", ""source_organisation"": ""Hungarian Central Statistical Office"", ""retrieval_date"": ""2026-10-04"", ""source_sha256"": ""083d065994fd2b41037aae21dc26087300a3a013e948e1884117abdd9d87ac56""}]",false,true,false,true,"{""12099180"": {""confirmed_2025"": true, ""description_unchanged"": true, ""confirmed_2024"": false}}",2025-01,2026-06,false,false,true,"[""12099180""]",false,true,"Vegetable sowing seed under 12099180, excluding beet and separately classified legumes, cereals, spices and oilseeds. This is a customs group, never species-specific trade. Original botanical identity and vegetable seed use are retained.",HIGH_FOR_BOUNDED_CUSTOMS_SCOPE,"[""Customs mapping is not evidence that the species contributed any amount to a group."", ""No interpolation, proportional allocation, species shares or supply signal."", ""Taxonomy and production datasets remain unchanged.""]","[{""id"": ""defra"", ""organisation"": ""Defra"", ""url"": ""https://www.gov.uk/guidance/how-to-do-the-sfi-actions-for-soils"", ""retrieved_at"": ""2026-10-03"", ""document"": ""Updated 2025-03-27; choosing a cover-crop mix and herbal ley"", ""scope"": ""Use examples; broader labels not automatically resolved to a species""}, {""id"": ""quinoa-cover"", ""organisation"": ""Welsh Government"", ""url"": ""https://www.gov.wales/growing-environment-rules-booklet-window-8-html"", ""retrieved_at"": ""2026-10-03"", ""scope"": ""Wildlife cover-crop examples include quinoa and chicory; does not establish catch-crop status""}, {""id"": ""vegetables"", ""organisation"": ""European Union / EUR-Lex"", ""url"": ""https://eur-lex.europa.eu/legal-content/EN/TXT/?uri=CELEX:02002L0055-20220901"", ""retrieved_at"": ""2026-10-03"", ""document"": ""2002/55/EC Article 2(1)(b), consolidation 2022-09-01"", ""scope"": ""Seed-market identities; cultivar groups not separate species. Current 2024-12-24 consolidation identified but anti-bot blocked; no claim of current legal eligibility""}]"
watermelon,Watermelon,Citrullus lanatus,Citrullus lanatus,vegetable-seeds,"[""VEGETABLE""]",NOT_AVAILABLE,REVIEW_REQUIRED,[],[],[],[],REVIEW_REQUIRED,[],[],[],"[{""canonical_species_id"": ""watermelon"", ""mapping_status"": ""CN_MAPPING_NOT_AVAILABLE"", ""cn4"": [], ""cn6"": [], ""cn8"": [], ""hs6"": [], ""sowing_seed"": {""usage"": ""SOWING_SEED"", ""verified_cn8"": []}, ""non_sowing_commodity"": {""usage"": ""NON_SOWING_COMMODITY"", ""codes"": []}, ""source_url"": null, ""notes"": [""No species-specific CN mapping invented""]}]",[],false,false,null,false,{},null,null,false,false,false,[],false,true,End-use/customs-boundary ambiguity requires official classification evidence beyond botanical name or SeedTrade category. No trade activation.,LIMITED_OR_REVIEW,"[""Customs mapping is not evidence that the species contributed any amount to a group."", ""No interpolation, proportional allocation, species shares or supply signal."", ""Taxonomy and production datasets remain unchanged.""]","[{""id"": ""vegetables"", ""organisation"": ""European Union / EUR-Lex"", ""url"": ""https://eur-lex.europa.eu/legal-content/EN/TXT/?uri=CELEX:02002L0055-20220901"", ""retrieved_at"": ""2026-10-03"", ""document"": ""2002/55/EC Article 2(1)(b), consolidation 2022-09-01"", ""scope"": ""Seed-market identities; cultivar groups not separate species. Current 2024-12-24 consolidation identified but anti-bot blocked; no claim of current legal eligibility""}]"
coriander,Coriander,Coriandrum sativum,Coriandrum sativum,herbs-specialty,"[""CATCH_CROP"", ""COVER_CROP""]",NOT_AVAILABLE,NOT_AVAILABLE,[],[],[],[],NOT_SOWING_SPECIFIC,[],"[""09092100""]",[],"[{""canonical_species_id"": ""coriander"", ""mapping_status"": ""CN_MAPPING_NOT_AVAILABLE"", ""cn4"": [], ""cn6"": [], ""cn8"": [], ""hs6"": [], ""sowing_seed"": {""usage"": ""SOWING_SEED"", ""verified_cn8"": []}, ""non_sowing_commodity"": {""usage"": ""NON_SOWING_COMMODITY"", ""codes"": []}, ""source_url"": null, ""notes"": [""No species-specific CN mapping invented""]}]",[],false,false,null,false,{},null,null,false,false,false,[],false,true,Official denomination does not isolate sowing use. Commodity codes retained in audit only; never activated.,LIMITED_OR_REVIEW,"[""Customs mapping is not evidence that the species contributed any amount to a group."", ""No interpolation, proportional allocation, species shares or supply signal."", ""Taxonomy and production datasets remain unchanged.""]","[{""id"": ""lfl"", ""organisation"": ""Bavarian State Research Center for Agriculture (LfL)"", ""url"": ""https://www.lfl.bayern.de/mam/cms07/publikationen/daten/informationen/greening-zwischenfruchtanbau-lfl-information-2018.pdf"", ""retrieved_at"": ""2026-10-03"", ""document"": ""Greening und Zwischenfruchtanbau, November 2018, Annex 1 pages 8–10"", ""scope"": ""Botanical names and catch-crop mixture use; historical permitted-species list, not current subsidy/legal eligibility or production evidence""}]"
sunn-hemp,Sunn hemp,Crotalaria juncea,Crotalaria juncea,forage-legumes,"[""CATCH_CROP"", ""COVER_CROP""]",NOT_AVAILABLE,REVIEW_REQUIRED,[],[],[],[],REVIEW_REQUIRED,[],[],[],"[{""canonical_species_id"": ""sunn-hemp"", ""mapping_status"": ""CN_MAPPING_NOT_AVAILABLE"", ""cn4"": [], ""cn6"": [], ""cn8"": [], ""hs6"": [], ""sowing_seed"": {""usage"": ""SOWING_SEED"", ""verified_cn8"": []}, ""non_sowing_commodity"": {""usage"": ""NON_SOWING_COMMODITY"", ""codes"": []}, ""source_url"": null, ""notes"": [""No species-specific CN mapping invented""]}]",[],false,false,null,false,{},null,null,false,false,false,[],false,true,End-use/customs-boundary ambiguity requires official classification evidence beyond botanical name or SeedTrade category. No trade activation.,LIMITED_OR_REVIEW,"[""Customs mapping is not evidence that the species contributed any amount to a group."", ""No interpolation, proportional allocation, species shares or supply signal."", ""Taxonomy and production datasets remain unchanged.""]","[{""id"": ""lfl"", ""organisation"": ""Bavarian State Research Center for Agriculture (LfL)"", ""url"": ""https://www.lfl.bayern.de/mam/cms07/publikationen/daten/informationen/greening-zwischenfruchtanbau-lfl-information-2018.pdf"", ""retrieved_at"": ""2026-10-03"", ""document"": ""Greening und Zwischenfruchtanbau, November 2018, Annex 1 pages 8–10"", ""scope"": ""Botanical names and catch-crop mixture use; historical permitted-species list, not current subsidy/legal eligibility or production evidence""}]"
melon,Melon,Cucumis melo,Cucumis melo,vegetable-seeds,"[""VEGETABLE""]",NOT_AVAILABLE,NOT_AVAILABLE,[],[],[],[],NOT_SOWING_SPECIFIC,[],"[""12077000""]",[],"[{""canonical_species_id"": ""melon"", ""mapping_status"": ""CN_MAPPING_NOT_AVAILABLE"", ""cn4"": [], ""cn6"": [], ""cn8"": [], ""hs6"": [], ""sowing_seed"": {""usage"": ""SOWING_SEED"", ""verified_cn8"": []}, ""non_sowing_commodity"": {""usage"": ""NON_SOWING_COMMODITY"", ""codes"": []}, ""source_url"": null, ""notes"": [""No species-specific CN mapping invented""]}]",[],false,false,null,false,{},null,null,false,false,false,[],false,true,Official denomination does not isolate sowing use. Commodity codes retained in audit only; never activated.,LIMITED_OR_REVIEW,"[""Customs mapping is not evidence that the species contributed any amount to a group."", ""No interpolation, proportional allocation, species shares or supply signal."", ""Taxonomy and production datasets remain unchanged.""]","[{""id"": ""vegetables"", ""organisation"": ""European Union / EUR-Lex"", ""url"": ""https://eur-lex.europa.eu/legal-content/EN/TXT/?uri=CELEX:02002L0055-20220901"", ""retrieved_at"": ""2026-10-03"", ""document"": ""2002/55/EC Article 2(1)(b), consolidation 2022-09-01"", ""scope"": ""Seed-market identities; cultivar groups not separate species. Current 2024-12-24 consolidation identified but anti-bot blocked; no claim of current legal eligibility""}]"
cucumber,Cucumber / gherkin,Cucumis sativus,Cucumis sativus,vegetable-seeds,"[""VEGETABLE""]",NOT_AVAILABLE,GROUP_LEVEL,"[""1209""]","[""120991""]","[""12099180""]","[""120991""]",SOWING_SPECIFIC,"[""12099180""]",[],[],"[{""canonical_species_id"": ""cucumber"", ""mapping_status"": ""CN_MAPPING_NOT_AVAILABLE"", ""cn4"": [], ""cn6"": [], ""cn8"": [], ""hs6"": [], ""sowing_seed"": {""usage"": ""SOWING_SEED"", ""verified_cn8"": []}, ""non_sowing_commodity"": {""usage"": ""NON_SOWING_COMMODITY"", ""codes"": []}, ""source_url"": null, ""notes"": [""No species-specific CN mapping invented""]}]","[{""year"": 2026, ""cn8"": ""12099180"", ""description"": ""Vegetable seeds for sowing (excl. salad beet or beetroot \""Beta vulgaris var. conditiva\"")"", ""worksheet_row"": 1503, ""source_url"": ""https://www.ksh.hu/docs/osztalyozasok/kn/kn2026_structure.xlsx"", ""source_organisation"": ""Hungarian Central Statistical Office"", ""retrieval_date"": ""2026-10-04"", ""source_sha256"": ""083d065994fd2b41037aae21dc26087300a3a013e948e1884117abdd9d87ac56""}]",false,true,false,true,"{""12099180"": {""confirmed_2025"": true, ""description_unchanged"": true, ""confirmed_2024"": false}}",2025-01,2026-06,false,false,true,"[""12099180""]",false,true,"Vegetable sowing seed under 12099180, excluding beet and separately classified legumes, cereals, spices and oilseeds. This is a customs group, never species-specific trade. Original botanical identity and vegetable seed use are retained.",HIGH_FOR_BOUNDED_CUSTOMS_SCOPE,"[""Customs mapping is not evidence that the species contributed any amount to a group."", ""No interpolation, proportional allocation, species shares or supply signal."", ""Taxonomy and production datasets remain unchanged.""]","[{""id"": ""vegetables"", ""organisation"": ""European Union / EUR-Lex"", ""url"": ""https://eur-lex.europa.eu/legal-content/EN/TXT/?uri=CELEX:02002L0055-20220901"", ""retrieved_at"": ""2026-10-03"", ""document"": ""2002/55/EC Article 2(1)(b), consolidation 2022-09-01"", ""scope"": ""Seed-market identities; cultivar groups not separate species. Current 2024-12-24 consolidation identified but anti-bot blocked; no claim of current legal eligibility""}]"
winter-squash,Winter squash,Cucurbita maxima,Cucurbita maxima,vegetable-seeds,"[""VEGETABLE""]",NOT_AVAILABLE,REVIEW_REQUIRED,[],[],[],[],REVIEW_REQUIRED,[],[],[],"[{""canonical_species_id"": ""winter-squash"", ""mapping_status"": ""CN_MAPPING_NOT_AVAILABLE"", ""cn4"": [], ""cn6"": [], ""cn8"": [], ""hs6"": [], ""sowing_seed"": {""usage"": ""SOWING_SEED"", ""verified_cn8"": []}, ""non_sowing_commodity"": {""usage"": ""NON_SOWING_COMMODITY"", ""codes"": []}, ""source_url"": null, ""notes"": [""No species-specific CN mapping invented""]}]",[],false,false,null,false,{},null,null,false,false,false,[],false,true,End-use/customs-boundary ambiguity requires official classification evidence beyond botanical name or SeedTrade category. No trade activation.,LIMITED_OR_REVIEW,"[""Customs mapping is not evidence that the species contributed any amount to a group."", ""No interpolation, proportional allocation, species shares or supply signal."", ""Taxonomy and production datasets remain unchanged.""]","[{""id"": ""vegetables"", ""organisation"": ""European Union / EUR-Lex"", ""url"": ""https://eur-lex.europa.eu/legal-content/EN/TXT/?uri=CELEX:02002L0055-20220901"", ""retrieved_at"": ""2026-10-03"", ""document"": ""2002/55/EC Article 2(1)(b), consolidation 2022-09-01"", ""scope"": ""Seed-market identities; cultivar groups not separate species. Current 2024-12-24 consolidation identified but anti-bot blocked; no claim of current legal eligibility""}]"
courgette,Courgette / pumpkin,Cucurbita pepo,Cucurbita pepo,vegetable-seeds,"[""VEGETABLE""]",NOT_AVAILABLE,REVIEW_REQUIRED,[],[],[],[],REVIEW_REQUIRED,[],[],[],"[{""canonical_species_id"": ""courgette"", ""mapping_status"": ""CN_MAPPING_NOT_AVAILABLE"", ""cn4"": [], ""cn6"": [], ""cn8"": [], ""hs6"": [], ""sowing_seed"": {""usage"": ""SOWING_SEED"", ""verified_cn8"": []}, ""non_sowing_commodity"": {""usage"": ""NON_SOWING_COMMODITY"", ""codes"": []}, ""source_url"": null, ""notes"": [""No species-specific CN mapping invented""]}]",[],false,false,null,false,{},null,null,false,false,false,[],false,true,End-use/customs-boundary ambiguity requires official classification evidence beyond botanical name or SeedTrade category. No trade activation.,LIMITED_OR_REVIEW,"[""Customs mapping is not evidence that the species contributed any amount to a group."", ""No interpolation, proportional allocation, species shares or supply signal."", ""Taxonomy and production datasets remain unchanged.""]","[{""id"": ""vegetables"", ""organisation"": ""European Union / EUR-Lex"", ""url"": ""https://eur-lex.europa.eu/legal-content/EN/TXT/?uri=CELEX:02002L0055-20220901"", ""retrieved_at"": ""2026-10-03"", ""document"": ""2002/55/EC Article 2(1)(b), consolidation 2022-09-01"", ""scope"": ""Seed-market identities; cultivar groups not separate species. Current 2024-12-24 consolidation identified but anti-bot blocked; no claim of current legal eligibility""}]"
artichoke,Globe artichoke / cardoon,Cynara cardunculus,Cynara cardunculus,vegetable-seeds,"[""VEGETABLE""]",NOT_AVAILABLE,GROUP_LEVEL,"[""1209""]","[""120991""]","[""12099180""]","[""120991""]",SOWING_SPECIFIC,"[""12099180""]",[],[],"[{""canonical_species_id"": ""artichoke"", ""mapping_status"": ""CN_MAPPING_NOT_AVAILABLE"", ""cn4"": [], ""cn6"": [], ""cn8"": [], ""hs6"": [], ""sowing_seed"": {""usage"": ""SOWING_SEED"", ""verified_cn8"": []}, ""non_sowing_commodity"": {""usage"": ""NON_SOWING_COMMODITY"", ""codes"": []}, ""source_url"": null, ""notes"": [""No species-specific CN mapping invented""]}]","[{""year"": 2026, ""cn8"": ""12099180"", ""description"": ""Vegetable seeds for sowing (excl. salad beet or beetroot \""Beta vulgaris var. conditiva\"")"", ""worksheet_row"": 1503, ""source_url"": ""https://www.ksh.hu/docs/osztalyozasok/kn/kn2026_structure.xlsx"", ""source_organisation"": ""Hungarian Central Statistical Office"", ""retrieval_date"": ""2026-10-04"", ""source_sha256"": ""083d065994fd2b41037aae21dc26087300a3a013e948e1884117abdd9d87ac56""}]",false,true,false,true,"{""12099180"": {""confirmed_2025"": true, ""description_unchanged"": true, ""confirmed_2024"": false}}",2025-01,2026-06,false,false,true,"[""12099180""]",false,true,"Vegetable sowing seed under 12099180, excluding beet and separately classified legumes, cereals, spices and oilseeds. This is a customs group, never species-specific trade. Original botanical identity and vegetable seed use are retained.",HIGH_FOR_BOUNDED_CUSTOMS_SCOPE,"[""Customs mapping is not evidence that the species contributed any amount to a group."", ""No interpolation, proportional allocation, species shares or supply signal."", ""Taxonomy and production datasets remain unchanged.""]","[{""id"": ""vegetables"", ""organisation"": ""European Union / EUR-Lex"", ""url"": ""https://eur-lex.europa.eu/legal-content/EN/TXT/?uri=CELEX:02002L0055-20220901"", ""retrieved_at"": ""2026-10-03"", ""document"": ""2002/55/EC Article 2(1)(b), consolidation 2022-09-01"", ""scope"": ""Seed-market identities; cultivar groups not separate species. Current 2024-12-24 consolidation identified but anti-bot blocked; no claim of current legal eligibility""}]"
cocksfoot,Cocksfoot / orchard grass,Dactylis glomerata,Dactylis glomerata,grass-seeds,"[""CATCH_CROP"", ""COVER_CROP"", ""FORAGE"", ""SEED_PRODUCTION""]",GROUP_LEVEL,GROUP_LEVEL,"[""1209""]","[""120929""]","[""12092945""]","[""120929""]",SOWING_SPECIFIC,"[""12092945""]",[],"[""12092945""]","[{""canonical_species_id"": ""cocksfoot"", ""mapping_status"": ""CN_MAPPING_NOT_SPECIES_SPECIFIC"", ""nomenclature_year"": 2026, ""cn4"": [""1209""], ""cn6"": [""120929""], ""cn8"": [""12092945""], ""hs6"": [""120929""], ""hs6_scope"": ""Hierarchy only; no species/sowing proof"", ""sowing_seed"": {""usage"": ""SOWING_SEED"", ""verified_cn8"": [""12092945""], ""limitation"": ""Product type/use must fit the official description; not an observation-level trade-flow linkage""}, ""non_sowing_commodity"": {""usage"": ""NON_SOWING_COMMODITY"", ""codes"": []}, ""official_descriptions"": [{""cn8"": ""12092945"", ""description"": ""Timothy grass seed, vetch seed, seeds of the genus Poa palustris L. and Poa trivialis L., seeds of cocksfoot grass \""Dactylis glomerata L.\"", and seeds of bent grass \""Agrostis\"", for sowing"", ""worksheet_row"": 1497}], ""source_url"": ""https://www.ksh.hu/docs/osztalyozasok/kn/kn2026_structure.xlsx"", ""source_organisation"": ""Hungarian Central Statistical Office"", ""retrieval_date"": ""2026-10-02"", ""notes"": [], ""historical_year_eligibility"": ""REVIEW_REQUIRED; no 2021–2025 tariff concordance inferred""}]","[{""year"": 2026, ""cn8"": ""12092945"", ""description"": ""Timothy grass seed, vetch seed, seeds of the genus Poa palustris L. and Poa trivialis L., seeds of cocksfoot grass \""Dactylis glomerata L.\"", and seeds of bent grass \""Agrostis\"", for sowing"", ""worksheet_row"": 1497, ""source_url"": ""https://www.ksh.hu/docs/osztalyozasok/kn/kn2026_structure.xlsx"", ""source_organisation"": ""Hungarian Central Statistical Office"", ""retrieval_date"": ""2026-10-04"", ""source_sha256"": ""083d065994fd2b41037aae21dc26087300a3a013e948e1884117abdd9d87ac56""}]",false,true,false,true,"{""12092945"": {""confirmed_2025"": true, ""description_unchanged"": true, ""confirmed_2024"": false}}",2025-01,2026-06,false,false,true,"[""12092945""]",true,true,Existing mapping audited against official 2026 denomination; original scope retained.,HIGH_FOR_BOUNDED_CUSTOMS_SCOPE,"[""Customs mapping is not evidence that the species contributed any amount to a group."", ""No interpolation, proportional allocation, species shares or supply signal."", ""Taxonomy and production datasets remain unchanged.""]","[{""id"": ""defra"", ""organisation"": ""Defra"", ""url"": ""https://www.gov.uk/guidance/how-to-do-the-sfi-actions-for-soils"", ""retrieved_at"": ""2026-10-03"", ""document"": ""Updated 2025-03-27; choosing a cover-crop mix and herbal ley"", ""scope"": ""Use examples; broader labels not automatically resolved to a species""}, {""id"": ""lfl"", ""organisation"": ""Bavarian State Research Center for Agriculture (LfL)"", ""url"": ""https://www.lfl.bayern.de/mam/cms07/publikationen/daten/informationen/greening-zwischenfruchtanbau-lfl-information-2018.pdf"", ""retrieved_at"": ""2026-10-03"", ""document"": ""Greening und Zwischenfruchtanbau, November 2018, Annex 1 pages 8–10"", ""scope"": ""Botanical names and catch-crop mixture use; historical permitted-species list, not current subsidy/legal eligibility or production evidence""}, {""id"": ""v041"", ""organisation"": ""SeedTrade evidence review of official national seed authorities"", ""url"": null, ""retrieved_at"": ""2026-10-03"", ""checkpoint_sha256"": ""2b149594c48a1f0ed1de04f69835baffb4e671a04901a48a37aa88a52a7d4359"", ""scope"": ""Recovered V4.1 canonical IDs, bounded ranks, source taxon mapping and CN evidence; original checkpoint retained""}]"
carrot,Carrot,Daucus carota,Daucus carota,vegetable-seeds,"[""VEGETABLE""]",NOT_AVAILABLE,GROUP_LEVEL,"[""1209""]","[""120991""]","[""12099180""]","[""120991""]",SOWING_SPECIFIC,"[""12099180""]",[],[],"[{""canonical_species_id"": ""carrot"", ""mapping_status"": ""CN_MAPPING_NOT_AVAILABLE"", ""cn4"": [], ""cn6"": [], ""cn8"": [], ""hs6"": [], ""sowing_seed"": {""usage"": ""SOWING_SEED"", ""verified_cn8"": []}, ""non_sowing_commodity"": {""usage"": ""NON_SOWING_COMMODITY"", ""codes"": []}, ""source_url"": null, ""notes"": [""No species-specific CN mapping invented""]}]","[{""year"": 2026, ""cn8"": ""12099180"", ""description"": ""Vegetable seeds for sowing (excl. salad beet or beetroot \""Beta vulgaris var. conditiva\"")"", ""worksheet_row"": 1503, ""source_url"": ""https://www.ksh.hu/docs/osztalyozasok/kn/kn2026_structure.xlsx"", ""source_organisation"": ""Hungarian Central Statistical Office"", ""retrieval_date"": ""2026-10-04"", ""source_sha256"": ""083d065994fd2b41037aae21dc26087300a3a013e948e1884117abdd9d87ac56""}]",false,true,false,true,"{""12099180"": {""confirmed_2025"": true, ""description_unchanged"": true, ""confirmed_2024"": false}}",2025-01,2026-06,false,false,true,"[""12099180""]",true,true,"Vegetable sowing seed under 12099180, excluding beet and separately classified legumes, cereals, spices and oilseeds. This is a customs group, never species-specific trade. Original botanical identity and vegetable seed use are retained.",HIGH_FOR_BOUNDED_CUSTOMS_SCOPE,"[""Customs mapping is not evidence that the species contributed any amount to a group."", ""No interpolation, proportional allocation, species shares or supply signal."", ""Taxonomy and production datasets remain unchanged.""]","[{""id"": ""vegetables"", ""organisation"": ""European Union / EUR-Lex"", ""url"": ""https://eur-lex.europa.eu/legal-content/EN/TXT/?uri=CELEX:02002L0055-20220901"", ""retrieved_at"": ""2026-10-03"", ""document"": ""2002/55/EC Article 2(1)(b), consolidation 2022-09-01"", ""scope"": ""Seed-market identities; cultivar groups not separate species. Current 2024-12-24 consolidation identified but anti-bot blocked; no claim of current legal eligibility""}]"
buckwheat,Buckwheat,Fagopyrum esculentum,Fagopyrum esculentum,cereals-pseudocereals,"[""COVER_CROP"", ""SEED_PRODUCTION""]",PARTIAL,NOT_AVAILABLE,[],[],[],[],NOT_SOWING_SPECIFIC,[],"[""10081000""]",[],"[{""canonical_species_id"": ""buckwheat"", ""mapping_status"": ""CN_MAPPING_PARTIAL"", ""nomenclature_year"": 2026, ""cn4"": [""1008""], ""cn6"": [""100810""], ""cn8"": [], ""hs6"": [""100810""], ""hs6_scope"": ""Six-digit hierarchy only; not proof of species-specific or sowing-specific classification"", ""sowing_seed"": {""usage"": ""SOWING_SEED"", ""verified_cn8"": [], ""limitation"": ""No confirmed sowing-specific CN8""}, ""non_sowing_commodity"": {""usage"": ""NON_SOWING_COMMODITY"", ""codes"": [], ""recovered_note"": ""Grain and seed use require separation"", ""note_semantics"": ""Historical non_sowing field often describes grouped classification, not an actual commodity code""}, ""official_descriptions"": [], ""source_url"": ""https://www.ksh.hu/docs/osztalyozasok/kn/kn2026_structure.xlsx"", ""source_organisation"": ""Hungarian Central Statistical Office"", ""retrieval_date"": ""2026-10-02"", ""notes"": [""Current CN heading does not separate sowing and non-sowing use; product evidence required.""], ""historical_year_eligibility"": ""REVIEW_REQUIRED; no 2021–2025 concordance inferred""}]",[],false,false,null,false,{},null,null,false,false,false,[],true,true,Official denomination does not isolate sowing use. Commodity codes retained in audit only; never activated.,LIMITED_OR_REVIEW,"[""Customs mapping is not evidence that the species contributed any amount to a group."", ""No interpolation, proportional allocation, species shares or supply signal."", ""Taxonomy and production datasets remain unchanged.""]","[{""id"": ""defra"", ""organisation"": ""Defra"", ""url"": ""https://www.gov.uk/guidance/how-to-do-the-sfi-actions-for-soils"", ""retrieved_at"": ""2026-10-03"", ""document"": ""Updated 2025-03-27; choosing a cover-crop mix and herbal ley"", ""scope"": ""Use examples; broader labels not automatically resolved to a species""}, {""id"": ""v041"", ""organisation"": ""SeedTrade evidence review of official national seed authorities"", ""url"": null, ""retrieved_at"": ""2026-10-03"", ""checkpoint_sha256"": ""2b149594c48a1f0ed1de04f69835baffb4e671a04901a48a37aa88a52a7d4359"", ""scope"": ""Recovered V4.1 canonical IDs, bounded ranks, source taxon mapping and CN evidence; original checkpoint retained""}]"
tall-fescue,Tall fescue,Festuca arundinacea,Festuca arundinacea,grass-seeds,"[""FORAGE""]",NOT_AVAILABLE,GROUP_LEVEL,"[""1209""]","[""120923""]","[""12092380""]","[""120923""]",SOWING_SPECIFIC,"[""12092380""]",[],[],"[{""canonical_species_id"": ""tall-fescue"", ""mapping_status"": ""CN_MAPPING_NOT_AVAILABLE"", ""cn4"": [], ""cn6"": [], ""cn8"": [], ""hs6"": [], ""sowing_seed"": {""usage"": ""SOWING_SEED"", ""verified_cn8"": []}, ""non_sowing_commodity"": {""usage"": ""NON_SOWING_COMMODITY"", ""codes"": []}, ""source_url"": null, ""notes"": [""No species-specific CN mapping invented""]}]","[{""year"": 2026, ""cn8"": ""12092380"", ""description"": ""Fescue seed, for sowing (excl. meadow fescue \""Festuca pratensis Huds\"" seed and red fescue \""Festuca rubra L.\"" seed)"", ""worksheet_row"": 1493, ""source_url"": ""https://www.ksh.hu/docs/osztalyozasok/kn/kn2026_structure.xlsx"", ""source_organisation"": ""Hungarian Central Statistical Office"", ""retrieval_date"": ""2026-10-04"", ""source_sha256"": ""083d065994fd2b41037aae21dc26087300a3a013e948e1884117abdd9d87ac56""}]",false,true,false,true,"{""12092380"": {""confirmed_2025"": true, ""description_unchanged"": true, ""confirmed_2024"": false}}",2025-01,2026-06,false,false,true,"[""12092380""]",true,true,Other fescue sowing seed; neither meadow nor red fescue. No allocation to Festuca arundinacea.,HIGH_FOR_BOUNDED_CUSTOMS_SCOPE,"[""Customs mapping is not evidence that the species contributed any amount to a group."", ""No interpolation, proportional allocation, species shares or supply signal."", ""Taxonomy and production datasets remain unchanged.""]","[{""id"": ""defra"", ""organisation"": ""Defra"", ""url"": ""https://www.gov.uk/guidance/how-to-do-the-sfi-actions-for-soils"", ""retrieved_at"": ""2026-10-03"", ""document"": ""Updated 2025-03-27; choosing a cover-crop mix and herbal ley"", ""scope"": ""Use examples; broader labels not automatically resolved to a species""}, {""id"": ""tall-fescue"", ""organisation"": ""European Union / EUR-Lex"", ""url"": ""https://eur-lex.europa.eu/legal-content/EN/ALL/?uri=CELEX:01966L0401-20190101"", ""retrieved_at"": ""2026-10-03"", ""scope"": ""Official seed nomenclature Festuca arundinacea; market name preserved, not assertion of universal current botanical acceptance""}]"
meadow-fescue,Meadow fescue,Festuca pratensis,Festuca pratensis,grass-seeds,"[""FORAGE"", ""SEED_PRODUCTION""]",CONFIRMED,CONFIRMED,"[""1209""]","[""120923""]","[""12092311""]","[""120923""]",SOWING_SPECIFIC,"[""12092311""]",[],"[""12092311""]","[{""canonical_species_id"": ""meadow-fescue"", ""mapping_status"": ""CN_MAPPING_CONFIRMED"", ""nomenclature_year"": 2026, ""cn4"": [""1209""], ""cn6"": [""120923""], ""cn8"": [""12092311""], ""hs6"": [""120923""], ""hs6_scope"": ""Six-digit hierarchy only; not proof of species-specific or sowing-specific classification"", ""sowing_seed"": {""usage"": ""SOWING_SEED"", ""verified_cn8"": [""12092311""], ""limitation"": null}, ""non_sowing_commodity"": {""usage"": ""NON_SOWING_COMMODITY"", ""codes"": [], ""recovered_note"": null, ""note_semantics"": ""Historical non_sowing field often describes grouped classification, not an actual commodity code""}, ""official_descriptions"": [{""cn8"": ""12092311"", ""description"": ""Meadow fescue seed for sowing"", ""worksheet_row"": 1491}], ""source_url"": ""https://www.ksh.hu/docs/osztalyozasok/kn/kn2026_structure.xlsx"", ""source_organisation"": ""Hungarian Central Statistical Office"", ""retrieval_date"": ""2026-10-02"", ""notes"": [], ""historical_year_eligibility"": ""REVIEW_REQUIRED; no 2021–2025 concordance inferred""}]","[{""year"": 2026, ""cn8"": ""12092311"", ""description"": ""Meadow fescue seed for sowing"", ""worksheet_row"": 1491, ""source_url"": ""https://www.ksh.hu/docs/osztalyozasok/kn/kn2026_structure.xlsx"", ""source_organisation"": ""Hungarian Central Statistical Office"", ""retrieval_date"": ""2026-10-04"", ""source_sha256"": ""083d065994fd2b41037aae21dc26087300a3a013e948e1884117abdd9d87ac56""}]",true,false,false,true,"{""12092311"": {""confirmed_2025"": true, ""description_unchanged"": true, ""confirmed_2024"": false}}",2024-01,2026-06,true,true,false,"[""12092311""]",true,true,Existing mapping audited against official 2026 denomination; original scope retained.,HIGH_FOR_BOUNDED_CUSTOMS_SCOPE,"[""Customs mapping is not evidence that the species contributed any amount to a group."", ""No interpolation, proportional allocation, species shares or supply signal."", ""Taxonomy and production datasets remain unchanged.""]","[{""id"": ""defra"", ""organisation"": ""Defra"", ""url"": ""https://www.gov.uk/guidance/how-to-do-the-sfi-actions-for-soils"", ""retrieved_at"": ""2026-10-03"", ""document"": ""Updated 2025-03-27; choosing a cover-crop mix and herbal ley"", ""scope"": ""Use examples; broader labels not automatically resolved to a species""}, {""id"": ""v041"", ""organisation"": ""SeedTrade evidence review of official national seed authorities"", ""url"": null, ""retrieved_at"": ""2026-10-03"", ""checkpoint_sha256"": ""2b149594c48a1f0ed1de04f69835baffb4e671a04901a48a37aa88a52a7d4359"", ""scope"": ""Recovered V4.1 canonical IDs, bounded ranks, source taxon mapping and CN evidence; original checkpoint retained""}]"
red-fescue,Red fescue,Festuca rubra,Festuca rubra,grass-seeds,"[""SEED_PRODUCTION""]",CONFIRMED,CONFIRMED,"[""1209""]","[""120923""]","[""12092315""]","[""120923""]",SOWING_SPECIFIC,"[""12092315""]",[],"[""12092315""]","[{""canonical_species_id"": ""red-fescue"", ""mapping_status"": ""CN_MAPPING_CONFIRMED"", ""nomenclature_year"": 2026, ""cn4"": [""1209""], ""cn6"": [""120923""], ""cn8"": [""12092315""], ""hs6"": [""120923""], ""hs6_scope"": ""Six-digit hierarchy only; not proof of species-specific or sowing-specific classification"", ""sowing_seed"": {""usage"": ""SOWING_SEED"", ""verified_cn8"": [""12092315""], ""limitation"": null}, ""non_sowing_commodity"": {""usage"": ""NON_SOWING_COMMODITY"", ""codes"": [], ""recovered_note"": null, ""note_semantics"": ""Historical non_sowing field often describes grouped classification, not an actual commodity code""}, ""official_descriptions"": [{""cn8"": ""12092315"", ""description"": ""Red fescue seed \""Festuca rubra L.\"" for sowing"", ""worksheet_row"": 1492}], ""source_url"": ""https://www.ksh.hu/docs/osztalyozasok/kn/kn2026_structure.xlsx"", ""source_organisation"": ""Hungarian Central Statistical Office"", ""retrieval_date"": ""2026-10-02"", ""notes"": [], ""historical_year_eligibility"": ""REVIEW_REQUIRED; no 2021–2025 concordance inferred""}]","[{""year"": 2026, ""cn8"": ""12092315"", ""description"": ""Red fescue seed \""Festuca rubra L.\"" for sowing"", ""worksheet_row"": 1492, ""source_url"": ""https://www.ksh.hu/docs/osztalyozasok/kn/kn2026_structure.xlsx"", ""source_organisation"": ""Hungarian Central Statistical Office"", ""retrieval_date"": ""2026-10-04"", ""source_sha256"": ""083d065994fd2b41037aae21dc26087300a3a013e948e1884117abdd9d87ac56""}]",true,false,false,true,"{""12092315"": {""confirmed_2025"": true, ""description_unchanged"": true, ""confirmed_2024"": false}}",2024-01,2026-06,true,true,false,"[""12092315""]",true,true,Existing mapping audited against official 2026 denomination; original scope retained.,HIGH_FOR_BOUNDED_CUSTOMS_SCOPE,"[""Customs mapping is not evidence that the species contributed any amount to a group."", ""No interpolation, proportional allocation, species shares or supply signal."", ""Taxonomy and production datasets remain unchanged.""]","[{""id"": ""v041"", ""organisation"": ""SeedTrade evidence review of official national seed authorities"", ""url"": null, ""retrieved_at"": ""2026-10-03"", ""checkpoint_sha256"": ""2b149594c48a1f0ed1de04f69835baffb4e671a04901a48a37aa88a52a7d4359"", ""scope"": ""Recovered V4.1 canonical IDs, bounded ranks, source taxon mapping and CN evidence; original checkpoint retained""}]"
fennel,Fennel,Foeniculum vulgare,Foeniculum vulgare,vegetable-seeds,"[""VEGETABLE""]",NOT_AVAILABLE,NOT_AVAILABLE,[],[],[],[],NOT_SOWING_SPECIFIC,[],"[""09096100""]",[],"[{""canonical_species_id"": ""fennel"", ""mapping_status"": ""CN_MAPPING_NOT_AVAILABLE"", ""cn4"": [], ""cn6"": [], ""cn8"": [], ""hs6"": [], ""sowing_seed"": {""usage"": ""SOWING_SEED"", ""verified_cn8"": []}, ""non_sowing_commodity"": {""usage"": ""NON_SOWING_COMMODITY"", ""codes"": []}, ""source_url"": null, ""notes"": [""No species-specific CN mapping invented""]}]",[],false,false,null,false,{},null,null,false,false,false,[],false,true,Official denomination does not isolate sowing use. Commodity codes retained in audit only; never activated.,LIMITED_OR_REVIEW,"[""Customs mapping is not evidence that the species contributed any amount to a group."", ""No interpolation, proportional allocation, species shares or supply signal."", ""Taxonomy and production datasets remain unchanged.""]","[{""id"": ""vegetables"", ""organisation"": ""European Union / EUR-Lex"", ""url"": ""https://eur-lex.europa.eu/legal-content/EN/TXT/?uri=CELEX:02002L0055-20220901"", ""retrieved_at"": ""2026-10-03"", ""document"": ""2002/55/EC Article 2(1)(b), consolidation 2022-09-01"", ""scope"": ""Seed-market identities; cultivar groups not separate species. Current 2024-12-24 consolidation identified but anti-bot blocked; no claim of current legal eligibility""}]"
fodder-galega,Fodder galega,Galega orientalis,Galega orientalis,forage-legumes,"[""SEED_PRODUCTION""]",GROUP_LEVEL,GROUP_LEVEL,"[""1209""]","[""120929""]","[""12092980""]","[""120929""]",SOWING_SPECIFIC,"[""12092980""]",[],"[""12092980""]","[{""canonical_species_id"": ""fodder-galega"", ""mapping_status"": ""CN_MAPPING_NOT_SPECIES_SPECIFIC"", ""nomenclature_year"": 2026, ""cn4"": [""1209""], ""cn6"": [""120929""], ""cn8"": [""12092980""], ""hs6"": [""120929""], ""hs6_scope"": ""Hierarchy only; no species/sowing proof"", ""sowing_seed"": {""usage"": ""SOWING_SEED"", ""verified_cn8"": [""12092980""], ""limitation"": ""Product type/use must fit the official description; not an observation-level trade-flow linkage""}, ""non_sowing_commodity"": {""usage"": ""NON_SOWING_COMMODITY"", ""codes"": []}, ""official_descriptions"": [{""cn8"": ""12092980"", ""description"": ""Seeds of forage plants, for sowing (excl. cereals and fodder beet seed \""Beta vulgaris var. alba\"", sugar beet seed, lucerne seed, clover \""Trifolium spp.\"" seed, fesque seed, Kentucky blue grass \""Poa pratensis L.\"" seed, ryegrass \""Lolium multiflorum lam., Lolium perenne L.\"" seed, Timothy grass seed, vetch seed, seeds of the genus Poa palustris L and Poa trivialis L., cocksfoot grass \""Dactylis glomerata L.\"" seed, bent grass \""Agrostis\"" seed and lupine seed)"", ""worksheet_row"": 1500}], ""source_url"": ""https://www.ksh.hu/docs/osztalyozasok/kn/kn2026_structure.xlsx"", ""source_organisation"": ""Hungarian Central Statistical Office"", ""retrieval_date"": ""2026-10-02"", ""notes"": [""Residual forage-plant heading supported by original official forage seed classification; product use must be confirmed. Not a species-specific tariff classification ruling.""], ""historical_year_eligibility"": ""REVIEW_REQUIRED; no 2021–2025 tariff concordance inferred""}]","[{""year"": 2026, ""cn8"": ""12092980"", ""description"": ""Seeds of forage plants, for sowing (excl. cereals and fodder beet seed \""Beta vulgaris var. alba\"", sugar beet seed, lucerne seed, clover \""Trifolium spp.\"" seed, fesque seed, Kentucky blue grass \""Poa pratensis L.\"" seed, ryegrass \""Lolium multiflorum lam., Lolium perenne L.\"" seed, Timothy grass seed, vetch seed, seeds of the genus Poa palustris L and Poa trivialis L., cocksfoot grass \""Dactylis glomerata L.\"" seed, bent grass \""Agrostis\"" seed and lupine seed)"", ""worksheet_row"": 1500, ""source_url"": ""https://www.ksh.hu/docs/osztalyozasok/kn/kn2026_structure.xlsx"", ""source_organisation"": ""Hungarian Central Statistical Office"", ""retrieval_date"": ""2026-10-04"", ""source_sha256"": ""083d065994fd2b41037aae21dc26087300a3a013e948e1884117abdd9d87ac56""}]",false,true,false,true,"{""12092980"": {""confirmed_2025"": true, ""description_unchanged"": true, ""confirmed_2024"": false}}",2025-01,2026-06,false,false,true,"[""12092980""]",true,true,Existing mapping audited against official 2026 denomination; original scope retained.,HIGH_FOR_BOUNDED_CUSTOMS_SCOPE,"[""Customs mapping is not evidence that the species contributed any amount to a group."", ""No interpolation, proportional allocation, species shares or supply signal."", ""Taxonomy and production datasets remain unchanged.""]","[{""id"": ""v041"", ""organisation"": ""SeedTrade evidence review of official national seed authorities"", ""url"": null, ""retrieved_at"": ""2026-10-03"", ""checkpoint_sha256"": ""2b149594c48a1f0ed1de04f69835baffb4e671a04901a48a37aa88a52a7d4359"", ""scope"": ""Recovered V4.1 canonical IDs, bounded ranks, source taxon mapping and CN evidence; original checkpoint retained""}]"
soybean,Soybeans,Glycine max,Glycine max,grain-legumes,"[""CATCH_CROP"", ""COVER_CROP"", ""SEED_PRODUCTION""]",CONFIRMED,CONFIRMED,"[""1201""]","[""120110""]","[""12011000""]","[""120110""]",SOWING_SPECIFIC,"[""12011000""]",[],"[""12011000""]","[{""canonical_species_id"": ""soybean"", ""mapping_status"": ""CN_MAPPING_CONFIRMED"", ""nomenclature_year"": 2026, ""cn4"": [""1201""], ""cn6"": [""120110""], ""cn8"": [""12011000""], ""hs6"": [""120110""], ""hs6_scope"": ""Six-digit hierarchy only; not proof of species-specific or sowing-specific classification"", ""sowing_seed"": {""usage"": ""SOWING_SEED"", ""verified_cn8"": [""12011000""], ""limitation"": null}, ""non_sowing_commodity"": {""usage"": ""NON_SOWING_COMMODITY"", ""codes"": [""12019000""], ""recovered_note"": ""Oilseed and sowing use require separation"", ""note_semantics"": ""Historical non_sowing field often describes grouped classification, not an actual commodity code""}, ""official_descriptions"": [{""cn8"": ""12011000"", ""description"": ""Soya bean seed, for sowing"", ""worksheet_row"": 1456}], ""source_url"": ""https://www.ksh.hu/docs/osztalyozasok/kn/kn2026_structure.xlsx"", ""source_organisation"": ""Hungarian Central Statistical Office"", ""retrieval_date"": ""2026-10-02"", ""notes"": [""Recovered parent classification conflicts with official 2026 CN; raw record preserved, derived override shown explicitly.""], ""historical_year_eligibility"": ""REVIEW_REQUIRED; no 2021–2025 concordance inferred""}]","[{""year"": 2026, ""cn8"": ""12011000"", ""description"": ""Soya bean seed, for sowing"", ""worksheet_row"": 1456, ""source_url"": ""https://www.ksh.hu/docs/osztalyozasok/kn/kn2026_structure.xlsx"", ""source_organisation"": ""Hungarian Central Statistical Office"", ""retrieval_date"": ""2026-10-04"", ""source_sha256"": ""083d065994fd2b41037aae21dc26087300a3a013e948e1884117abdd9d87ac56""}]",true,false,false,true,"{""12011000"": {""confirmed_2025"": true, ""description_unchanged"": true, ""confirmed_2024"": false}}",2025-01,2026-06,true,true,false,"[""12011000""]",true,true,Existing mapping audited against official 2026 denomination; original scope retained.,HIGH_FOR_BOUNDED_CUSTOMS_SCOPE,"[""Customs mapping is not evidence that the species contributed any amount to a group."", ""No interpolation, proportional allocation, species shares or supply signal."", ""Taxonomy and production datasets remain unchanged.""]","[{""id"": ""lfl"", ""organisation"": ""Bavarian State Research Center for Agriculture (LfL)"", ""url"": ""https://www.lfl.bayern.de/mam/cms07/publikationen/daten/informationen/greening-zwischenfruchtanbau-lfl-information-2018.pdf"", ""retrieved_at"": ""2026-10-03"", ""document"": ""Greening und Zwischenfruchtanbau, November 2018, Annex 1 pages 8–10"", ""scope"": ""Botanical names and catch-crop mixture use; historical permitted-species list, not current subsidy/legal eligibility or production evidence""}, {""id"": ""v041"", ""organisation"": ""SeedTrade evidence review of official national seed authorities"", ""url"": null, ""retrieved_at"": ""2026-10-03"", ""checkpoint_sha256"": ""2b149594c48a1f0ed1de04f69835baffb4e671a04901a48a37aa88a52a7d4359"", ""scope"": ""Recovered V4.1 canonical IDs, bounded ranks, source taxon mapping and CN evidence; original checkpoint retained""}]"
niger,Niger,Guizotia abyssinica,Guizotia abyssinica,oil-fibre-seeds,"[""CATCH_CROP"", ""COVER_CROP""]",NOT_AVAILABLE,GROUP_LEVEL,"[""1207""]","[""120799""]","[""12079920""]","[""120799""]",SOWING_SPECIFIC,"[""12079920""]",[],[],"[{""canonical_species_id"": ""niger"", ""mapping_status"": ""CN_MAPPING_NOT_AVAILABLE"", ""cn4"": [], ""cn6"": [], ""cn8"": [], ""hs6"": [], ""sowing_seed"": {""usage"": ""SOWING_SEED"", ""verified_cn8"": []}, ""non_sowing_commodity"": {""usage"": ""NON_SOWING_COMMODITY"", ""codes"": []}, ""source_url"": null, ""notes"": [""No species-specific CN mapping invented""]}]","[{""year"": 2026, ""cn8"": ""12079920"", ""description"": ""Oil seeds and oleaginous fruits, for sowing (excl. edible nuts, olives, soya beans, groundnuts, copra, linseed, rape or colza seeds, sunflower seeds, palm nuts and kernels, cotton, castor oil, sesamum, mustard, safflower, melon and poppy seeds)"", ""worksheet_row"": 1482, ""source_url"": ""https://www.ksh.hu/docs/osztalyozasok/kn/kn2026_structure.xlsx"", ""source_organisation"": ""Hungarian Central Statistical Office"", ""retrieval_date"": ""2026-10-04"", ""source_sha256"": ""083d065994fd2b41037aae21dc26087300a3a013e948e1884117abdd9d87ac56""}]",false,true,false,true,"{""12079920"": {""confirmed_2025"": true, ""description_unchanged"": true, ""confirmed_2024"": false}}",null,null,false,false,false,[],false,true,"Other oil seeds for sowing, after named exclusions. Guizotia abyssinica is an oilseed; no species share is calculated.",HIGH_FOR_BOUNDED_CUSTOMS_SCOPE,"[""Customs mapping is not evidence that the species contributed any amount to a group."", ""No interpolation, proportional allocation, species shares or supply signal."", ""Taxonomy and production datasets remain unchanged.""]","[{""id"": ""lfl"", ""organisation"": ""Bavarian State Research Center for Agriculture (LfL)"", ""url"": ""https://www.lfl.bayern.de/mam/cms07/publikationen/daten/informationen/greening-zwischenfruchtanbau-lfl-information-2018.pdf"", ""retrieved_at"": ""2026-10-03"", ""document"": ""Greening und Zwischenfruchtanbau, November 2018, Annex 1 pages 8–10"", ""scope"": ""Botanical names and catch-crop mixture use; historical permitted-species list, not current subsidy/legal eligibility or production evidence""}]"
sunflower,Sunflower,Helianthus annuus,Helianthus annuus,oil-fibre-seeds,"[""CATCH_CROP"", ""COVER_CROP"", ""SEED_PRODUCTION""]",CONFIRMED,CONFIRMED,"[""1206""]","[""120600""]","[""12060010""]","[""120600""]",SOWING_SPECIFIC,"[""12060010""]",[],"[""12060010""]","[{""canonical_species_id"": ""sunflower"", ""mapping_status"": ""CN_MAPPING_CONFIRMED"", ""nomenclature_year"": 2026, ""cn4"": [""1206""], ""cn6"": [""120600""], ""cn8"": [""12060010""], ""hs6"": [""120600""], ""hs6_scope"": ""Hierarchy only; no species/sowing proof"", ""sowing_seed"": {""usage"": ""SOWING_SEED"", ""verified_cn8"": [""12060010""], ""limitation"": ""Product type/use must fit the official description; not an observation-level trade-flow linkage""}, ""non_sowing_commodity"": {""usage"": ""NON_SOWING_COMMODITY"", ""codes"": [""12060091"", ""12060099""]}, ""official_descriptions"": [{""cn8"": ""12060010"", ""description"": ""Sunflower seeds for sowing"", ""worksheet_row"": 1467}, {""cn8"": ""12060091"", ""description"": ""Sunflower seeds, whether or not broken, shelled or in grey and white striped shell (excl. for sowing)"", ""worksheet_row"": 1468}, {""cn8"": ""12060099"", ""description"": ""Sunflower seeds, whether or not broken (excl. for sowing, shelled and in grey and white striped shell)"", ""worksheet_row"": 1469}], ""source_url"": ""https://www.ksh.hu/docs/osztalyozasok/kn/kn2026_structure.xlsx"", ""source_organisation"": ""Hungarian Central Statistical Office"", ""retrieval_date"": ""2026-10-02"", ""notes"": [], ""historical_year_eligibility"": ""REVIEW_REQUIRED; no 2021–2025 tariff concordance inferred""}]","[{""year"": 2026, ""cn8"": ""12060010"", ""description"": ""Sunflower seeds for sowing"", ""worksheet_row"": 1467, ""source_url"": ""https://www.ksh.hu/docs/osztalyozasok/kn/kn2026_structure.xlsx"", ""source_organisation"": ""Hungarian Central Statistical Office"", ""retrieval_date"": ""2026-10-04"", ""source_sha256"": ""083d065994fd2b41037aae21dc26087300a3a013e948e1884117abdd9d87ac56""}]",true,false,false,true,"{""12060010"": {""confirmed_2025"": true, ""description_unchanged"": true, ""confirmed_2024"": false}}",null,null,false,false,false,[],true,true,Existing mapping audited against official 2026 denomination; original scope retained.,HIGH_FOR_BOUNDED_CUSTOMS_SCOPE,"[""Customs mapping is not evidence that the species contributed any amount to a group."", ""No interpolation, proportional allocation, species shares or supply signal."", ""Taxonomy and production datasets remain unchanged.""]","[{""id"": ""lfl"", ""organisation"": ""Bavarian State Research Center for Agriculture (LfL)"", ""url"": ""https://www.lfl.bayern.de/mam/cms07/publikationen/daten/informationen/greening-zwischenfruchtanbau-lfl-information-2018.pdf"", ""retrieved_at"": ""2026-10-03"", ""document"": ""Greening und Zwischenfruchtanbau, November 2018, Annex 1 pages 8–10"", ""scope"": ""Botanical names and catch-crop mixture use; historical permitted-species list, not current subsidy/legal eligibility or production evidence""}, {""id"": ""v041"", ""organisation"": ""SeedTrade evidence review of official national seed authorities"", ""url"": null, ""retrieved_at"": ""2026-10-03"", ""checkpoint_sha256"": ""2b149594c48a1f0ed1de04f69835baffb4e671a04901a48a37aa88a52a7d4359"", ""scope"": ""Recovered V4.1 canonical IDs, bounded ranks, source taxon mapping and CN evidence; original checkpoint retained""}]"
barley,Barley,Hordeum vulgare,Hordeum vulgare,cereals-pseudocereals,"[""COVER_CROP"", ""SEED_PRODUCTION""]",CONFIRMED,CONFIRMED,"[""1003""]","[""100310""]","[""10031000""]","[""100310""]",SOWING_SPECIFIC,"[""10031000""]",[],"[""10031000""]","[{""canonical_species_id"": ""barley"", ""mapping_status"": ""CN_MAPPING_CONFIRMED"", ""nomenclature_year"": 2026, ""cn4"": [""1003""], ""cn6"": [""100310""], ""cn8"": [""10031000""], ""hs6"": [""100310""], ""hs6_scope"": ""Hierarchy only; no species/sowing proof"", ""sowing_seed"": {""usage"": ""SOWING_SEED"", ""verified_cn8"": [""10031000""], ""limitation"": ""Product type/use must fit the official description; not an observation-level trade-flow linkage""}, ""non_sowing_commodity"": {""usage"": ""NON_SOWING_COMMODITY"", ""codes"": [""10039000""]}, ""official_descriptions"": [{""cn8"": ""10031000"", ""description"": ""Barley seed for sowing"", ""worksheet_row"": 1328}, {""cn8"": ""10039000"", ""description"": ""Barley (excl. seed for sowing)"", ""worksheet_row"": 1329}], ""source_url"": ""https://www.ksh.hu/docs/osztalyozasok/kn/kn2026_structure.xlsx"", ""source_organisation"": ""Hungarian Central Statistical Office"", ""retrieval_date"": ""2026-10-02"", ""notes"": [], ""historical_year_eligibility"": ""REVIEW_REQUIRED; no 2021–2025 tariff concordance inferred""}]","[{""year"": 2026, ""cn8"": ""10031000"", ""description"": ""Barley seed for sowing"", ""worksheet_row"": 1328, ""source_url"": ""https://www.ksh.hu/docs/osztalyozasok/kn/kn2026_structure.xlsx"", ""source_organisation"": ""Hungarian Central Statistical Office"", ""retrieval_date"": ""2026-10-04"", ""source_sha256"": ""083d065994fd2b41037aae21dc26087300a3a013e948e1884117abdd9d87ac56""}]",true,false,false,true,"{""10031000"": {""confirmed_2025"": true, ""description_unchanged"": true, ""confirmed_2024"": false}}",null,null,false,false,false,[],true,true,Existing mapping audited against official 2026 denomination; original scope retained.,HIGH_FOR_BOUNDED_CUSTOMS_SCOPE,"[""Customs mapping is not evidence that the species contributed any amount to a group."", ""No interpolation, proportional allocation, species shares or supply signal."", ""Taxonomy and production datasets remain unchanged.""]","[{""id"": ""defra"", ""organisation"": ""Defra"", ""url"": ""https://www.gov.uk/guidance/how-to-do-the-sfi-actions-for-soils"", ""retrieved_at"": ""2026-10-03"", ""document"": ""Updated 2025-03-27; choosing a cover-crop mix and herbal ley"", ""scope"": ""Use examples; broader labels not automatically resolved to a species""}, {""id"": ""v041"", ""organisation"": ""SeedTrade evidence review of official national seed authorities"", ""url"": null, ""retrieved_at"": ""2026-10-03"", ""checkpoint_sha256"": ""2b149594c48a1f0ed1de04f69835baffb4e671a04901a48a37aa88a52a7d4359"", ""scope"": ""Recovered V4.1 canonical IDs, bounded ranks, source taxon mapping and CN evidence; original checkpoint retained""}]"
lettuce,Lettuce,Lactuca sativa,Lactuca sativa,vegetable-seeds,"[""VEGETABLE""]",NOT_AVAILABLE,GROUP_LEVEL,"[""1209""]","[""120991""]","[""12099180""]","[""120991""]",SOWING_SPECIFIC,"[""12099180""]",[],[],"[{""canonical_species_id"": ""lettuce"", ""mapping_status"": ""CN_MAPPING_NOT_AVAILABLE"", ""cn4"": [], ""cn6"": [], ""cn8"": [], ""hs6"": [], ""sowing_seed"": {""usage"": ""SOWING_SEED"", ""verified_cn8"": []}, ""non_sowing_commodity"": {""usage"": ""NON_SOWING_COMMODITY"", ""codes"": []}, ""source_url"": null, ""notes"": [""No species-specific CN mapping invented""]}]","[{""year"": 2026, ""cn8"": ""12099180"", ""description"": ""Vegetable seeds for sowing (excl. salad beet or beetroot \""Beta vulgaris var. conditiva\"")"", ""worksheet_row"": 1503, ""source_url"": ""https://www.ksh.hu/docs/osztalyozasok/kn/kn2026_structure.xlsx"", ""source_organisation"": ""Hungarian Central Statistical Office"", ""retrieval_date"": ""2026-10-04"", ""source_sha256"": ""083d065994fd2b41037aae21dc26087300a3a013e948e1884117abdd9d87ac56""}]",false,true,false,true,"{""12099180"": {""confirmed_2025"": true, ""description_unchanged"": true, ""confirmed_2024"": false}}",2025-01,2026-06,false,false,true,"[""12099180""]",false,true,"Vegetable sowing seed under 12099180, excluding beet and separately classified legumes, cereals, spices and oilseeds. This is a customs group, never species-specific trade. Original botanical identity and vegetable seed use are retained.",HIGH_FOR_BOUNDED_CUSTOMS_SCOPE,"[""Customs mapping is not evidence that the species contributed any amount to a group."", ""No interpolation, proportional allocation, species shares or supply signal."", ""Taxonomy and production datasets remain unchanged.""]","[{""id"": ""vegetables"", ""organisation"": ""European Union / EUR-Lex"", ""url"": ""https://eur-lex.europa.eu/legal-content/EN/TXT/?uri=CELEX:02002L0055-20220901"", ""retrieved_at"": ""2026-10-03"", ""document"": ""2002/55/EC Article 2(1)(b), consolidation 2022-09-01"", ""scope"": ""Seed-market identities; cultivar groups not separate species. Current 2024-12-24 consolidation identified but anti-bot blocked; no claim of current legal eligibility""}]"
red-pea,Red pea,Lathyrus cicera,Lathyrus cicera,grain-legumes,"[""SEED_PRODUCTION""]",GROUP_LEVEL,GROUP_LEVEL,"[""1209""]","[""120929""]","[""12092980""]","[""120929""]",SOWING_SPECIFIC,"[""12092980""]",[],"[""12092980""]","[{""canonical_species_id"": ""red-pea"", ""mapping_status"": ""CN_MAPPING_NOT_SPECIES_SPECIFIC"", ""nomenclature_year"": 2026, ""cn4"": [""1209""], ""cn6"": [""120929""], ""cn8"": [""12092980""], ""hs6"": [""120929""], ""hs6_scope"": ""Hierarchy only; no species/sowing proof"", ""sowing_seed"": {""usage"": ""SOWING_SEED"", ""verified_cn8"": [""12092980""], ""limitation"": ""Product type/use must fit the official description; not an observation-level trade-flow linkage""}, ""non_sowing_commodity"": {""usage"": ""NON_SOWING_COMMODITY"", ""codes"": []}, ""official_descriptions"": [{""cn8"": ""12092980"", ""description"": ""Seeds of forage plants, for sowing (excl. cereals and fodder beet seed \""Beta vulgaris var. alba\"", sugar beet seed, lucerne seed, clover \""Trifolium spp.\"" seed, fesque seed, Kentucky blue grass \""Poa pratensis L.\"" seed, ryegrass \""Lolium multiflorum lam., Lolium perenne L.\"" seed, Timothy grass seed, vetch seed, seeds of the genus Poa palustris L and Poa trivialis L., cocksfoot grass \""Dactylis glomerata L.\"" seed, bent grass \""Agrostis\"" seed and lupine seed)"", ""worksheet_row"": 1500}], ""source_url"": ""https://www.ksh.hu/docs/osztalyozasok/kn/kn2026_structure.xlsx"", ""source_organisation"": ""Hungarian Central Statistical Office"", ""retrieval_date"": ""2026-10-02"", ""notes"": [""Residual forage-plant heading supported by original official forage seed classification; product use must be confirmed. Not a species-specific tariff classification ruling.""], ""historical_year_eligibility"": ""REVIEW_REQUIRED; no 2021–2025 tariff concordance inferred""}]","[{""year"": 2026, ""cn8"": ""12092980"", ""description"": ""Seeds of forage plants, for sowing (excl. cereals and fodder beet seed \""Beta vulgaris var. alba\"", sugar beet seed, lucerne seed, clover \""Trifolium spp.\"" seed, fesque seed, Kentucky blue grass \""Poa pratensis L.\"" seed, ryegrass \""Lolium multiflorum lam., Lolium perenne L.\"" seed, Timothy grass seed, vetch seed, seeds of the genus Poa palustris L and Poa trivialis L., cocksfoot grass \""Dactylis glomerata L.\"" seed, bent grass \""Agrostis\"" seed and lupine seed)"", ""worksheet_row"": 1500, ""source_url"": ""https://www.ksh.hu/docs/osztalyozasok/kn/kn2026_structure.xlsx"", ""source_organisation"": ""Hungarian Central Statistical Office"", ""retrieval_date"": ""2026-10-04"", ""source_sha256"": ""083d065994fd2b41037aae21dc26087300a3a013e948e1884117abdd9d87ac56""}]",false,true,false,true,"{""12092980"": {""confirmed_2025"": true, ""description_unchanged"": true, ""confirmed_2024"": false}}",2025-01,2026-06,false,false,true,"[""12092980""]",true,true,Existing mapping audited against official 2026 denomination; original scope retained.,HIGH_FOR_BOUNDED_CUSTOMS_SCOPE,"[""Customs mapping is not evidence that the species contributed any amount to a group."", ""No interpolation, proportional allocation, species shares or supply signal."", ""Taxonomy and production datasets remain unchanged.""]","[{""id"": ""v041"", ""organisation"": ""SeedTrade evidence review of official national seed authorities"", ""url"": null, ""retrieved_at"": ""2026-10-03"", ""checkpoint_sha256"": ""2b149594c48a1f0ed1de04f69835baffb4e671a04901a48a37aa88a52a7d4359"", ""scope"": ""Recovered V4.1 canonical IDs, bounded ranks, source taxon mapping and CN evidence; original checkpoint retained""}]"
lentil,Lentil,Lens culinaris,Lens culinaris,grain-legumes,"[""CATCH_CROP"", ""COVER_CROP"", ""SEED_PRODUCTION""]",PARTIAL,NOT_AVAILABLE,[],[],[],[],NOT_SOWING_SPECIFIC,[],"[""07134000""]","[""07134000""]","[{""canonical_species_id"": ""lentil"", ""mapping_status"": ""CN_MAPPING_PARTIAL"", ""nomenclature_year"": 2026, ""cn4"": [""0713""], ""cn6"": [""071340""], ""cn8"": [""07134000""], ""hs6"": [""071340""], ""hs6_scope"": ""Hierarchy only; no species/sowing proof"", ""sowing_seed"": {""usage"": ""SOWING_SEED"", ""verified_cn8"": [], ""limitation"": ""No confirmed sowing-specific code""}, ""non_sowing_commodity"": {""usage"": ""NON_SOWING_COMMODITY"", ""codes"": []}, ""official_descriptions"": [{""cn8"": ""07134000"", ""description"": ""Dried, shelled lentils, whether or not skinned or split"", ""worksheet_row"": 1130}], ""source_url"": ""https://www.ksh.hu/docs/osztalyozasok/kn/kn2026_structure.xlsx"", ""source_organisation"": ""Hungarian Central Statistical Office"", ""retrieval_date"": ""2026-10-02"", ""notes"": [""Named product heading does not distinguish sowing from other uses; mixed-use codes never appear as verified sowing or non-sowing codes.""], ""historical_year_eligibility"": ""REVIEW_REQUIRED; no 2021–2025 tariff concordance inferred""}]",[],false,false,null,false,{},null,null,false,false,false,[],true,true,Official denomination does not isolate sowing use. Commodity codes retained in audit only; never activated.,LIMITED_OR_REVIEW,"[""Customs mapping is not evidence that the species contributed any amount to a group."", ""No interpolation, proportional allocation, species shares or supply signal."", ""Taxonomy and production datasets remain unchanged.""]","[{""id"": ""lfl"", ""organisation"": ""Bavarian State Research Center for Agriculture (LfL)"", ""url"": ""https://www.lfl.bayern.de/mam/cms07/publikationen/daten/informationen/greening-zwischenfruchtanbau-lfl-information-2018.pdf"", ""retrieved_at"": ""2026-10-03"", ""document"": ""Greening und Zwischenfruchtanbau, November 2018, Annex 1 pages 8–10"", ""scope"": ""Botanical names and catch-crop mixture use; historical permitted-species list, not current subsidy/legal eligibility or production evidence""}, {""id"": ""v041"", ""organisation"": ""SeedTrade evidence review of official national seed authorities"", ""url"": null, ""retrieved_at"": ""2026-10-03"", ""checkpoint_sha256"": ""2b149594c48a1f0ed1de04f69835baffb4e671a04901a48a37aa88a52a7d4359"", ""scope"": ""Recovered V4.1 canonical IDs, bounded ranks, source taxon mapping and CN evidence; original checkpoint retained""}]"
garden-cress,Garden cress,Lepidium sativum,Lepidium sativum,vegetable-seeds,"[""CATCH_CROP"", ""COVER_CROP""]",NOT_AVAILABLE,GROUP_LEVEL,"[""1209""]","[""120991""]","[""12099180""]","[""120991""]",SOWING_SPECIFIC,"[""12099180""]",[],[],"[{""canonical_species_id"": ""garden-cress"", ""mapping_status"": ""CN_MAPPING_NOT_AVAILABLE"", ""cn4"": [], ""cn6"": [], ""cn8"": [], ""hs6"": [], ""sowing_seed"": {""usage"": ""SOWING_SEED"", ""verified_cn8"": []}, ""non_sowing_commodity"": {""usage"": ""NON_SOWING_COMMODITY"", ""codes"": []}, ""source_url"": null, ""notes"": [""No species-specific CN mapping invented""]}]","[{""year"": 2026, ""cn8"": ""12099180"", ""description"": ""Vegetable seeds for sowing (excl. salad beet or beetroot \""Beta vulgaris var. conditiva\"")"", ""worksheet_row"": 1503, ""source_url"": ""https://www.ksh.hu/docs/osztalyozasok/kn/kn2026_structure.xlsx"", ""source_organisation"": ""Hungarian Central Statistical Office"", ""retrieval_date"": ""2026-10-04"", ""source_sha256"": ""083d065994fd2b41037aae21dc26087300a3a013e948e1884117abdd9d87ac56""}]",false,true,false,true,"{""12099180"": {""confirmed_2025"": true, ""description_unchanged"": true, ""confirmed_2024"": false}}",2025-01,2026-06,false,false,true,"[""12099180""]",false,true,"Vegetable sowing seed under 12099180, excluding beet and separately classified legumes, cereals, spices and oilseeds. This is a customs group, never species-specific trade. Original botanical identity and vegetable seed use are retained.",HIGH_FOR_BOUNDED_CUSTOMS_SCOPE,"[""Customs mapping is not evidence that the species contributed any amount to a group."", ""No interpolation, proportional allocation, species shares or supply signal."", ""Taxonomy and production datasets remain unchanged.""]","[{""id"": ""lfl"", ""organisation"": ""Bavarian State Research Center for Agriculture (LfL)"", ""url"": ""https://www.lfl.bayern.de/mam/cms07/publikationen/daten/informationen/greening-zwischenfruchtanbau-lfl-information-2018.pdf"", ""retrieved_at"": ""2026-10-03"", ""document"": ""Greening und Zwischenfruchtanbau, November 2018, Annex 1 pages 8–10"", ""scope"": ""Botanical names and catch-crop mixture use; historical permitted-species list, not current subsidy/legal eligibility or production evidence""}]"
flax,Flax,Linum usitatissimum,Linum usitatissimum,oil-fibre-seeds,"[""CATCH_CROP"", ""COVER_CROP"", ""SEED_PRODUCTION""]",CONFIRMED,CONFIRMED,"[""1204""]","[""120400""]","[""12040010""]","[""120400""]",SOWING_SPECIFIC,"[""12040010""]",[],"[""12040010""]","[{""canonical_species_id"": ""flax"", ""mapping_status"": ""CN_MAPPING_CONFIRMED"", ""nomenclature_year"": 2026, ""cn4"": [""1204""], ""cn6"": [""120400""], ""cn8"": [""12040010""], ""hs6"": [""120400""], ""hs6_scope"": ""Six-digit hierarchy only; not proof of species-specific or sowing-specific classification"", ""sowing_seed"": {""usage"": ""SOWING_SEED"", ""verified_cn8"": [""12040010""], ""limitation"": null}, ""non_sowing_commodity"": {""usage"": ""NON_SOWING_COMMODITY"", ""codes"": [], ""recovered_note"": ""HS6 includes non-sowing linseed"", ""note_semantics"": ""Historical non_sowing field often describes grouped classification, not an actual commodity code""}, ""official_descriptions"": [{""cn8"": ""12040010"", ""description"": ""Linseed for sowing"", ""worksheet_row"": 1462}], ""source_url"": ""https://www.ksh.hu/docs/osztalyozasok/kn/kn2026_structure.xlsx"", ""source_organisation"": ""Hungarian Central Statistical Office"", ""retrieval_date"": ""2026-10-02"", ""notes"": [], ""historical_year_eligibility"": ""REVIEW_REQUIRED; no 2021–2025 concordance inferred""}]","[{""year"": 2026, ""cn8"": ""12040010"", ""description"": ""Linseed for sowing"", ""worksheet_row"": 1462, ""source_url"": ""https://www.ksh.hu/docs/osztalyozasok/kn/kn2026_structure.xlsx"", ""source_organisation"": ""Hungarian Central Statistical Office"", ""retrieval_date"": ""2026-10-04"", ""source_sha256"": ""083d065994fd2b41037aae21dc26087300a3a013e948e1884117abdd9d87ac56""}]",true,false,false,true,"{""12040010"": {""confirmed_2025"": true, ""description_unchanged"": true, ""confirmed_2024"": false}}",2024-01,2026-06,true,true,false,"[""12040010""]",true,true,Existing mapping audited against official 2026 denomination; original scope retained.,HIGH_FOR_BOUNDED_CUSTOMS_SCOPE,"[""Customs mapping is not evidence that the species contributed any amount to a group."", ""No interpolation, proportional allocation, species shares or supply signal."", ""Taxonomy and production datasets remain unchanged.""]","[{""id"": ""lfl"", ""organisation"": ""Bavarian State Research Center for Agriculture (LfL)"", ""url"": ""https://www.lfl.bayern.de/mam/cms07/publikationen/daten/informationen/greening-zwischenfruchtanbau-lfl-information-2018.pdf"", ""retrieved_at"": ""2026-10-03"", ""document"": ""Greening und Zwischenfruchtanbau, November 2018, Annex 1 pages 8–10"", ""scope"": ""Botanical names and catch-crop mixture use; historical permitted-species list, not current subsidy/legal eligibility or production evidence""}, {""id"": ""v041"", ""organisation"": ""SeedTrade evidence review of official national seed authorities"", ""url"": null, ""retrieved_at"": ""2026-10-03"", ""checkpoint_sha256"": ""2b149594c48a1f0ed1de04f69835baffb4e671a04901a48a37aa88a52a7d4359"", ""scope"": ""Recovered V4.1 canonical IDs, bounded ranks, source taxon mapping and CN evidence; original checkpoint retained""}]"
italian-ryegrass,Italian ryegrass,Lolium multiflorum,Lolium multiflorum,grass-seeds,"[""CATCH_CROP"", ""COVER_CROP"", ""SEED_PRODUCTION""]",CONFIRMED,CONFIRMED,"[""1209""]","[""120925""]","[""12092510""]","[""120925""]",SOWING_SPECIFIC,"[""12092510""]",[],"[""12092510""]","[{""canonical_species_id"": ""italian-ryegrass"", ""mapping_status"": ""CN_MAPPING_CONFIRMED"", ""nomenclature_year"": 2026, ""cn4"": [""1209""], ""cn6"": [""120925""], ""cn8"": [""12092510""], ""hs6"": [""120925""], ""hs6_scope"": ""Six-digit hierarchy only; not proof of species-specific or sowing-specific classification"", ""sowing_seed"": {""usage"": ""SOWING_SEED"", ""verified_cn8"": [""12092510""], ""limitation"": null}, ""non_sowing_commodity"": {""usage"": ""NON_SOWING_COMMODITY"", ""codes"": [], ""recovered_note"": null, ""note_semantics"": ""Historical non_sowing field often describes grouped classification, not an actual commodity code""}, ""official_descriptions"": [{""cn8"": ""12092510"", ""description"": ""Italian ryegrass, incl. westerwolds \""Lolium multiflorum L.\"", seed for sowing"", ""worksheet_row"": 1495}], ""source_url"": ""https://www.ksh.hu/docs/osztalyozasok/kn/kn2026_structure.xlsx"", ""source_organisation"": ""Hungarian Central Statistical Office"", ""retrieval_date"": ""2026-10-02"", ""notes"": [], ""historical_year_eligibility"": ""REVIEW_REQUIRED; no 2021–2025 concordance inferred""}]","[{""year"": 2026, ""cn8"": ""12092510"", ""description"": ""Italian ryegrass, incl. westerwolds \""Lolium multiflorum L.\"", seed for sowing"", ""worksheet_row"": 1495, ""source_url"": ""https://www.ksh.hu/docs/osztalyozasok/kn/kn2026_structure.xlsx"", ""source_organisation"": ""Hungarian Central Statistical Office"", ""retrieval_date"": ""2026-10-04"", ""source_sha256"": ""083d065994fd2b41037aae21dc26087300a3a013e948e1884117abdd9d87ac56""}]",true,false,false,true,"{""12092510"": {""confirmed_2025"": true, ""description_unchanged"": true, ""confirmed_2024"": false}}",2024-01,2026-06,true,true,false,"[""12092510""]",true,true,Existing mapping audited against official 2026 denomination; original scope retained.,HIGH_FOR_BOUNDED_CUSTOMS_SCOPE,"[""Customs mapping is not evidence that the species contributed any amount to a group."", ""No interpolation, proportional allocation, species shares or supply signal."", ""Taxonomy and production datasets remain unchanged.""]","[{""id"": ""lfl"", ""organisation"": ""Bavarian State Research Center for Agriculture (LfL)"", ""url"": ""https://www.lfl.bayern.de/mam/cms07/publikationen/daten/informationen/greening-zwischenfruchtanbau-lfl-information-2018.pdf"", ""retrieved_at"": ""2026-10-03"", ""document"": ""Greening und Zwischenfruchtanbau, November 2018, Annex 1 pages 8–10"", ""scope"": ""Botanical names and catch-crop mixture use; historical permitted-species list, not current subsidy/legal eligibility or production evidence""}, {""id"": ""v041"", ""organisation"": ""SeedTrade evidence review of official national seed authorities"", ""url"": null, ""retrieved_at"": ""2026-10-03"", ""checkpoint_sha256"": ""2b149594c48a1f0ed1de04f69835baffb4e671a04901a48a37aa88a52a7d4359"", ""scope"": ""Recovered V4.1 canonical IDs, bounded ranks, source taxon mapping and CN evidence; original checkpoint retained""}]"
perennial-ryegrass,Perennial ryegrass,Lolium perenne,Lolium perenne,grass-seeds,"[""CATCH_CROP"", ""COVER_CROP"", ""FORAGE"", ""SEED_PRODUCTION""]",CONFIRMED,CONFIRMED,"[""1209""]","[""120925""]","[""12092590""]","[""120925""]",SOWING_SPECIFIC,"[""12092590""]",[],"[""12092590""]","[{""canonical_species_id"": ""perennial-ryegrass"", ""mapping_status"": ""CN_MAPPING_CONFIRMED"", ""nomenclature_year"": 2026, ""cn4"": [""1209""], ""cn6"": [""120925""], ""cn8"": [""12092590""], ""hs6"": [""120925""], ""hs6_scope"": ""Six-digit hierarchy only; not proof of species-specific or sowing-specific classification"", ""sowing_seed"": {""usage"": ""SOWING_SEED"", ""verified_cn8"": [""12092590""], ""limitation"": null}, ""non_sowing_commodity"": {""usage"": ""NON_SOWING_COMMODITY"", ""codes"": [], ""recovered_note"": null, ""note_semantics"": ""Historical non_sowing field often describes grouped classification, not an actual commodity code""}, ""official_descriptions"": [{""cn8"": ""12092590"", ""description"": ""Perennial ryegrass \""Lolium perenne L.\"", seed for sowing"", ""worksheet_row"": 1496}], ""source_url"": ""https://www.ksh.hu/docs/osztalyozasok/kn/kn2026_structure.xlsx"", ""source_organisation"": ""Hungarian Central Statistical Office"", ""retrieval_date"": ""2026-10-02"", ""notes"": [], ""historical_year_eligibility"": ""REVIEW_REQUIRED; no 2021–2025 concordance inferred""}]","[{""year"": 2026, ""cn8"": ""12092590"", ""description"": ""Perennial ryegrass \""Lolium perenne L.\"", seed for sowing"", ""worksheet_row"": 1496, ""source_url"": ""https://www.ksh.hu/docs/osztalyozasok/kn/kn2026_structure.xlsx"", ""source_organisation"": ""Hungarian Central Statistical Office"", ""retrieval_date"": ""2026-10-04"", ""source_sha256"": ""083d065994fd2b41037aae21dc26087300a3a013e948e1884117abdd9d87ac56""}]",true,false,false,true,"{""12092590"": {""confirmed_2025"": true, ""description_unchanged"": true, ""confirmed_2024"": false}}",2024-01,2026-06,true,true,false,"[""12092590""]",true,true,Existing mapping audited against official 2026 denomination; original scope retained.,HIGH_FOR_BOUNDED_CUSTOMS_SCOPE,"[""Customs mapping is not evidence that the species contributed any amount to a group."", ""No interpolation, proportional allocation, species shares or supply signal."", ""Taxonomy and production datasets remain unchanged.""]","[{""id"": ""defra"", ""organisation"": ""Defra"", ""url"": ""https://www.gov.uk/guidance/how-to-do-the-sfi-actions-for-soils"", ""retrieved_at"": ""2026-10-03"", ""document"": ""Updated 2025-03-27; choosing a cover-crop mix and herbal ley"", ""scope"": ""Use examples; broader labels not automatically resolved to a species""}, {""id"": ""lfl"", ""organisation"": ""Bavarian State Research Center for Agriculture (LfL)"", ""url"": ""https://www.lfl.bayern.de/mam/cms07/publikationen/daten/informationen/greening-zwischenfruchtanbau-lfl-information-2018.pdf"", ""retrieved_at"": ""2026-10-03"", ""document"": ""Greening und Zwischenfruchtanbau, November 2018, Annex 1 pages 8–10"", ""scope"": ""Botanical names and catch-crop mixture use; historical permitted-species list, not current subsidy/legal eligibility or production evidence""}, {""id"": ""v041"", ""organisation"": ""SeedTrade evidence review of official national seed authorities"", ""url"": null, ""retrieved_at"": ""2026-10-03"", ""checkpoint_sha256"": ""2b149594c48a1f0ed1de04f69835baffb4e671a04901a48a37aa88a52a7d4359"", ""scope"": ""Recovered V4.1 canonical IDs, bounded ranks, source taxon mapping and CN evidence; original checkpoint retained""}]"
hybrid-ryegrass,Hybrid ryegrass,Lolium × hybridum,Lolium × hybridum,grass-seeds,"[""CATCH_CROP"", ""COVER_CROP"", ""SEED_PRODUCTION""]",REVIEW_REQUIRED,REVIEW_REQUIRED,[],[],[],[],REVIEW_REQUIRED,[],[],[],"[{""canonical_species_id"": ""hybrid-ryegrass"", ""mapping_status"": ""CN_MAPPING_REVIEW_REQUIRED"", ""nomenclature_year"": 2026, ""cn4"": [], ""cn6"": [], ""cn8"": [], ""hs6"": [], ""hs6_scope"": ""Hierarchy only; no species/sowing proof"", ""sowing_seed"": {""usage"": ""SOWING_SEED"", ""verified_cn8"": [], ""limitation"": ""No confirmed sowing-specific code""}, ""non_sowing_commodity"": {""usage"": ""NON_SOWING_COMMODITY"", ""codes"": []}, ""official_descriptions"": [], ""source_url"": ""https://www.ksh.hu/docs/osztalyozasok/kn/kn2026_structure.xlsx"", ""source_organisation"": ""Hungarian Central Statistical Office"", ""retrieval_date"": ""2026-10-02"", ""notes"": [""Taxonomy alone does not establish this hybrid/crop-use/product-form customs classification; no residual code forced.""], ""historical_year_eligibility"": ""REVIEW_REQUIRED; no 2021–2025 tariff concordance inferred""}]",[],false,false,null,false,{},null,null,false,false,false,[],true,true,Existing mapping audited against official 2026 denomination; original scope retained.,LIMITED_OR_REVIEW,"[""Customs mapping is not evidence that the species contributed any amount to a group."", ""No interpolation, proportional allocation, species shares or supply signal."", ""Taxonomy and production datasets remain unchanged.""]","[{""id"": ""lfl"", ""organisation"": ""Bavarian State Research Center for Agriculture (LfL)"", ""url"": ""https://www.lfl.bayern.de/mam/cms07/publikationen/daten/informationen/greening-zwischenfruchtanbau-lfl-information-2018.pdf"", ""retrieved_at"": ""2026-10-03"", ""document"": ""Greening und Zwischenfruchtanbau, November 2018, Annex 1 pages 8–10"", ""scope"": ""Botanical names and catch-crop mixture use; historical permitted-species list, not current subsidy/legal eligibility or production evidence""}, {""id"": ""v041"", ""organisation"": ""SeedTrade evidence review of official national seed authorities"", ""url"": null, ""retrieved_at"": ""2026-10-03"", ""checkpoint_sha256"": ""2b149594c48a1f0ed1de04f69835baffb4e671a04901a48a37aa88a52a7d4359"", ""scope"": ""Recovered V4.1 canonical IDs, bounded ranks, source taxon mapping and CN evidence; original checkpoint retained""}]"
birdsfoot-trefoil,Birdsfoot trefoil,Lotus corniculatus,Lotus corniculatus,forage-legumes,"[""CATCH_CROP"", ""COVER_CROP"", ""FORAGE"", ""SEED_PRODUCTION""]",GROUP_LEVEL,GROUP_LEVEL,"[""1209""]","[""120929""]","[""12092980""]","[""120929""]",SOWING_SPECIFIC,"[""12092980""]",[],"[""12092980""]","[{""canonical_species_id"": ""birdsfoot-trefoil"", ""mapping_status"": ""CN_MAPPING_NOT_SPECIES_SPECIFIC"", ""nomenclature_year"": 2026, ""cn4"": [""1209""], ""cn6"": [""120929""], ""cn8"": [""12092980""], ""hs6"": [""120929""], ""hs6_scope"": ""Hierarchy only; no species/sowing proof"", ""sowing_seed"": {""usage"": ""SOWING_SEED"", ""verified_cn8"": [""12092980""], ""limitation"": ""Product type/use must fit the official description; not an observation-level trade-flow linkage""}, ""non_sowing_commodity"": {""usage"": ""NON_SOWING_COMMODITY"", ""codes"": []}, ""official_descriptions"": [{""cn8"": ""12092980"", ""description"": ""Seeds of forage plants, for sowing (excl. cereals and fodder beet seed \""Beta vulgaris var. alba\"", sugar beet seed, lucerne seed, clover \""Trifolium spp.\"" seed, fesque seed, Kentucky blue grass \""Poa pratensis L.\"" seed, ryegrass \""Lolium multiflorum lam., Lolium perenne L.\"" seed, Timothy grass seed, vetch seed, seeds of the genus Poa palustris L and Poa trivialis L., cocksfoot grass \""Dactylis glomerata L.\"" seed, bent grass \""Agrostis\"" seed and lupine seed)"", ""worksheet_row"": 1500}], ""source_url"": ""https://www.ksh.hu/docs/osztalyozasok/kn/kn2026_structure.xlsx"", ""source_organisation"": ""Hungarian Central Statistical Office"", ""retrieval_date"": ""2026-10-02"", ""notes"": [""Residual forage-plant heading supported by original official forage seed classification; product use must be confirmed. Not a species-specific tariff classification ruling.""], ""historical_year_eligibility"": ""REVIEW_REQUIRED; no 2021–2025 tariff concordance inferred""}]","[{""year"": 2026, ""cn8"": ""12092980"", ""description"": ""Seeds of forage plants, for sowing (excl. cereals and fodder beet seed \""Beta vulgaris var. alba\"", sugar beet seed, lucerne seed, clover \""Trifolium spp.\"" seed, fesque seed, Kentucky blue grass \""Poa pratensis L.\"" seed, ryegrass \""Lolium multiflorum lam., Lolium perenne L.\"" seed, Timothy grass seed, vetch seed, seeds of the genus Poa palustris L and Poa trivialis L., cocksfoot grass \""Dactylis glomerata L.\"" seed, bent grass \""Agrostis\"" seed and lupine seed)"", ""worksheet_row"": 1500, ""source_url"": ""https://www.ksh.hu/docs/osztalyozasok/kn/kn2026_structure.xlsx"", ""source_organisation"": ""Hungarian Central Statistical Office"", ""retrieval_date"": ""2026-10-04"", ""source_sha256"": ""083d065994fd2b41037aae21dc26087300a3a013e948e1884117abdd9d87ac56""}]",false,true,false,true,"{""12092980"": {""confirmed_2025"": true, ""description_unchanged"": true, ""confirmed_2024"": false}}",2025-01,2026-06,false,false,true,"[""12092980""]",true,true,Existing mapping audited against official 2026 denomination; original scope retained.,HIGH_FOR_BOUNDED_CUSTOMS_SCOPE,"[""Customs mapping is not evidence that the species contributed any amount to a group."", ""No interpolation, proportional allocation, species shares or supply signal."", ""Taxonomy and production datasets remain unchanged.""]","[{""id"": ""defra"", ""organisation"": ""Defra"", ""url"": ""https://www.gov.uk/guidance/how-to-do-the-sfi-actions-for-soils"", ""retrieved_at"": ""2026-10-03"", ""document"": ""Updated 2025-03-27; choosing a cover-crop mix and herbal ley"", ""scope"": ""Use examples; broader labels not automatically resolved to a species""}, {""id"": ""lfl"", ""organisation"": ""Bavarian State Research Center for Agriculture (LfL)"", ""url"": ""https://www.lfl.bayern.de/mam/cms07/publikationen/daten/informationen/greening-zwischenfruchtanbau-lfl-information-2018.pdf"", ""retrieved_at"": ""2026-10-03"", ""document"": ""Greening und Zwischenfruchtanbau, November 2018, Annex 1 pages 8–10"", ""scope"": ""Botanical names and catch-crop mixture use; historical permitted-species list, not current subsidy/legal eligibility or production evidence""}, {""id"": ""v041"", ""organisation"": ""SeedTrade evidence review of official national seed authorities"", ""url"": null, ""retrieved_at"": ""2026-10-03"", ""checkpoint_sha256"": ""2b149594c48a1f0ed1de04f69835baffb4e671a04901a48a37aa88a52a7d4359"", ""scope"": ""Recovered V4.1 canonical IDs, bounded ranks, source taxon mapping and CN evidence; original checkpoint retained""}]"
white-lupin,White lupin,Lupinus albus,Lupinus albus,grain-legumes,"[""CATCH_CROP"", ""COVER_CROP""]",GROUP_LEVEL,GROUP_LEVEL,"[""1209""]","[""120929""]","[""12092950""]","[""120929""]",SOWING_SPECIFIC,"[""12092950""]",[],"[""12092950""]","[{""canonical_species_id"": ""white-lupin"", ""mapping_status"": ""CN_MAPPING_NOT_SPECIES_SPECIFIC"", ""nomenclature_year"": 2026, ""cn4"": [""1209""], ""cn6"": [""120929""], ""cn8"": [""12092950""], ""hs6"": [""120929""], ""hs6_scope"": ""Six-digit hierarchy only; not proof of species-specific or sowing-specific classification"", ""sowing_seed"": {""usage"": ""SOWING_SEED"", ""verified_cn8"": [""12092950""], ""limitation"": ""GROUP_SCOPE_ONLY""}, ""non_sowing_commodity"": {""usage"": ""NON_SOWING_COMMODITY"", ""codes"": [], ""recovered_note"": ""Other forage seed may be grouped"", ""note_semantics"": ""Historical non_sowing field often describes grouped classification, not an actual commodity code""}, ""official_descriptions"": [{""cn8"": ""12092950"", ""description"": ""Lupine seed for sowing"", ""worksheet_row"": 1498}], ""source_url"": ""https://www.ksh.hu/docs/osztalyozasok/kn/kn2026_structure.xlsx"", ""source_organisation"": ""Hungarian Central Statistical Office"", ""retrieval_date"": ""2026-10-02"", ""notes"": [""Identity membership only; broad customs category never allocated to this species""], ""historical_year_eligibility"": ""REVIEW_REQUIRED; no 2021–2025 concordance inferred""}]","[{""year"": 2026, ""cn8"": ""12092950"", ""description"": ""Lupine seed for sowing"", ""worksheet_row"": 1498, ""source_url"": ""https://www.ksh.hu/docs/osztalyozasok/kn/kn2026_structure.xlsx"", ""source_organisation"": ""Hungarian Central Statistical Office"", ""retrieval_date"": ""2026-10-04"", ""source_sha256"": ""083d065994fd2b41037aae21dc26087300a3a013e948e1884117abdd9d87ac56""}]",false,true,false,true,"{""12092950"": {""confirmed_2025"": true, ""description_unchanged"": true, ""confirmed_2024"": false}}",null,null,false,false,true,"[""12092950""]",true,true,Existing mapping audited against official 2026 denomination; original scope retained.,HIGH_FOR_BOUNDED_CUSTOMS_SCOPE,"[""Customs mapping is not evidence that the species contributed any amount to a group."", ""No interpolation, proportional allocation, species shares or supply signal."", ""Taxonomy and production datasets remain unchanged.""]","[{""id"": ""lfl"", ""organisation"": ""Bavarian State Research Center for Agriculture (LfL)"", ""url"": ""https://www.lfl.bayern.de/mam/cms07/publikationen/daten/informationen/greening-zwischenfruchtanbau-lfl-information-2018.pdf"", ""retrieved_at"": ""2026-10-03"", ""document"": ""Greening und Zwischenfruchtanbau, November 2018, Annex 1 pages 8–10"", ""scope"": ""Botanical names and catch-crop mixture use; historical permitted-species list, not current subsidy/legal eligibility or production evidence""}]"
narrow-leaved-lupin,Narrow-leaved lupin,Lupinus angustifolius,Lupinus angustifolius,grain-legumes,"[""CATCH_CROP"", ""COVER_CROP""]",GROUP_LEVEL,GROUP_LEVEL,"[""1209""]","[""120929""]","[""12092950""]","[""120929""]",SOWING_SPECIFIC,"[""12092950""]",[],"[""12092950""]","[{""canonical_species_id"": ""narrow-leaved-lupin"", ""mapping_status"": ""CN_MAPPING_NOT_SPECIES_SPECIFIC"", ""nomenclature_year"": 2026, ""cn4"": [""1209""], ""cn6"": [""120929""], ""cn8"": [""12092950""], ""hs6"": [""120929""], ""hs6_scope"": ""Six-digit hierarchy only; not proof of species-specific or sowing-specific classification"", ""sowing_seed"": {""usage"": ""SOWING_SEED"", ""verified_cn8"": [""12092950""], ""limitation"": ""GROUP_SCOPE_ONLY""}, ""non_sowing_commodity"": {""usage"": ""NON_SOWING_COMMODITY"", ""codes"": [], ""recovered_note"": ""Other forage seed may be grouped"", ""note_semantics"": ""Historical non_sowing field often describes grouped classification, not an actual commodity code""}, ""official_descriptions"": [{""cn8"": ""12092950"", ""description"": ""Lupine seed for sowing"", ""worksheet_row"": 1498}], ""source_url"": ""https://www.ksh.hu/docs/osztalyozasok/kn/kn2026_structure.xlsx"", ""source_organisation"": ""Hungarian Central Statistical Office"", ""retrieval_date"": ""2026-10-02"", ""notes"": [""Identity membership only; broad customs category never allocated to this species""], ""historical_year_eligibility"": ""REVIEW_REQUIRED; no 2021–2025 concordance inferred""}]","[{""year"": 2026, ""cn8"": ""12092950"", ""description"": ""Lupine seed for sowing"", ""worksheet_row"": 1498, ""source_url"": ""https://www.ksh.hu/docs/osztalyozasok/kn/kn2026_structure.xlsx"", ""source_organisation"": ""Hungarian Central Statistical Office"", ""retrieval_date"": ""2026-10-04"", ""source_sha256"": ""083d065994fd2b41037aae21dc26087300a3a013e948e1884117abdd9d87ac56""}]",false,true,false,true,"{""12092950"": {""confirmed_2025"": true, ""description_unchanged"": true, ""confirmed_2024"": false}}",null,null,false,false,true,"[""12092950""]",true,true,Existing mapping audited against official 2026 denomination; original scope retained.,HIGH_FOR_BOUNDED_CUSTOMS_SCOPE,"[""Customs mapping is not evidence that the species contributed any amount to a group."", ""No interpolation, proportional allocation, species shares or supply signal."", ""Taxonomy and production datasets remain unchanged.""]","[{""id"": ""lfl"", ""organisation"": ""Bavarian State Research Center for Agriculture (LfL)"", ""url"": ""https://www.lfl.bayern.de/mam/cms07/publikationen/daten/informationen/greening-zwischenfruchtanbau-lfl-information-2018.pdf"", ""retrieved_at"": ""2026-10-03"", ""document"": ""Greening und Zwischenfruchtanbau, November 2018, Annex 1 pages 8–10"", ""scope"": ""Botanical names and catch-crop mixture use; historical permitted-species list, not current subsidy/legal eligibility or production evidence""}]"
yellow-lupin,Yellow lupin,Lupinus luteus,Lupinus luteus,grain-legumes,"[""CATCH_CROP"", ""COVER_CROP""]",GROUP_LEVEL,GROUP_LEVEL,"[""1209""]","[""120929""]","[""12092950""]","[""120929""]",SOWING_SPECIFIC,"[""12092950""]",[],"[""12092950""]","[{""canonical_species_id"": ""yellow-lupin"", ""mapping_status"": ""CN_MAPPING_NOT_SPECIES_SPECIFIC"", ""nomenclature_year"": 2026, ""cn4"": [""1209""], ""cn6"": [""120929""], ""cn8"": [""12092950""], ""hs6"": [""120929""], ""hs6_scope"": ""Six-digit hierarchy only; not proof of species-specific or sowing-specific classification"", ""sowing_seed"": {""usage"": ""SOWING_SEED"", ""verified_cn8"": [""12092950""], ""limitation"": ""GROUP_SCOPE_ONLY""}, ""non_sowing_commodity"": {""usage"": ""NON_SOWING_COMMODITY"", ""codes"": [], ""recovered_note"": ""Other forage seed may be grouped"", ""note_semantics"": ""Historical non_sowing field often describes grouped classification, not an actual commodity code""}, ""official_descriptions"": [{""cn8"": ""12092950"", ""description"": ""Lupine seed for sowing"", ""worksheet_row"": 1498}], ""source_url"": ""https://www.ksh.hu/docs/osztalyozasok/kn/kn2026_structure.xlsx"", ""source_organisation"": ""Hungarian Central Statistical Office"", ""retrieval_date"": ""2026-10-02"", ""notes"": [""Identity membership only; broad customs category never allocated to this species""], ""historical_year_eligibility"": ""REVIEW_REQUIRED; no 2021–2025 concordance inferred""}]","[{""year"": 2026, ""cn8"": ""12092950"", ""description"": ""Lupine seed for sowing"", ""worksheet_row"": 1498, ""source_url"": ""https://www.ksh.hu/docs/osztalyozasok/kn/kn2026_structure.xlsx"", ""source_organisation"": ""Hungarian Central Statistical Office"", ""retrieval_date"": ""2026-10-04"", ""source_sha256"": ""083d065994fd2b41037aae21dc26087300a3a013e948e1884117abdd9d87ac56""}]",false,true,false,true,"{""12092950"": {""confirmed_2025"": true, ""description_unchanged"": true, ""confirmed_2024"": false}}",null,null,false,false,true,"[""12092950""]",false,true,Existing mapping audited against official 2026 denomination; original scope retained.,HIGH_FOR_BOUNDED_CUSTOMS_SCOPE,"[""Customs mapping is not evidence that the species contributed any amount to a group."", ""No interpolation, proportional allocation, species shares or supply signal."", ""Taxonomy and production datasets remain unchanged.""]","[{""id"": ""lfl"", ""organisation"": ""Bavarian State Research Center for Agriculture (LfL)"", ""url"": ""https://www.lfl.bayern.de/mam/cms07/publikationen/daten/informationen/greening-zwischenfruchtanbau-lfl-information-2018.pdf"", ""retrieved_at"": ""2026-10-03"", ""document"": ""Greening und Zwischenfruchtanbau, November 2018, Annex 1 pages 8–10"", ""scope"": ""Botanical names and catch-crop mixture use; historical permitted-species list, not current subsidy/legal eligibility or production evidence""}]"
black-medick,Black medick,Medicago lupulina,Medicago lupulina,forage-legumes,"[""CATCH_CROP"", ""COVER_CROP"", ""FORAGE"", ""SEED_PRODUCTION""]",GROUP_LEVEL,GROUP_LEVEL,"[""1209""]","[""120929""]","[""12092980""]","[""120929""]",SOWING_SPECIFIC,"[""12092980""]",[],"[""12092980""]","[{""canonical_species_id"": ""black-medick"", ""mapping_status"": ""CN_MAPPING_NOT_SPECIES_SPECIFIC"", ""nomenclature_year"": 2026, ""cn4"": [""1209""], ""cn6"": [""120929""], ""cn8"": [""12092980""], ""hs6"": [""120929""], ""hs6_scope"": ""Hierarchy only; no species/sowing proof"", ""sowing_seed"": {""usage"": ""SOWING_SEED"", ""verified_cn8"": [""12092980""], ""limitation"": ""Product type/use must fit the official description; not an observation-level trade-flow linkage""}, ""non_sowing_commodity"": {""usage"": ""NON_SOWING_COMMODITY"", ""codes"": []}, ""official_descriptions"": [{""cn8"": ""12092980"", ""description"": ""Seeds of forage plants, for sowing (excl. cereals and fodder beet seed \""Beta vulgaris var. alba\"", sugar beet seed, lucerne seed, clover \""Trifolium spp.\"" seed, fesque seed, Kentucky blue grass \""Poa pratensis L.\"" seed, ryegrass \""Lolium multiflorum lam., Lolium perenne L.\"" seed, Timothy grass seed, vetch seed, seeds of the genus Poa palustris L and Poa trivialis L., cocksfoot grass \""Dactylis glomerata L.\"" seed, bent grass \""Agrostis\"" seed and lupine seed)"", ""worksheet_row"": 1500}], ""source_url"": ""https://www.ksh.hu/docs/osztalyozasok/kn/kn2026_structure.xlsx"", ""source_organisation"": ""Hungarian Central Statistical Office"", ""retrieval_date"": ""2026-10-02"", ""notes"": [""Residual forage-plant heading supported by original official forage seed classification; product use must be confirmed. Not a species-specific tariff classification ruling.""], ""historical_year_eligibility"": ""REVIEW_REQUIRED; no 2021–2025 tariff concordance inferred""}]","[{""year"": 2026, ""cn8"": ""12092980"", ""description"": ""Seeds of forage plants, for sowing (excl. cereals and fodder beet seed \""Beta vulgaris var. alba\"", sugar beet seed, lucerne seed, clover \""Trifolium spp.\"" seed, fesque seed, Kentucky blue grass \""Poa pratensis L.\"" seed, ryegrass \""Lolium multiflorum lam., Lolium perenne L.\"" seed, Timothy grass seed, vetch seed, seeds of the genus Poa palustris L and Poa trivialis L., cocksfoot grass \""Dactylis glomerata L.\"" seed, bent grass \""Agrostis\"" seed and lupine seed)"", ""worksheet_row"": 1500, ""source_url"": ""https://www.ksh.hu/docs/osztalyozasok/kn/kn2026_structure.xlsx"", ""source_organisation"": ""Hungarian Central Statistical Office"", ""retrieval_date"": ""2026-10-04"", ""source_sha256"": ""083d065994fd2b41037aae21dc26087300a3a013e948e1884117abdd9d87ac56""}]",false,true,false,true,"{""12092980"": {""confirmed_2025"": true, ""description_unchanged"": true, ""confirmed_2024"": false}}",2025-01,2026-06,false,false,true,"[""12092980""]",true,true,Existing mapping audited against official 2026 denomination; original scope retained.,HIGH_FOR_BOUNDED_CUSTOMS_SCOPE,"[""Customs mapping is not evidence that the species contributed any amount to a group."", ""No interpolation, proportional allocation, species shares or supply signal."", ""Taxonomy and production datasets remain unchanged.""]","[{""id"": ""defra"", ""organisation"": ""Defra"", ""url"": ""https://www.gov.uk/guidance/how-to-do-the-sfi-actions-for-soils"", ""retrieved_at"": ""2026-10-03"", ""document"": ""Updated 2025-03-27; choosing a cover-crop mix and herbal ley"", ""scope"": ""Use examples; broader labels not automatically resolved to a species""}, {""id"": ""lfl"", ""organisation"": ""Bavarian State Research Center for Agriculture (LfL)"", ""url"": ""https://www.lfl.bayern.de/mam/cms07/publikationen/daten/informationen/greening-zwischenfruchtanbau-lfl-information-2018.pdf"", ""retrieved_at"": ""2026-10-03"", ""document"": ""Greening und Zwischenfruchtanbau, November 2018, Annex 1 pages 8–10"", ""scope"": ""Botanical names and catch-crop mixture use; historical permitted-species list, not current subsidy/legal eligibility or production evidence""}, {""id"": ""v041"", ""organisation"": ""SeedTrade evidence review of official national seed authorities"", ""url"": null, ""retrieved_at"": ""2026-10-03"", ""checkpoint_sha256"": ""2b149594c48a1f0ed1de04f69835baffb4e671a04901a48a37aa88a52a7d4359"", ""scope"": ""Recovered V4.1 canonical IDs, bounded ranks, source taxon mapping and CN evidence; original checkpoint retained""}]"
bur-medick,Bur medick,Medicago polymorpha,Medicago polymorpha,forage-legumes,"[""SEED_PRODUCTION""]",GROUP_LEVEL,GROUP_LEVEL,"[""1209""]","[""120929""]","[""12092980""]","[""120929""]",SOWING_SPECIFIC,"[""12092980""]",[],"[""12092980""]","[{""canonical_species_id"": ""bur-medick"", ""mapping_status"": ""CN_MAPPING_NOT_SPECIES_SPECIFIC"", ""nomenclature_year"": 2026, ""cn4"": [""1209""], ""cn6"": [""120929""], ""cn8"": [""12092980""], ""hs6"": [""120929""], ""hs6_scope"": ""Hierarchy only; no species/sowing proof"", ""sowing_seed"": {""usage"": ""SOWING_SEED"", ""verified_cn8"": [""12092980""], ""limitation"": ""Product type/use must fit the official description; not an observation-level trade-flow linkage""}, ""non_sowing_commodity"": {""usage"": ""NON_SOWING_COMMODITY"", ""codes"": []}, ""official_descriptions"": [{""cn8"": ""12092980"", ""description"": ""Seeds of forage plants, for sowing (excl. cereals and fodder beet seed \""Beta vulgaris var. alba\"", sugar beet seed, lucerne seed, clover \""Trifolium spp.\"" seed, fesque seed, Kentucky blue grass \""Poa pratensis L.\"" seed, ryegrass \""Lolium multiflorum lam., Lolium perenne L.\"" seed, Timothy grass seed, vetch seed, seeds of the genus Poa palustris L and Poa trivialis L., cocksfoot grass \""Dactylis glomerata L.\"" seed, bent grass \""Agrostis\"" seed and lupine seed)"", ""worksheet_row"": 1500}], ""source_url"": ""https://www.ksh.hu/docs/osztalyozasok/kn/kn2026_structure.xlsx"", ""source_organisation"": ""Hungarian Central Statistical Office"", ""retrieval_date"": ""2026-10-02"", ""notes"": [""Residual forage-plant heading supported by original official forage seed classification; product use must be confirmed. Not a species-specific tariff classification ruling.""], ""historical_year_eligibility"": ""REVIEW_REQUIRED; no 2021–2025 tariff concordance inferred""}]","[{""year"": 2026, ""cn8"": ""12092980"", ""description"": ""Seeds of forage plants, for sowing (excl. cereals and fodder beet seed \""Beta vulgaris var. alba\"", sugar beet seed, lucerne seed, clover \""Trifolium spp.\"" seed, fesque seed, Kentucky blue grass \""Poa pratensis L.\"" seed, ryegrass \""Lolium multiflorum lam., Lolium perenne L.\"" seed, Timothy grass seed, vetch seed, seeds of the genus Poa palustris L and Poa trivialis L., cocksfoot grass \""Dactylis glomerata L.\"" seed, bent grass \""Agrostis\"" seed and lupine seed)"", ""worksheet_row"": 1500, ""source_url"": ""https://www.ksh.hu/docs/osztalyozasok/kn/kn2026_structure.xlsx"", ""source_organisation"": ""Hungarian Central Statistical Office"", ""retrieval_date"": ""2026-10-04"", ""source_sha256"": ""083d065994fd2b41037aae21dc26087300a3a013e948e1884117abdd9d87ac56""}]",false,true,false,true,"{""12092980"": {""confirmed_2025"": true, ""description_unchanged"": true, ""confirmed_2024"": false}}",2025-01,2026-06,false,false,true,"[""12092980""]",true,true,Existing mapping audited against official 2026 denomination; original scope retained.,HIGH_FOR_BOUNDED_CUSTOMS_SCOPE,"[""Customs mapping is not evidence that the species contributed any amount to a group."", ""No interpolation, proportional allocation, species shares or supply signal."", ""Taxonomy and production datasets remain unchanged.""]","[{""id"": ""v041"", ""organisation"": ""SeedTrade evidence review of official national seed authorities"", ""url"": null, ""retrieved_at"": ""2026-10-03"", ""checkpoint_sha256"": ""2b149594c48a1f0ed1de04f69835baffb4e671a04901a48a37aa88a52a7d4359"", ""scope"": ""Recovered V4.1 canonical IDs, bounded ranks, source taxon mapping and CN evidence; original checkpoint retained""}]"
alfalfa,Alfalfa / lucerne,Medicago sativa,Medicago sativa,forage-legumes,"[""CATCH_CROP"", ""COVER_CROP"", ""FORAGE"", ""SEED_PRODUCTION""]",CONFIRMED,CONFIRMED,"[""1209""]","[""120921""]","[""12092100""]","[""120921""]",SOWING_SPECIFIC,"[""12092100""]",[],"[""12092100""]","[{""canonical_species_id"": ""alfalfa"", ""mapping_status"": ""CN_MAPPING_CONFIRMED"", ""nomenclature_year"": 2026, ""cn4"": [""1209""], ""cn6"": [""120921""], ""cn8"": [""12092100""], ""hs6"": [""120921""], ""hs6_scope"": ""Six-digit hierarchy only; not proof of species-specific or sowing-specific classification"", ""sowing_seed"": {""usage"": ""SOWING_SEED"", ""verified_cn8"": [""12092100""], ""limitation"": null}, ""non_sowing_commodity"": {""usage"": ""NON_SOWING_COMMODITY"", ""codes"": [], ""recovered_note"": null, ""note_semantics"": ""Historical non_sowing field often describes grouped classification, not an actual commodity code""}, ""official_descriptions"": [{""cn8"": ""12092100"", ""description"": ""Alfalfa seed for sowing"", ""worksheet_row"": 1488}], ""source_url"": ""https://www.ksh.hu/docs/osztalyozasok/kn/kn2026_structure.xlsx"", ""source_organisation"": ""Hungarian Central Statistical Office"", ""retrieval_date"": ""2026-10-02"", ""notes"": [], ""historical_year_eligibility"": ""REVIEW_REQUIRED; no 2021–2025 concordance inferred""}]","[{""year"": 2026, ""cn8"": ""12092100"", ""description"": ""Alfalfa seed for sowing"", ""worksheet_row"": 1488, ""source_url"": ""https://www.ksh.hu/docs/osztalyozasok/kn/kn2026_structure.xlsx"", ""source_organisation"": ""Hungarian Central Statistical Office"", ""retrieval_date"": ""2026-10-04"", ""source_sha256"": ""083d065994fd2b41037aae21dc26087300a3a013e948e1884117abdd9d87ac56""}]",true,false,false,true,"{""12092100"": {""confirmed_2025"": true, ""description_unchanged"": true, ""confirmed_2024"": false}}",2024-01,2026-06,true,true,false,"[""12092100""]",true,true,Existing mapping audited against official 2026 denomination; original scope retained.,HIGH_FOR_BOUNDED_CUSTOMS_SCOPE,"[""Customs mapping is not evidence that the species contributed any amount to a group."", ""No interpolation, proportional allocation, species shares or supply signal."", ""Taxonomy and production datasets remain unchanged.""]","[{""id"": ""defra"", ""organisation"": ""Defra"", ""url"": ""https://www.gov.uk/guidance/how-to-do-the-sfi-actions-for-soils"", ""retrieved_at"": ""2026-10-03"", ""document"": ""Updated 2025-03-27; choosing a cover-crop mix and herbal ley"", ""scope"": ""Use examples; broader labels not automatically resolved to a species""}, {""id"": ""lfl"", ""organisation"": ""Bavarian State Research Center for Agriculture (LfL)"", ""url"": ""https://www.lfl.bayern.de/mam/cms07/publikationen/daten/informationen/greening-zwischenfruchtanbau-lfl-information-2018.pdf"", ""retrieved_at"": ""2026-10-03"", ""document"": ""Greening und Zwischenfruchtanbau, November 2018, Annex 1 pages 8–10"", ""scope"": ""Botanical names and catch-crop mixture use; historical permitted-species list, not current subsidy/legal eligibility or production evidence""}, {""id"": ""v041"", ""organisation"": ""SeedTrade evidence review of official national seed authorities"", ""url"": null, ""retrieved_at"": ""2026-10-03"", ""checkpoint_sha256"": ""2b149594c48a1f0ed1de04f69835baffb4e671a04901a48a37aa88a52a7d4359"", ""scope"": ""Recovered V4.1 canonical IDs, bounded ranks, source taxon mapping and CN evidence; original checkpoint retained""}]"
hybrid-lucerne,Hybrid lucerne,Medicago × varia,Medicago × varia,forage-legumes,"[""SEED_PRODUCTION""]",REVIEW_REQUIRED,REVIEW_REQUIRED,[],[],[],[],REVIEW_REQUIRED,[],[],[],"[{""canonical_species_id"": ""hybrid-lucerne"", ""mapping_status"": ""CN_MAPPING_REVIEW_REQUIRED"", ""nomenclature_year"": 2026, ""cn4"": [], ""cn6"": [], ""cn8"": [], ""hs6"": [], ""hs6_scope"": ""Hierarchy only; no species/sowing proof"", ""sowing_seed"": {""usage"": ""SOWING_SEED"", ""verified_cn8"": [], ""limitation"": ""No confirmed sowing-specific code""}, ""non_sowing_commodity"": {""usage"": ""NON_SOWING_COMMODITY"", ""codes"": []}, ""official_descriptions"": [], ""source_url"": ""https://www.ksh.hu/docs/osztalyozasok/kn/kn2026_structure.xlsx"", ""source_organisation"": ""Hungarian Central Statistical Office"", ""retrieval_date"": ""2026-10-02"", ""notes"": [""Taxonomy alone does not establish this hybrid/crop-use/product-form customs classification; no residual code forced.""], ""historical_year_eligibility"": ""REVIEW_REQUIRED; no 2021–2025 tariff concordance inferred""}]",[],false,false,null,false,{},null,null,false,false,false,[],true,true,Existing mapping audited against official 2026 denomination; original scope retained.,LIMITED_OR_REVIEW,"[""Customs mapping is not evidence that the species contributed any amount to a group."", ""No interpolation, proportional allocation, species shares or supply signal."", ""Taxonomy and production datasets remain unchanged.""]","[{""id"": ""v041"", ""organisation"": ""SeedTrade evidence review of official national seed authorities"", ""url"": null, ""retrieved_at"": ""2026-10-03"", ""checkpoint_sha256"": ""2b149594c48a1f0ed1de04f69835baffb4e671a04901a48a37aa88a52a7d4359"", ""scope"": ""Recovered V4.1 canonical IDs, bounded ranks, source taxon mapping and CN evidence; original checkpoint retained""}]"
white-sweetclover,White sweetclover,Melilotus albus,Melilotus albus,forage-legumes,"[""COVER_CROP""]",NOT_AVAILABLE,GROUP_LEVEL,"[""1209""]","[""120929""]","[""12092980""]","[""120929""]",SOWING_SPECIFIC,"[""12092980""]",[],[],"[{""canonical_species_id"": ""white-sweetclover"", ""mapping_status"": ""CN_MAPPING_NOT_AVAILABLE"", ""cn4"": [], ""cn6"": [], ""cn8"": [], ""hs6"": [], ""sowing_seed"": {""usage"": ""SOWING_SEED"", ""verified_cn8"": []}, ""non_sowing_commodity"": {""usage"": ""NON_SOWING_COMMODITY"", ""codes"": []}, ""source_url"": null, ""notes"": [""No species-specific CN mapping invented""]}]","[{""year"": 2026, ""cn8"": ""12092980"", ""description"": ""Seeds of forage plants, for sowing (excl. cereals and fodder beet seed \""Beta vulgaris var. alba\"", sugar beet seed, lucerne seed, clover \""Trifolium spp.\"" seed, fesque seed, Kentucky blue grass \""Poa pratensis L.\"" seed, ryegrass \""Lolium multiflorum lam., Lolium perenne L.\"" seed, Timothy grass seed, vetch seed, seeds of the genus Poa palustris L and Poa trivialis L., cocksfoot grass \""Dactylis glomerata L.\"" seed, bent grass \""Agrostis\"" seed and lupine seed)"", ""worksheet_row"": 1500, ""source_url"": ""https://www.ksh.hu/docs/osztalyozasok/kn/kn2026_structure.xlsx"", ""source_organisation"": ""Hungarian Central Statistical Office"", ""retrieval_date"": ""2026-10-04"", ""source_sha256"": ""083d065994fd2b41037aae21dc26087300a3a013e948e1884117abdd9d87ac56""}]",false,true,false,true,"{""12092980"": {""confirmed_2025"": true, ""description_unchanged"": true, ""confirmed_2024"": false}}",2025-01,2026-06,false,false,true,"[""12092980""]",false,true,Forage sowing seed residual group only for declared forage use; Melilotus albus is not Trifolium. Other uses are outside this mapping.,HIGH_FOR_BOUNDED_CUSTOMS_SCOPE,"[""Customs mapping is not evidence that the species contributed any amount to a group."", ""No interpolation, proportional allocation, species shares or supply signal."", ""Taxonomy and production datasets remain unchanged.""]","[{""id"": ""lfl"", ""organisation"": ""Bavarian State Research Center for Agriculture (LfL)"", ""url"": ""https://www.lfl.bayern.de/mam/cms07/publikationen/daten/informationen/greening-zwischenfruchtanbau-lfl-information-2018.pdf"", ""retrieved_at"": ""2026-10-03"", ""document"": ""Greening und Zwischenfruchtanbau, November 2018, Annex 1 pages 8–10"", ""scope"": ""Botanical names and catch-crop mixture use; historical permitted-species list, not current subsidy/legal eligibility or production evidence""}, {""id"": ""sweetclover"", ""organisation"": ""University of California Davis SAREP"", ""url"": ""https://sarep.ucdavis.edu/covercrop/sweetclovers"", ""retrieved_at"": ""2026-10-03"", ""scope"": ""White/yellow sweetclover identities and cover-crop use; paired with LfL Melilotus genus eligibility; not proof of EU seed production""}]"
yellow-sweetclover,Yellow sweetclover,Melilotus officinalis,Melilotus officinalis,forage-legumes,"[""COVER_CROP""]",NOT_AVAILABLE,GROUP_LEVEL,"[""1209""]","[""120929""]","[""12092980""]","[""120929""]",SOWING_SPECIFIC,"[""12092980""]",[],[],"[{""canonical_species_id"": ""yellow-sweetclover"", ""mapping_status"": ""CN_MAPPING_NOT_AVAILABLE"", ""cn4"": [], ""cn6"": [], ""cn8"": [], ""hs6"": [], ""sowing_seed"": {""usage"": ""SOWING_SEED"", ""verified_cn8"": []}, ""non_sowing_commodity"": {""usage"": ""NON_SOWING_COMMODITY"", ""codes"": []}, ""source_url"": null, ""notes"": [""No species-specific CN mapping invented""]}]","[{""year"": 2026, ""cn8"": ""12092980"", ""description"": ""Seeds of forage plants, for sowing (excl. cereals and fodder beet seed \""Beta vulgaris var. alba\"", sugar beet seed, lucerne seed, clover \""Trifolium spp.\"" seed, fesque seed, Kentucky blue grass \""Poa pratensis L.\"" seed, ryegrass \""Lolium multiflorum lam., Lolium perenne L.\"" seed, Timothy grass seed, vetch seed, seeds of the genus Poa palustris L and Poa trivialis L., cocksfoot grass \""Dactylis glomerata L.\"" seed, bent grass \""Agrostis\"" seed and lupine seed)"", ""worksheet_row"": 1500, ""source_url"": ""https://www.ksh.hu/docs/osztalyozasok/kn/kn2026_structure.xlsx"", ""source_organisation"": ""Hungarian Central Statistical Office"", ""retrieval_date"": ""2026-10-04"", ""source_sha256"": ""083d065994fd2b41037aae21dc26087300a3a013e948e1884117abdd9d87ac56""}]",false,true,false,true,"{""12092980"": {""confirmed_2025"": true, ""description_unchanged"": true, ""confirmed_2024"": false}}",2025-01,2026-06,false,false,true,"[""12092980""]",false,true,Forage sowing seed residual group only for declared forage use; Melilotus officinalis is not Trifolium. Other uses are outside this mapping.,HIGH_FOR_BOUNDED_CUSTOMS_SCOPE,"[""Customs mapping is not evidence that the species contributed any amount to a group."", ""No interpolation, proportional allocation, species shares or supply signal."", ""Taxonomy and production datasets remain unchanged.""]","[{""id"": ""lfl"", ""organisation"": ""Bavarian State Research Center for Agriculture (LfL)"", ""url"": ""https://www.lfl.bayern.de/mam/cms07/publikationen/daten/informationen/greening-zwischenfruchtanbau-lfl-information-2018.pdf"", ""retrieved_at"": ""2026-10-03"", ""document"": ""Greening und Zwischenfruchtanbau, November 2018, Annex 1 pages 8–10"", ""scope"": ""Botanical names and catch-crop mixture use; historical permitted-species list, not current subsidy/legal eligibility or production evidence""}, {""id"": ""sweetclover"", ""organisation"": ""University of California Davis SAREP"", ""url"": ""https://sarep.ucdavis.edu/covercrop/sweetclovers"", ""retrieved_at"": ""2026-10-03"", ""scope"": ""White/yellow sweetclover identities and cover-crop use; paired with LfL Melilotus genus eligibility; not proof of EU seed production""}]"
sainfoin,Sainfoin,Onobrychis viciifolia,Onobrychis viciifolia,forage-legumes,"[""FORAGE"", ""SEED_PRODUCTION""]",GROUP_LEVEL,GROUP_LEVEL,"[""1209""]","[""120929""]","[""12092980""]","[""120929""]",SOWING_SPECIFIC,"[""12092980""]",[],"[""12092980""]","[{""canonical_species_id"": ""sainfoin"", ""mapping_status"": ""CN_MAPPING_NOT_SPECIES_SPECIFIC"", ""nomenclature_year"": 2026, ""cn4"": [""1209""], ""cn6"": [""120929""], ""cn8"": [""12092980""], ""hs6"": [""120929""], ""hs6_scope"": ""Hierarchy only; no species/sowing proof"", ""sowing_seed"": {""usage"": ""SOWING_SEED"", ""verified_cn8"": [""12092980""], ""limitation"": ""Product type/use must fit the official description; not an observation-level trade-flow linkage""}, ""non_sowing_commodity"": {""usage"": ""NON_SOWING_COMMODITY"", ""codes"": []}, ""official_descriptions"": [{""cn8"": ""12092980"", ""description"": ""Seeds of forage plants, for sowing (excl. cereals and fodder beet seed \""Beta vulgaris var. alba\"", sugar beet seed, lucerne seed, clover \""Trifolium spp.\"" seed, fesque seed, Kentucky blue grass \""Poa pratensis L.\"" seed, ryegrass \""Lolium multiflorum lam., Lolium perenne L.\"" seed, Timothy grass seed, vetch seed, seeds of the genus Poa palustris L and Poa trivialis L., cocksfoot grass \""Dactylis glomerata L.\"" seed, bent grass \""Agrostis\"" seed and lupine seed)"", ""worksheet_row"": 1500}], ""source_url"": ""https://www.ksh.hu/docs/osztalyozasok/kn/kn2026_structure.xlsx"", ""source_organisation"": ""Hungarian Central Statistical Office"", ""retrieval_date"": ""2026-10-02"", ""notes"": [""Residual forage-plant heading supported by original official forage seed classification; product use must be confirmed. Not a species-specific tariff classification ruling.""], ""historical_year_eligibility"": ""REVIEW_REQUIRED; no 2021–2025 tariff concordance inferred""}]","[{""year"": 2026, ""cn8"": ""12092980"", ""description"": ""Seeds of forage plants, for sowing (excl. cereals and fodder beet seed \""Beta vulgaris var. alba\"", sugar beet seed, lucerne seed, clover \""Trifolium spp.\"" seed, fesque seed, Kentucky blue grass \""Poa pratensis L.\"" seed, ryegrass \""Lolium multiflorum lam., Lolium perenne L.\"" seed, Timothy grass seed, vetch seed, seeds of the genus Poa palustris L and Poa trivialis L., cocksfoot grass \""Dactylis glomerata L.\"" seed, bent grass \""Agrostis\"" seed and lupine seed)"", ""worksheet_row"": 1500, ""source_url"": ""https://www.ksh.hu/docs/osztalyozasok/kn/kn2026_structure.xlsx"", ""source_organisation"": ""Hungarian Central Statistical Office"", ""retrieval_date"": ""2026-10-04"", ""source_sha256"": ""083d065994fd2b41037aae21dc26087300a3a013e948e1884117abdd9d87ac56""}]",false,true,false,true,"{""12092980"": {""confirmed_2025"": true, ""description_unchanged"": true, ""confirmed_2024"": false}}",2025-01,2026-06,false,false,true,"[""12092980""]",true,true,Existing mapping audited against official 2026 denomination; original scope retained.,HIGH_FOR_BOUNDED_CUSTOMS_SCOPE,"[""Customs mapping is not evidence that the species contributed any amount to a group."", ""No interpolation, proportional allocation, species shares or supply signal."", ""Taxonomy and production datasets remain unchanged.""]","[{""id"": ""defra"", ""organisation"": ""Defra"", ""url"": ""https://www.gov.uk/guidance/how-to-do-the-sfi-actions-for-soils"", ""retrieved_at"": ""2026-10-03"", ""document"": ""Updated 2025-03-27; choosing a cover-crop mix and herbal ley"", ""scope"": ""Use examples; broader labels not automatically resolved to a species""}, {""id"": ""v041"", ""organisation"": ""SeedTrade evidence review of official national seed authorities"", ""url"": null, ""retrieved_at"": ""2026-10-03"", ""checkpoint_sha256"": ""2b149594c48a1f0ed1de04f69835baffb4e671a04901a48a37aa88a52a7d4359"", ""scope"": ""Recovered V4.1 canonical IDs, bounded ranks, source taxon mapping and CN evidence; original checkpoint retained""}]"
yellow-serradella,Yellow serradella,Ornithopus compressus,Ornithopus compressus,forage-legumes,"[""SEED_PRODUCTION""]",GROUP_LEVEL,GROUP_LEVEL,"[""1209""]","[""120929""]","[""12092980""]","[""120929""]",SOWING_SPECIFIC,"[""12092980""]",[],"[""12092980""]","[{""canonical_species_id"": ""yellow-serradella"", ""mapping_status"": ""CN_MAPPING_NOT_SPECIES_SPECIFIC"", ""nomenclature_year"": 2026, ""cn4"": [""1209""], ""cn6"": [""120929""], ""cn8"": [""12092980""], ""hs6"": [""120929""], ""hs6_scope"": ""Hierarchy only; no species/sowing proof"", ""sowing_seed"": {""usage"": ""SOWING_SEED"", ""verified_cn8"": [""12092980""], ""limitation"": ""Product type/use must fit the official description; not an observation-level trade-flow linkage""}, ""non_sowing_commodity"": {""usage"": ""NON_SOWING_COMMODITY"", ""codes"": []}, ""official_descriptions"": [{""cn8"": ""12092980"", ""description"": ""Seeds of forage plants, for sowing (excl. cereals and fodder beet seed \""Beta vulgaris var. alba\"", sugar beet seed, lucerne seed, clover \""Trifolium spp.\"" seed, fesque seed, Kentucky blue grass \""Poa pratensis L.\"" seed, ryegrass \""Lolium multiflorum lam., Lolium perenne L.\"" seed, Timothy grass seed, vetch seed, seeds of the genus Poa palustris L and Poa trivialis L., cocksfoot grass \""Dactylis glomerata L.\"" seed, bent grass \""Agrostis\"" seed and lupine seed)"", ""worksheet_row"": 1500}], ""source_url"": ""https://www.ksh.hu/docs/osztalyozasok/kn/kn2026_structure.xlsx"", ""source_organisation"": ""Hungarian Central Statistical Office"", ""retrieval_date"": ""2026-10-02"", ""notes"": [""Residual forage-plant heading supported by original official forage seed classification; product use must be confirmed. Not a species-specific tariff classification ruling.""], ""historical_year_eligibility"": ""REVIEW_REQUIRED; no 2021–2025 tariff concordance inferred""}]","[{""year"": 2026, ""cn8"": ""12092980"", ""description"": ""Seeds of forage plants, for sowing (excl. cereals and fodder beet seed \""Beta vulgaris var. alba\"", sugar beet seed, lucerne seed, clover \""Trifolium spp.\"" seed, fesque seed, Kentucky blue grass \""Poa pratensis L.\"" seed, ryegrass \""Lolium multiflorum lam., Lolium perenne L.\"" seed, Timothy grass seed, vetch seed, seeds of the genus Poa palustris L and Poa trivialis L., cocksfoot grass \""Dactylis glomerata L.\"" seed, bent grass \""Agrostis\"" seed and lupine seed)"", ""worksheet_row"": 1500, ""source_url"": ""https://www.ksh.hu/docs/osztalyozasok/kn/kn2026_structure.xlsx"", ""source_organisation"": ""Hungarian Central Statistical Office"", ""retrieval_date"": ""2026-10-04"", ""source_sha256"": ""083d065994fd2b41037aae21dc26087300a3a013e948e1884117abdd9d87ac56""}]",false,true,false,true,"{""12092980"": {""confirmed_2025"": true, ""description_unchanged"": true, ""confirmed_2024"": false}}",2025-01,2026-06,false,false,true,"[""12092980""]",true,true,Existing mapping audited against official 2026 denomination; original scope retained.,HIGH_FOR_BOUNDED_CUSTOMS_SCOPE,"[""Customs mapping is not evidence that the species contributed any amount to a group."", ""No interpolation, proportional allocation, species shares or supply signal."", ""Taxonomy and production datasets remain unchanged.""]","[{""id"": ""v041"", ""organisation"": ""SeedTrade evidence review of official national seed authorities"", ""url"": null, ""retrieved_at"": ""2026-10-03"", ""checkpoint_sha256"": ""2b149594c48a1f0ed1de04f69835baffb4e671a04901a48a37aa88a52a7d4359"", ""scope"": ""Recovered V4.1 canonical IDs, bounded ranks, source taxon mapping and CN evidence; original checkpoint retained""}]"
serradella,Serradella,Ornithopus sativus,Ornithopus sativus,forage-legumes,"[""CATCH_CROP"", ""COVER_CROP"", ""SEED_PRODUCTION""]",GROUP_LEVEL,GROUP_LEVEL,"[""1209""]","[""120929""]","[""12092980""]","[""120929""]",SOWING_SPECIFIC,"[""12092980""]",[],"[""12092980""]","[{""canonical_species_id"": ""serradella"", ""mapping_status"": ""CN_MAPPING_NOT_SPECIES_SPECIFIC"", ""nomenclature_year"": 2026, ""cn4"": [""1209""], ""cn6"": [""120929""], ""cn8"": [""12092980""], ""hs6"": [""120929""], ""hs6_scope"": ""Hierarchy only; no species/sowing proof"", ""sowing_seed"": {""usage"": ""SOWING_SEED"", ""verified_cn8"": [""12092980""], ""limitation"": ""Product type/use must fit the official description; not an observation-level trade-flow linkage""}, ""non_sowing_commodity"": {""usage"": ""NON_SOWING_COMMODITY"", ""codes"": []}, ""official_descriptions"": [{""cn8"": ""12092980"", ""description"": ""Seeds of forage plants, for sowing (excl. cereals and fodder beet seed \""Beta vulgaris var. alba\"", sugar beet seed, lucerne seed, clover \""Trifolium spp.\"" seed, fesque seed, Kentucky blue grass \""Poa pratensis L.\"" seed, ryegrass \""Lolium multiflorum lam., Lolium perenne L.\"" seed, Timothy grass seed, vetch seed, seeds of the genus Poa palustris L and Poa trivialis L., cocksfoot grass \""Dactylis glomerata L.\"" seed, bent grass \""Agrostis\"" seed and lupine seed)"", ""worksheet_row"": 1500}], ""source_url"": ""https://www.ksh.hu/docs/osztalyozasok/kn/kn2026_structure.xlsx"", ""source_organisation"": ""Hungarian Central Statistical Office"", ""retrieval_date"": ""2026-10-02"", ""notes"": [""Residual forage-plant heading supported by original official forage seed classification; product use must be confirmed. Not a species-specific tariff classification ruling.""], ""historical_year_eligibility"": ""REVIEW_REQUIRED; no 2021–2025 tariff concordance inferred""}]","[{""year"": 2026, ""cn8"": ""12092980"", ""description"": ""Seeds of forage plants, for sowing (excl. cereals and fodder beet seed \""Beta vulgaris var. alba\"", sugar beet seed, lucerne seed, clover \""Trifolium spp.\"" seed, fesque seed, Kentucky blue grass \""Poa pratensis L.\"" seed, ryegrass \""Lolium multiflorum lam., Lolium perenne L.\"" seed, Timothy grass seed, vetch seed, seeds of the genus Poa palustris L and Poa trivialis L., cocksfoot grass \""Dactylis glomerata L.\"" seed, bent grass \""Agrostis\"" seed and lupine seed)"", ""worksheet_row"": 1500, ""source_url"": ""https://www.ksh.hu/docs/osztalyozasok/kn/kn2026_structure.xlsx"", ""source_organisation"": ""Hungarian Central Statistical Office"", ""retrieval_date"": ""2026-10-04"", ""source_sha256"": ""083d065994fd2b41037aae21dc26087300a3a013e948e1884117abdd9d87ac56""}]",false,true,false,true,"{""12092980"": {""confirmed_2025"": true, ""description_unchanged"": true, ""confirmed_2024"": false}}",2025-01,2026-06,false,false,true,"[""12092980""]",true,true,Existing mapping audited against official 2026 denomination; original scope retained.,HIGH_FOR_BOUNDED_CUSTOMS_SCOPE,"[""Customs mapping is not evidence that the species contributed any amount to a group."", ""No interpolation, proportional allocation, species shares or supply signal."", ""Taxonomy and production datasets remain unchanged.""]","[{""id"": ""lfl"", ""organisation"": ""Bavarian State Research Center for Agriculture (LfL)"", ""url"": ""https://www.lfl.bayern.de/mam/cms07/publikationen/daten/informationen/greening-zwischenfruchtanbau-lfl-information-2018.pdf"", ""retrieved_at"": ""2026-10-03"", ""document"": ""Greening und Zwischenfruchtanbau, November 2018, Annex 1 pages 8–10"", ""scope"": ""Botanical names and catch-crop mixture use; historical permitted-species list, not current subsidy/legal eligibility or production evidence""}, {""id"": ""v041"", ""organisation"": ""SeedTrade evidence review of official national seed authorities"", ""url"": null, ""retrieved_at"": ""2026-10-03"", ""checkpoint_sha256"": ""2b149594c48a1f0ed1de04f69835baffb4e671a04901a48a37aa88a52a7d4359"", ""scope"": ""Recovered V4.1 canonical IDs, bounded ranks, source taxon mapping and CN evidence; original checkpoint retained""}]"
rice,Rice,Oryza sativa,Oryza sativa,cereals-pseudocereals,"[""SEED_PRODUCTION""]",CONFIRMED,GROUP_LEVEL,"[""1006""]","[""100610""]","[""10061010""]","[""100610""]",SOWING_SPECIFIC,"[""10061010""]",[],"[""10061010""]","[{""canonical_species_id"": ""rice"", ""mapping_status"": ""CN_MAPPING_CONFIRMED"", ""nomenclature_year"": 2026, ""cn4"": [""1006""], ""cn6"": [""100610""], ""cn8"": [""10061010""], ""hs6"": [""100610""], ""hs6_scope"": ""Hierarchy only; no species/sowing proof"", ""sowing_seed"": {""usage"": ""SOWING_SEED"", ""verified_cn8"": [""10061010""], ""limitation"": ""Product type/use must fit the official description; not an observation-level trade-flow linkage""}, ""non_sowing_commodity"": {""usage"": ""NON_SOWING_COMMODITY"", ""codes"": []}, ""official_descriptions"": [{""cn8"": ""10061010"", ""description"": ""Rice in husk for sowing"", ""worksheet_row"": 1337}], ""source_url"": ""https://www.ksh.hu/docs/osztalyozasok/kn/kn2026_structure.xlsx"", ""source_organisation"": ""Hungarian Central Statistical Office"", ""retrieval_date"": ""2026-10-02"", ""notes"": [], ""historical_year_eligibility"": ""REVIEW_REQUIRED; no 2021–2025 tariff concordance inferred""}]","[{""year"": 2026, ""cn8"": ""10061010"", ""description"": ""Rice in husk for sowing"", ""worksheet_row"": 1337, ""source_url"": ""https://www.ksh.hu/docs/osztalyozasok/kn/kn2026_structure.xlsx"", ""source_organisation"": ""Hungarian Central Statistical Office"", ""retrieval_date"": ""2026-10-04"", ""source_sha256"": ""083d065994fd2b41037aae21dc26087300a3a013e948e1884117abdd9d87ac56""}]",false,true,false,true,"{""10061010"": {""confirmed_2025"": true, ""description_unchanged"": true, ""confirmed_2024"": false}}",null,null,false,false,false,[],true,true,"CN describes rice seed without limiting it to Oryza sativa. FAO documents two cultivated rice species, Oryza sativa and Oryza glaberrima. No species-specific restriction or share inferred.",HIGH_FOR_BOUNDED_CUSTOMS_SCOPE,"[""Customs mapping is not evidence that the species contributed any amount to a group."", ""No interpolation, proportional allocation, species shares or supply signal."", ""Taxonomy and production datasets remain unchanged.""]","[{""id"": ""v041"", ""organisation"": ""SeedTrade evidence review of official national seed authorities"", ""url"": null, ""retrieved_at"": ""2026-10-03"", ""checkpoint_sha256"": ""2b149594c48a1f0ed1de04f69835baffb4e671a04901a48a37aa88a52a7d4359"", ""scope"": ""Recovered V4.1 canonical IDs, bounded ranks, source taxon mapping and CN evidence; original checkpoint retained""}]"
proso-millet,Proso millet,Panicum miliaceum,Panicum miliaceum,cereals-pseudocereals,"[""SEED_PRODUCTION""]",GROUP_LEVEL,GROUP_LEVEL,"[""1008""]","[""100821""]","[""10082100""]","[""100821""]",SOWING_SPECIFIC,"[""10082100""]",[],"[""10082100""]","[{""canonical_species_id"": ""proso-millet"", ""mapping_status"": ""CN_MAPPING_NOT_SPECIES_SPECIFIC"", ""nomenclature_year"": 2026, ""cn4"": [""1008""], ""cn6"": [""100821""], ""cn8"": [""10082100""], ""hs6"": [""100821""], ""hs6_scope"": ""Hierarchy only; no species/sowing proof"", ""sowing_seed"": {""usage"": ""SOWING_SEED"", ""verified_cn8"": [""10082100""], ""limitation"": ""Product type/use must fit the official description; not an observation-level trade-flow linkage""}, ""non_sowing_commodity"": {""usage"": ""NON_SOWING_COMMODITY"", ""codes"": [""10082900""]}, ""official_descriptions"": [{""cn8"": ""10082100"", ""description"": ""Millet seed for sowing (excl. grain sorghum)"", ""worksheet_row"": 1378}, {""cn8"": ""10082900"", ""description"": ""Millet (excl. grain sorghum, and seed for sowing)"", ""worksheet_row"": 1379}], ""source_url"": ""https://www.ksh.hu/docs/osztalyozasok/kn/kn2026_structure.xlsx"", ""source_organisation"": ""Hungarian Central Statistical Office"", ""retrieval_date"": ""2026-10-02"", ""notes"": [], ""historical_year_eligibility"": ""REVIEW_REQUIRED; no 2021–2025 tariff concordance inferred""}]","[{""year"": 2026, ""cn8"": ""10082100"", ""description"": ""Millet seed for sowing (excl. grain sorghum)"", ""worksheet_row"": 1378, ""source_url"": ""https://www.ksh.hu/docs/osztalyozasok/kn/kn2026_structure.xlsx"", ""source_organisation"": ""Hungarian Central Statistical Office"", ""retrieval_date"": ""2026-10-04"", ""source_sha256"": ""083d065994fd2b41037aae21dc26087300a3a013e948e1884117abdd9d87ac56""}]",false,true,false,true,"{""10082100"": {""confirmed_2025"": true, ""description_unchanged"": true, ""confirmed_2024"": false}}",null,null,false,false,false,[],true,true,Existing mapping audited against official 2026 denomination; original scope retained.,HIGH_FOR_BOUNDED_CUSTOMS_SCOPE,"[""Customs mapping is not evidence that the species contributed any amount to a group."", ""No interpolation, proportional allocation, species shares or supply signal."", ""Taxonomy and production datasets remain unchanged.""]","[{""id"": ""v041"", ""organisation"": ""SeedTrade evidence review of official national seed authorities"", ""url"": null, ""retrieved_at"": ""2026-10-03"", ""checkpoint_sha256"": ""2b149594c48a1f0ed1de04f69835baffb4e671a04901a48a37aa88a52a7d4359"", ""scope"": ""Recovered V4.1 canonical IDs, bounded ranks, source taxon mapping and CN evidence; original checkpoint retained""}]"
poppy,Opium / seed poppy,Papaver somniferum,Papaver somniferum,oil-fibre-seeds,"[""SEED_PRODUCTION""]",CONFIRMED,CONFIRMED,"[""1207""]","[""120791""]","[""12079110""]","[""120791""]",SOWING_SPECIFIC,"[""12079110""]",[],"[""12079110""]","[{""canonical_species_id"": ""poppy"", ""mapping_status"": ""CN_MAPPING_CONFIRMED"", ""nomenclature_year"": 2026, ""cn4"": [""1207""], ""cn6"": [""120791""], ""cn8"": [""12079110""], ""hs6"": [""120791""], ""hs6_scope"": ""Hierarchy only; no species/sowing proof"", ""sowing_seed"": {""usage"": ""SOWING_SEED"", ""verified_cn8"": [""12079110""], ""limitation"": ""Product type/use must fit the official description; not an observation-level trade-flow linkage""}, ""non_sowing_commodity"": {""usage"": ""NON_SOWING_COMMODITY"", ""codes"": [""12079190""]}, ""official_descriptions"": [{""cn8"": ""12079110"", ""description"": ""Poppy seeds for sowing"", ""worksheet_row"": 1480}, {""cn8"": ""12079190"", ""description"": ""Poppy seeds, whether or not broken (excl. for sowing)"", ""worksheet_row"": 1481}], ""source_url"": ""https://www.ksh.hu/docs/osztalyozasok/kn/kn2026_structure.xlsx"", ""source_organisation"": ""Hungarian Central Statistical Office"", ""retrieval_date"": ""2026-10-02"", ""notes"": [], ""historical_year_eligibility"": ""REVIEW_REQUIRED; no 2021–2025 tariff concordance inferred""}]","[{""year"": 2026, ""cn8"": ""12079110"", ""description"": ""Poppy seeds for sowing"", ""worksheet_row"": 1480, ""source_url"": ""https://www.ksh.hu/docs/osztalyozasok/kn/kn2026_structure.xlsx"", ""source_organisation"": ""Hungarian Central Statistical Office"", ""retrieval_date"": ""2026-10-04"", ""source_sha256"": ""083d065994fd2b41037aae21dc26087300a3a013e948e1884117abdd9d87ac56""}]",true,false,false,true,"{""12079110"": {""confirmed_2025"": true, ""description_unchanged"": true, ""confirmed_2024"": false}}",null,null,false,false,false,[],true,true,Existing mapping audited against official 2026 denomination; original scope retained.,HIGH_FOR_BOUNDED_CUSTOMS_SCOPE,"[""Customs mapping is not evidence that the species contributed any amount to a group."", ""No interpolation, proportional allocation, species shares or supply signal."", ""Taxonomy and production datasets remain unchanged.""]","[{""id"": ""v041"", ""organisation"": ""SeedTrade evidence review of official national seed authorities"", ""url"": null, ""retrieved_at"": ""2026-10-03"", ""checkpoint_sha256"": ""2b149594c48a1f0ed1de04f69835baffb4e671a04901a48a37aa88a52a7d4359"", ""scope"": ""Recovered V4.1 canonical IDs, bounded ranks, source taxon mapping and CN evidence; original checkpoint retained""}]"
parsley,Parsley,Petroselinum crispum,Petroselinum crispum,vegetable-seeds,"[""CATCH_CROP"", ""COVER_CROP"", ""VEGETABLE""]",NOT_AVAILABLE,GROUP_LEVEL,"[""1209""]","[""120991""]","[""12099180""]","[""120991""]",SOWING_SPECIFIC,"[""12099180""]",[],[],"[{""canonical_species_id"": ""parsley"", ""mapping_status"": ""CN_MAPPING_NOT_AVAILABLE"", ""cn4"": [], ""cn6"": [], ""cn8"": [], ""hs6"": [], ""sowing_seed"": {""usage"": ""SOWING_SEED"", ""verified_cn8"": []}, ""non_sowing_commodity"": {""usage"": ""NON_SOWING_COMMODITY"", ""codes"": []}, ""source_url"": null, ""notes"": [""No species-specific CN mapping invented""]}]","[{""year"": 2026, ""cn8"": ""12099180"", ""description"": ""Vegetable seeds for sowing (excl. salad beet or beetroot \""Beta vulgaris var. conditiva\"")"", ""worksheet_row"": 1503, ""source_url"": ""https://www.ksh.hu/docs/osztalyozasok/kn/kn2026_structure.xlsx"", ""source_organisation"": ""Hungarian Central Statistical Office"", ""retrieval_date"": ""2026-10-04"", ""source_sha256"": ""083d065994fd2b41037aae21dc26087300a3a013e948e1884117abdd9d87ac56""}]",false,true,false,true,"{""12099180"": {""confirmed_2025"": true, ""description_unchanged"": true, ""confirmed_2024"": false}}",2025-01,2026-06,false,false,true,"[""12099180""]",true,true,"Vegetable sowing seed under 12099180, excluding beet and separately classified legumes, cereals, spices and oilseeds. This is a customs group, never species-specific trade. Original botanical identity and vegetable seed use are retained.",HIGH_FOR_BOUNDED_CUSTOMS_SCOPE,"[""Customs mapping is not evidence that the species contributed any amount to a group."", ""No interpolation, proportional allocation, species shares or supply signal."", ""Taxonomy and production datasets remain unchanged.""]","[{""id"": ""lfl"", ""organisation"": ""Bavarian State Research Center for Agriculture (LfL)"", ""url"": ""https://www.lfl.bayern.de/mam/cms07/publikationen/daten/informationen/greening-zwischenfruchtanbau-lfl-information-2018.pdf"", ""retrieved_at"": ""2026-10-03"", ""document"": ""Greening und Zwischenfruchtanbau, November 2018, Annex 1 pages 8–10"", ""scope"": ""Botanical names and catch-crop mixture use; historical permitted-species list, not current subsidy/legal eligibility or production evidence""}, {""id"": ""vegetables"", ""organisation"": ""European Union / EUR-Lex"", ""url"": ""https://eur-lex.europa.eu/legal-content/EN/TXT/?uri=CELEX:02002L0055-20220901"", ""retrieved_at"": ""2026-10-03"", ""document"": ""2002/55/EC Article 2(1)(b), consolidation 2022-09-01"", ""scope"": ""Seed-market identities; cultivar groups not separate species. Current 2024-12-24 consolidation identified but anti-bot blocked; no claim of current legal eligibility""}]"
phacelia,Phacelia,Phacelia tanacetifolia,Phacelia tanacetifolia,herbs-specialty,"[""CATCH_CROP"", ""COVER_CROP"", ""SEED_PRODUCTION""]",REVIEW_REQUIRED,REVIEW_REQUIRED,[],[],[],[],REVIEW_REQUIRED,[],[],[],"[{""canonical_species_id"": ""phacelia"", ""mapping_status"": ""CN_MAPPING_REVIEW_REQUIRED"", ""nomenclature_year"": 2026, ""cn4"": [""1209""], ""cn6"": [""120999""], ""cn8"": [], ""hs6"": [""120999""], ""hs6_scope"": ""Six-digit hierarchy only; not proof of species-specific or sowing-specific classification"", ""sowing_seed"": {""usage"": ""SOWING_SEED"", ""verified_cn8"": [], ""limitation"": ""No confirmed sowing-specific CN8""}, ""non_sowing_commodity"": {""usage"": ""NON_SOWING_COMMODITY"", ""codes"": [], ""recovered_note"": null, ""note_semantics"": ""Historical non_sowing field often describes grouped classification, not an actual commodity code""}, ""official_descriptions"": [], ""source_url"": ""https://www.ksh.hu/docs/osztalyozasok/kn/kn2026_structure.xlsx"", ""source_organisation"": ""Hungarian Central Statistical Office"", ""retrieval_date"": ""2026-10-02"", ""notes"": [""Recovered 120999 parent is insufficient to adjudicate forage/other-use classification; no forced CN8.""], ""historical_year_eligibility"": ""REVIEW_REQUIRED; no 2021–2025 concordance inferred""}]",[],false,false,null,false,{},null,null,false,false,false,[],true,true,Existing mapping audited against official 2026 denomination; original scope retained.,LIMITED_OR_REVIEW,"[""Customs mapping is not evidence that the species contributed any amount to a group."", ""No interpolation, proportional allocation, species shares or supply signal."", ""Taxonomy and production datasets remain unchanged.""]","[{""id"": ""lfl"", ""organisation"": ""Bavarian State Research Center for Agriculture (LfL)"", ""url"": ""https://www.lfl.bayern.de/mam/cms07/publikationen/daten/informationen/greening-zwischenfruchtanbau-lfl-information-2018.pdf"", ""retrieved_at"": ""2026-10-03"", ""document"": ""Greening und Zwischenfruchtanbau, November 2018, Annex 1 pages 8–10"", ""scope"": ""Botanical names and catch-crop mixture use; historical permitted-species list, not current subsidy/legal eligibility or production evidence""}, {""id"": ""v041"", ""organisation"": ""SeedTrade evidence review of official national seed authorities"", ""url"": null, ""retrieved_at"": ""2026-10-03"", ""checkpoint_sha256"": ""2b149594c48a1f0ed1de04f69835baffb4e671a04901a48a37aa88a52a7d4359"", ""scope"": ""Recovered V4.1 canonical IDs, bounded ranks, source taxon mapping and CN evidence; original checkpoint retained""}]"
canary-grass,Canary grass,Phalaris canariensis,Phalaris canariensis,cereals-pseudocereals,"[""SEED_PRODUCTION""]",PARTIAL,NOT_AVAILABLE,[],[],[],[],NOT_SOWING_SPECIFIC,[],"[""10083000""]","[""10083000""]","[{""canonical_species_id"": ""canary-grass"", ""mapping_status"": ""CN_MAPPING_PARTIAL"", ""nomenclature_year"": 2026, ""cn4"": [""1008""], ""cn6"": [""100830""], ""cn8"": [""10083000""], ""hs6"": [""100830""], ""hs6_scope"": ""Hierarchy only; no species/sowing proof"", ""sowing_seed"": {""usage"": ""SOWING_SEED"", ""verified_cn8"": [], ""limitation"": ""No confirmed sowing-specific code""}, ""non_sowing_commodity"": {""usage"": ""NON_SOWING_COMMODITY"", ""codes"": []}, ""official_descriptions"": [{""cn8"": ""10083000"", ""description"": ""Canary seed"", ""worksheet_row"": 1380}], ""source_url"": ""https://www.ksh.hu/docs/osztalyozasok/kn/kn2026_structure.xlsx"", ""source_organisation"": ""Hungarian Central Statistical Office"", ""retrieval_date"": ""2026-10-02"", ""notes"": [""Named product heading does not distinguish sowing from other uses; mixed-use codes never appear as verified sowing or non-sowing codes.""], ""historical_year_eligibility"": ""REVIEW_REQUIRED; no 2021–2025 tariff concordance inferred""}]",[],false,false,null,false,{},null,null,false,false,false,[],true,true,Official denomination does not isolate sowing use. Commodity codes retained in audit only; never activated.,LIMITED_OR_REVIEW,"[""Customs mapping is not evidence that the species contributed any amount to a group."", ""No interpolation, proportional allocation, species shares or supply signal."", ""Taxonomy and production datasets remain unchanged.""]","[{""id"": ""v041"", ""organisation"": ""SeedTrade evidence review of official national seed authorities"", ""url"": null, ""retrieved_at"": ""2026-10-03"", ""checkpoint_sha256"": ""2b149594c48a1f0ed1de04f69835baffb4e671a04901a48a37aa88a52a7d4359"", ""scope"": ""Recovered V4.1 canonical IDs, bounded ranks, source taxon mapping and CN evidence; original checkpoint retained""}]"
runner-bean,Runner bean,Phaseolus coccineus,Phaseolus coccineus,vegetable-seeds,"[""VEGETABLE""]",NOT_AVAILABLE,NOT_AVAILABLE,[],[],[],[],NOT_SOWING_SPECIFIC,[],"[""07133900""]",[],"[{""canonical_species_id"": ""runner-bean"", ""mapping_status"": ""CN_MAPPING_NOT_AVAILABLE"", ""cn4"": [], ""cn6"": [], ""cn8"": [], ""hs6"": [], ""sowing_seed"": {""usage"": ""SOWING_SEED"", ""verified_cn8"": []}, ""non_sowing_commodity"": {""usage"": ""NON_SOWING_COMMODITY"", ""codes"": []}, ""source_url"": null, ""notes"": [""No species-specific CN mapping invented""]}]",[],false,false,null,false,{},null,null,false,false,false,[],false,true,Official denomination does not isolate sowing use. Commodity codes retained in audit only; never activated.,LIMITED_OR_REVIEW,"[""Customs mapping is not evidence that the species contributed any amount to a group."", ""No interpolation, proportional allocation, species shares or supply signal."", ""Taxonomy and production datasets remain unchanged.""]","[{""id"": ""vegetables"", ""organisation"": ""European Union / EUR-Lex"", ""url"": ""https://eur-lex.europa.eu/legal-content/EN/TXT/?uri=CELEX:02002L0055-20220901"", ""retrieved_at"": ""2026-10-03"", ""document"": ""2002/55/EC Article 2(1)(b), consolidation 2022-09-01"", ""scope"": ""Seed-market identities; cultivar groups not separate species. Current 2024-12-24 consolidation identified but anti-bot blocked; no claim of current legal eligibility""}]"
common-bean,Common bean,Phaseolus vulgaris,Phaseolus vulgaris,vegetable-seeds,"[""SEED_PRODUCTION""]",CONFIRMED,CONFIRMED,"[""0713""]","[""071333""]","[""07133310""]","[""071333""]",SOWING_SPECIFIC,"[""07133310""]",[],"[""07133310""]","[{""canonical_species_id"": ""common-bean"", ""mapping_status"": ""CN_MAPPING_CONFIRMED"", ""nomenclature_year"": 2026, ""cn4"": [""0713""], ""cn6"": [""071333""], ""cn8"": [""07133310""], ""hs6"": [""071333""], ""hs6_scope"": ""Hierarchy only; no species/sowing proof"", ""sowing_seed"": {""usage"": ""SOWING_SEED"", ""verified_cn8"": [""07133310""], ""limitation"": ""Product type/use must fit the official description; not an observation-level trade-flow linkage""}, ""non_sowing_commodity"": {""usage"": ""NON_SOWING_COMMODITY"", ""codes"": [""07133390""]}, ""official_descriptions"": [{""cn8"": ""07133310"", ""description"": ""Dried, shelled kidney beans \""Phaseolus vulgaris\"", for sowing"", ""worksheet_row"": 1125}, {""cn8"": ""07133390"", ""description"": ""Dried, shelled kidney beans \""Phaseolus vulgaris\"", whether or not skinned or split (excl. for sowing)"", ""worksheet_row"": 1126}], ""source_url"": ""https://www.ksh.hu/docs/osztalyozasok/kn/kn2026_structure.xlsx"", ""source_organisation"": ""Hungarian Central Statistical Office"", ""retrieval_date"": ""2026-10-02"", ""notes"": [], ""historical_year_eligibility"": ""REVIEW_REQUIRED; no 2021–2025 tariff concordance inferred""}]","[{""year"": 2026, ""cn8"": ""07133310"", ""description"": ""Dried, shelled kidney beans \""Phaseolus vulgaris\"", for sowing"", ""worksheet_row"": 1125, ""source_url"": ""https://www.ksh.hu/docs/osztalyozasok/kn/kn2026_structure.xlsx"", ""source_organisation"": ""Hungarian Central Statistical Office"", ""retrieval_date"": ""2026-10-04"", ""source_sha256"": ""083d065994fd2b41037aae21dc26087300a3a013e948e1884117abdd9d87ac56""}]",true,false,false,true,"{""07133310"": {""confirmed_2025"": true, ""description_unchanged"": true, ""confirmed_2024"": false}}",null,null,false,false,false,[],true,true,Existing mapping audited against official 2026 denomination; original scope retained.,HIGH_FOR_BOUNDED_CUSTOMS_SCOPE,"[""Customs mapping is not evidence that the species contributed any amount to a group."", ""No interpolation, proportional allocation, species shares or supply signal."", ""Taxonomy and production datasets remain unchanged.""]","[{""id"": ""v041"", ""organisation"": ""SeedTrade evidence review of official national seed authorities"", ""url"": null, ""retrieved_at"": ""2026-10-03"", ""checkpoint_sha256"": ""2b149594c48a1f0ed1de04f69835baffb4e671a04901a48a37aa88a52a7d4359"", ""scope"": ""Recovered V4.1 canonical IDs, bounded ranks, source taxon mapping and CN evidence; original checkpoint retained""}]"
timothy,Timothy,Phleum pratense,Phleum pratense,grass-seeds,"[""FORAGE"", ""SEED_PRODUCTION""]",GROUP_LEVEL,GROUP_LEVEL,"[""1209""]","[""120929""]","[""12092945""]","[""120929""]",SOWING_SPECIFIC,"[""12092945""]",[],"[""12092945""]","[{""canonical_species_id"": ""timothy"", ""mapping_status"": ""CN_MAPPING_NOT_SPECIES_SPECIFIC"", ""nomenclature_year"": 2026, ""cn4"": [""1209""], ""cn6"": [""120929""], ""cn8"": [""12092945""], ""hs6"": [""120929""], ""hs6_scope"": ""Six-digit hierarchy only; not proof of species-specific or sowing-specific classification"", ""sowing_seed"": {""usage"": ""SOWING_SEED"", ""verified_cn8"": [""12092945""], ""limitation"": null}, ""non_sowing_commodity"": {""usage"": ""NON_SOWING_COMMODITY"", ""codes"": [], ""recovered_note"": null, ""note_semantics"": ""Historical non_sowing field often describes grouped classification, not an actual commodity code""}, ""official_descriptions"": [{""cn8"": ""12092945"", ""description"": ""Timothy grass seed, vetch seed, seeds of the genus Poa palustris L. and Poa trivialis L., seeds of cocksfoot grass \""Dactylis glomerata L.\"", and seeds of bent grass \""Agrostis\"", for sowing"", ""worksheet_row"": 1497}], ""source_url"": ""https://www.ksh.hu/docs/osztalyozasok/kn/kn2026_structure.xlsx"", ""source_organisation"": ""Hungarian Central Statistical Office"", ""retrieval_date"": ""2026-10-02"", ""notes"": [""Recovered parent classification conflicts with official 2026 CN; raw record preserved, derived override shown explicitly.""], ""historical_year_eligibility"": ""REVIEW_REQUIRED; no 2021–2025 concordance inferred""}]","[{""year"": 2026, ""cn8"": ""12092945"", ""description"": ""Timothy grass seed, vetch seed, seeds of the genus Poa palustris L. and Poa trivialis L., seeds of cocksfoot grass \""Dactylis glomerata L.\"", and seeds of bent grass \""Agrostis\"", for sowing"", ""worksheet_row"": 1497, ""source_url"": ""https://www.ksh.hu/docs/osztalyozasok/kn/kn2026_structure.xlsx"", ""source_organisation"": ""Hungarian Central Statistical Office"", ""retrieval_date"": ""2026-10-04"", ""source_sha256"": ""083d065994fd2b41037aae21dc26087300a3a013e948e1884117abdd9d87ac56""}]",false,true,false,true,"{""12092945"": {""confirmed_2025"": true, ""description_unchanged"": true, ""confirmed_2024"": false}}",2025-01,2026-06,false,false,true,"[""12092945""]",true,true,Existing mapping audited against official 2026 denomination; original scope retained.,HIGH_FOR_BOUNDED_CUSTOMS_SCOPE,"[""Customs mapping is not evidence that the species contributed any amount to a group."", ""No interpolation, proportional allocation, species shares or supply signal."", ""Taxonomy and production datasets remain unchanged.""]","[{""id"": ""defra"", ""organisation"": ""Defra"", ""url"": ""https://www.gov.uk/guidance/how-to-do-the-sfi-actions-for-soils"", ""retrieved_at"": ""2026-10-03"", ""document"": ""Updated 2025-03-27; choosing a cover-crop mix and herbal ley"", ""scope"": ""Use examples; broader labels not automatically resolved to a species""}, {""id"": ""v041"", ""organisation"": ""SeedTrade evidence review of official national seed authorities"", ""url"": null, ""retrieved_at"": ""2026-10-03"", ""checkpoint_sha256"": ""2b149594c48a1f0ed1de04f69835baffb4e671a04901a48a37aa88a52a7d4359"", ""scope"": ""Recovered V4.1 canonical IDs, bounded ranks, source taxon mapping and CN evidence; original checkpoint retained""}]"
field-pea,Field peas,Pisum sativum,Pisum sativum,grain-legumes,"[""CATCH_CROP"", ""COVER_CROP"", ""SEED_PRODUCTION""]",CONFIRMED,CONFIRMED,"[""0713""]","[""071310""]","[""07131010""]","[""071310""]",SOWING_SPECIFIC,"[""07131010""]",[],"[""07131010""]","[{""canonical_species_id"": ""field-pea"", ""mapping_status"": ""CN_MAPPING_CONFIRMED"", ""nomenclature_year"": 2026, ""cn4"": [""0713""], ""cn6"": [""071310""], ""cn8"": [""07131010""], ""hs6"": [""071310""], ""hs6_scope"": ""Six-digit hierarchy only; not proof of species-specific or sowing-specific classification"", ""sowing_seed"": {""usage"": ""SOWING_SEED"", ""verified_cn8"": [""07131010""], ""limitation"": null}, ""non_sowing_commodity"": {""usage"": ""NON_SOWING_COMMODITY"", ""codes"": [], ""recovered_note"": ""Dry peas and seed may share headings"", ""note_semantics"": ""Historical non_sowing field often describes grouped classification, not an actual commodity code""}, ""official_descriptions"": [{""cn8"": ""07131010"", ""description"": ""Peas, \""Pisum sativum\"", dried and shelled, for sowing"", ""worksheet_row"": 1120}], ""source_url"": ""https://www.ksh.hu/docs/osztalyozasok/kn/kn2026_structure.xlsx"", ""source_organisation"": ""Hungarian Central Statistical Office"", ""retrieval_date"": ""2026-10-02"", ""notes"": [], ""historical_year_eligibility"": ""REVIEW_REQUIRED; no 2021–2025 concordance inferred""}]","[{""year"": 2026, ""cn8"": ""07131010"", ""description"": ""Peas, \""Pisum sativum\"", dried and shelled, for sowing"", ""worksheet_row"": 1120, ""source_url"": ""https://www.ksh.hu/docs/osztalyozasok/kn/kn2026_structure.xlsx"", ""source_organisation"": ""Hungarian Central Statistical Office"", ""retrieval_date"": ""2026-10-04"", ""source_sha256"": ""083d065994fd2b41037aae21dc26087300a3a013e948e1884117abdd9d87ac56""}]",true,false,false,true,"{""07131010"": {""confirmed_2025"": true, ""description_unchanged"": true, ""confirmed_2024"": false}}",2024-01,2026-06,true,true,false,"[""07131010""]",true,true,Existing mapping audited against official 2026 denomination; original scope retained.,HIGH_FOR_BOUNDED_CUSTOMS_SCOPE,"[""Customs mapping is not evidence that the species contributed any amount to a group."", ""No interpolation, proportional allocation, species shares or supply signal."", ""Taxonomy and production datasets remain unchanged.""]","[{""id"": ""lfl"", ""organisation"": ""Bavarian State Research Center for Agriculture (LfL)"", ""url"": ""https://www.lfl.bayern.de/mam/cms07/publikationen/daten/informationen/greening-zwischenfruchtanbau-lfl-information-2018.pdf"", ""retrieved_at"": ""2026-10-03"", ""document"": ""Greening und Zwischenfruchtanbau, November 2018, Annex 1 pages 8–10"", ""scope"": ""Botanical names and catch-crop mixture use; historical permitted-species list, not current subsidy/legal eligibility or production evidence""}, {""id"": ""v041"", ""organisation"": ""SeedTrade evidence review of official national seed authorities"", ""url"": null, ""retrieved_at"": ""2026-10-03"", ""checkpoint_sha256"": ""2b149594c48a1f0ed1de04f69835baffb4e671a04901a48a37aa88a52a7d4359"", ""scope"": ""Recovered V4.1 canonical IDs, bounded ranks, source taxon mapping and CN evidence; original checkpoint retained""}]"
ribwort-plantain,Ribwort plantain,Plantago lanceolata,Plantago lanceolata,herbs-specialty,"[""CATCH_CROP"", ""COVER_CROP"", ""FORAGE"", ""SEED_PRODUCTION""]",GROUP_LEVEL,GROUP_LEVEL,"[""1209""]","[""120929""]","[""12092980""]","[""120929""]",SOWING_SPECIFIC,"[""12092980""]",[],"[""12092980""]","[{""canonical_species_id"": ""ribwort-plantain"", ""mapping_status"": ""CN_MAPPING_NOT_SPECIES_SPECIFIC"", ""nomenclature_year"": 2026, ""cn4"": [""1209""], ""cn6"": [""120929""], ""cn8"": [""12092980""], ""hs6"": [""120929""], ""hs6_scope"": ""Hierarchy only; no species/sowing proof"", ""sowing_seed"": {""usage"": ""SOWING_SEED"", ""verified_cn8"": [""12092980""], ""limitation"": ""Product type/use must fit the official description; not an observation-level trade-flow linkage""}, ""non_sowing_commodity"": {""usage"": ""NON_SOWING_COMMODITY"", ""codes"": []}, ""official_descriptions"": [{""cn8"": ""12092980"", ""description"": ""Seeds of forage plants, for sowing (excl. cereals and fodder beet seed \""Beta vulgaris var. alba\"", sugar beet seed, lucerne seed, clover \""Trifolium spp.\"" seed, fesque seed, Kentucky blue grass \""Poa pratensis L.\"" seed, ryegrass \""Lolium multiflorum lam., Lolium perenne L.\"" seed, Timothy grass seed, vetch seed, seeds of the genus Poa palustris L and Poa trivialis L., cocksfoot grass \""Dactylis glomerata L.\"" seed, bent grass \""Agrostis\"" seed and lupine seed)"", ""worksheet_row"": 1500}], ""source_url"": ""https://www.ksh.hu/docs/osztalyozasok/kn/kn2026_structure.xlsx"", ""source_organisation"": ""Hungarian Central Statistical Office"", ""retrieval_date"": ""2026-10-02"", ""notes"": [""Residual forage-plant heading supported by original official forage seed classification; product use must be confirmed. Not a species-specific tariff classification ruling.""], ""historical_year_eligibility"": ""REVIEW_REQUIRED; no 2021–2025 tariff concordance inferred""}]","[{""year"": 2026, ""cn8"": ""12092980"", ""description"": ""Seeds of forage plants, for sowing (excl. cereals and fodder beet seed \""Beta vulgaris var. alba\"", sugar beet seed, lucerne seed, clover \""Trifolium spp.\"" seed, fesque seed, Kentucky blue grass \""Poa pratensis L.\"" seed, ryegrass \""Lolium multiflorum lam., Lolium perenne L.\"" seed, Timothy grass seed, vetch seed, seeds of the genus Poa palustris L and Poa trivialis L., cocksfoot grass \""Dactylis glomerata L.\"" seed, bent grass \""Agrostis\"" seed and lupine seed)"", ""worksheet_row"": 1500, ""source_url"": ""https://www.ksh.hu/docs/osztalyozasok/kn/kn2026_structure.xlsx"", ""source_organisation"": ""Hungarian Central Statistical Office"", ""retrieval_date"": ""2026-10-04"", ""source_sha256"": ""083d065994fd2b41037aae21dc26087300a3a013e948e1884117abdd9d87ac56""}]",false,true,false,true,"{""12092980"": {""confirmed_2025"": true, ""description_unchanged"": true, ""confirmed_2024"": false}}",2025-01,2026-06,false,false,true,"[""12092980""]",true,true,Existing mapping audited against official 2026 denomination; original scope retained.,HIGH_FOR_BOUNDED_CUSTOMS_SCOPE,"[""Customs mapping is not evidence that the species contributed any amount to a group."", ""No interpolation, proportional allocation, species shares or supply signal."", ""Taxonomy and production datasets remain unchanged.""]","[{""id"": ""defra"", ""organisation"": ""Defra"", ""url"": ""https://www.gov.uk/guidance/how-to-do-the-sfi-actions-for-soils"", ""retrieved_at"": ""2026-10-03"", ""document"": ""Updated 2025-03-27; choosing a cover-crop mix and herbal ley"", ""scope"": ""Use examples; broader labels not automatically resolved to a species""}, {""id"": ""lfl"", ""organisation"": ""Bavarian State Research Center for Agriculture (LfL)"", ""url"": ""https://www.lfl.bayern.de/mam/cms07/publikationen/daten/informationen/greening-zwischenfruchtanbau-lfl-information-2018.pdf"", ""retrieved_at"": ""2026-10-03"", ""document"": ""Greening und Zwischenfruchtanbau, November 2018, Annex 1 pages 8–10"", ""scope"": ""Botanical names and catch-crop mixture use; historical permitted-species list, not current subsidy/legal eligibility or production evidence""}, {""id"": ""v041"", ""organisation"": ""SeedTrade evidence review of official national seed authorities"", ""url"": null, ""retrieved_at"": ""2026-10-03"", ""checkpoint_sha256"": ""2b149594c48a1f0ed1de04f69835baffb4e671a04901a48a37aa88a52a7d4359"", ""scope"": ""Recovered V4.1 canonical IDs, bounded ranks, source taxon mapping and CN evidence; original checkpoint retained""}]"
wood-meadowgrass,Wood meadowgrass,Poa nemoralis,Poa nemoralis,grass-seeds,"[""SEED_PRODUCTION""]",GROUP_LEVEL,GROUP_LEVEL,"[""1209""]","[""120929""]","[""12092980""]","[""120929""]",SOWING_SPECIFIC,"[""12092980""]",[],"[""12092980""]","[{""canonical_species_id"": ""wood-meadowgrass"", ""mapping_status"": ""CN_MAPPING_NOT_SPECIES_SPECIFIC"", ""nomenclature_year"": 2026, ""cn4"": [""1209""], ""cn6"": [""120929""], ""cn8"": [""12092980""], ""hs6"": [""120929""], ""hs6_scope"": ""Hierarchy only; no species/sowing proof"", ""sowing_seed"": {""usage"": ""SOWING_SEED"", ""verified_cn8"": [""12092980""], ""limitation"": ""Product type/use must fit the official description; not an observation-level trade-flow linkage""}, ""non_sowing_commodity"": {""usage"": ""NON_SOWING_COMMODITY"", ""codes"": []}, ""official_descriptions"": [{""cn8"": ""12092980"", ""description"": ""Seeds of forage plants, for sowing (excl. cereals and fodder beet seed \""Beta vulgaris var. alba\"", sugar beet seed, lucerne seed, clover \""Trifolium spp.\"" seed, fesque seed, Kentucky blue grass \""Poa pratensis L.\"" seed, ryegrass \""Lolium multiflorum lam., Lolium perenne L.\"" seed, Timothy grass seed, vetch seed, seeds of the genus Poa palustris L and Poa trivialis L., cocksfoot grass \""Dactylis glomerata L.\"" seed, bent grass \""Agrostis\"" seed and lupine seed)"", ""worksheet_row"": 1500}], ""source_url"": ""https://www.ksh.hu/docs/osztalyozasok/kn/kn2026_structure.xlsx"", ""source_organisation"": ""Hungarian Central Statistical Office"", ""retrieval_date"": ""2026-10-02"", ""notes"": [""Residual forage-plant heading supported by original official forage seed classification; product use must be confirmed. Not a species-specific tariff classification ruling.""], ""historical_year_eligibility"": ""REVIEW_REQUIRED; no 2021–2025 tariff concordance inferred""}]","[{""year"": 2026, ""cn8"": ""12092980"", ""description"": ""Seeds of forage plants, for sowing (excl. cereals and fodder beet seed \""Beta vulgaris var. alba\"", sugar beet seed, lucerne seed, clover \""Trifolium spp.\"" seed, fesque seed, Kentucky blue grass \""Poa pratensis L.\"" seed, ryegrass \""Lolium multiflorum lam., Lolium perenne L.\"" seed, Timothy grass seed, vetch seed, seeds of the genus Poa palustris L and Poa trivialis L., cocksfoot grass \""Dactylis glomerata L.\"" seed, bent grass \""Agrostis\"" seed and lupine seed)"", ""worksheet_row"": 1500, ""source_url"": ""https://www.ksh.hu/docs/osztalyozasok/kn/kn2026_structure.xlsx"", ""source_organisation"": ""Hungarian Central Statistical Office"", ""retrieval_date"": ""2026-10-04"", ""source_sha256"": ""083d065994fd2b41037aae21dc26087300a3a013e948e1884117abdd9d87ac56""}]",false,true,false,true,"{""12092980"": {""confirmed_2025"": true, ""description_unchanged"": true, ""confirmed_2024"": false}}",2025-01,2026-06,false,false,true,"[""12092980""]",true,true,Existing mapping audited against official 2026 denomination; original scope retained.,HIGH_FOR_BOUNDED_CUSTOMS_SCOPE,"[""Customs mapping is not evidence that the species contributed any amount to a group."", ""No interpolation, proportional allocation, species shares or supply signal."", ""Taxonomy and production datasets remain unchanged.""]","[{""id"": ""v041"", ""organisation"": ""SeedTrade evidence review of official national seed authorities"", ""url"": null, ""retrieved_at"": ""2026-10-03"", ""checkpoint_sha256"": ""2b149594c48a1f0ed1de04f69835baffb4e671a04901a48a37aa88a52a7d4359"", ""scope"": ""Recovered V4.1 canonical IDs, bounded ranks, source taxon mapping and CN evidence; original checkpoint retained""}]"
kentucky-bluegrass,Kentucky bluegrass,Poa pratensis,Poa pratensis,grass-seeds,"[""FORAGE"", ""SEED_PRODUCTION""]",CONFIRMED,CONFIRMED,"[""1209""]","[""120924""]","[""12092400""]","[""120924""]",SOWING_SPECIFIC,"[""12092400""]",[],"[""12092400""]","[{""canonical_species_id"": ""kentucky-bluegrass"", ""mapping_status"": ""CN_MAPPING_CONFIRMED"", ""nomenclature_year"": 2026, ""cn4"": [""1209""], ""cn6"": [""120924""], ""cn8"": [""12092400""], ""hs6"": [""120924""], ""hs6_scope"": ""Six-digit hierarchy only; not proof of species-specific or sowing-specific classification"", ""sowing_seed"": {""usage"": ""SOWING_SEED"", ""verified_cn8"": [""12092400""], ""limitation"": null}, ""non_sowing_commodity"": {""usage"": ""NON_SOWING_COMMODITY"", ""codes"": [], ""recovered_note"": null, ""note_semantics"": ""Historical non_sowing field often describes grouped classification, not an actual commodity code""}, ""official_descriptions"": [{""cn8"": ""12092400"", ""description"": ""Kentucky blue grass \""Poa pratensis L.\"" seed for sowing"", ""worksheet_row"": 1494}], ""source_url"": ""https://www.ksh.hu/docs/osztalyozasok/kn/kn2026_structure.xlsx"", ""source_organisation"": ""Hungarian Central Statistical Office"", ""retrieval_date"": ""2026-10-02"", ""notes"": [], ""historical_year_eligibility"": ""REVIEW_REQUIRED; no 2021–2025 concordance inferred""}]","[{""year"": 2026, ""cn8"": ""12092400"", ""description"": ""Kentucky blue grass \""Poa pratensis L.\"" seed for sowing"", ""worksheet_row"": 1494, ""source_url"": ""https://www.ksh.hu/docs/osztalyozasok/kn/kn2026_structure.xlsx"", ""source_organisation"": ""Hungarian Central Statistical Office"", ""retrieval_date"": ""2026-10-04"", ""source_sha256"": ""083d065994fd2b41037aae21dc26087300a3a013e948e1884117abdd9d87ac56""}]",true,false,false,true,"{""12092400"": {""confirmed_2025"": true, ""description_unchanged"": true, ""confirmed_2024"": false}}",2024-01,2026-06,true,true,false,"[""12092400""]",true,true,Existing mapping audited against official 2026 denomination; original scope retained.,HIGH_FOR_BOUNDED_CUSTOMS_SCOPE,"[""Customs mapping is not evidence that the species contributed any amount to a group."", ""No interpolation, proportional allocation, species shares or supply signal."", ""Taxonomy and production datasets remain unchanged.""]","[{""id"": ""defra"", ""organisation"": ""Defra"", ""url"": ""https://www.gov.uk/guidance/how-to-do-the-sfi-actions-for-soils"", ""retrieved_at"": ""2026-10-03"", ""document"": ""Updated 2025-03-27; choosing a cover-crop mix and herbal ley"", ""scope"": ""Use examples; broader labels not automatically resolved to a species""}, {""id"": ""v041"", ""organisation"": ""SeedTrade evidence review of official national seed authorities"", ""url"": null, ""retrieved_at"": ""2026-10-03"", ""checkpoint_sha256"": ""2b149594c48a1f0ed1de04f69835baffb4e671a04901a48a37aa88a52a7d4359"", ""scope"": ""Recovered V4.1 canonical IDs, bounded ranks, source taxon mapping and CN evidence; original checkpoint retained""}]"
cultivated-radish,Cultivated radish,Raphanus raphanistrum subsp. sativus,Raphanus raphanistrum,brassica-seeds,"[""CATCH_CROP"", ""COVER_CROP"", ""VEGETABLE""]",NOT_AVAILABLE,GROUP_LEVEL,"[""1209""]","[""120991""]","[""12099180""]","[""120991""]",SOWING_SPECIFIC,"[""12099180""]",[],[],"[{""canonical_species_id"": ""cultivated-radish"", ""mapping_status"": ""CN_MAPPING_NOT_AVAILABLE"", ""cn4"": [], ""cn6"": [], ""cn8"": [], ""hs6"": [], ""sowing_seed"": {""usage"": ""SOWING_SEED"", ""verified_cn8"": []}, ""non_sowing_commodity"": {""usage"": ""NON_SOWING_COMMODITY"", ""codes"": []}, ""source_url"": null, ""notes"": [""No species-specific CN mapping invented""]}]","[{""year"": 2026, ""cn8"": ""12099180"", ""description"": ""Vegetable seeds for sowing (excl. salad beet or beetroot \""Beta vulgaris var. conditiva\"")"", ""worksheet_row"": 1503, ""source_url"": ""https://www.ksh.hu/docs/osztalyozasok/kn/kn2026_structure.xlsx"", ""source_organisation"": ""Hungarian Central Statistical Office"", ""retrieval_date"": ""2026-10-04"", ""source_sha256"": ""083d065994fd2b41037aae21dc26087300a3a013e948e1884117abdd9d87ac56""}]",false,true,false,true,"{""12099180"": {""confirmed_2025"": true, ""description_unchanged"": true, ""confirmed_2024"": false}}",2025-01,2026-06,false,false,true,"[""12099180""]",true,true,"Vegetable sowing seed under 12099180, excluding beet and separately classified legumes, cereals, spices and oilseeds. This is a customs group, never species-specific trade. Original botanical identity and vegetable seed use are retained.",HIGH_FOR_BOUNDED_CUSTOMS_SCOPE,"[""Customs mapping is not evidence that the species contributed any amount to a group."", ""No interpolation, proportional allocation, species shares or supply signal."", ""Taxonomy and production datasets remain unchanged.""]","[{""id"": ""lfl"", ""organisation"": ""Bavarian State Research Center for Agriculture (LfL)"", ""url"": ""https://www.lfl.bayern.de/mam/cms07/publikationen/daten/informationen/greening-zwischenfruchtanbau-lfl-information-2018.pdf"", ""retrieved_at"": ""2026-10-03"", ""document"": ""Greening und Zwischenfruchtanbau, November 2018, Annex 1 pages 8–10"", ""scope"": ""Botanical names and catch-crop mixture use; historical permitted-species list, not current subsidy/legal eligibility or production evidence""}, {""id"": ""v041"", ""organisation"": ""SeedTrade evidence review of official national seed authorities"", ""url"": null, ""retrieved_at"": ""2026-10-03"", ""checkpoint_sha256"": ""2b149594c48a1f0ed1de04f69835baffb4e671a04901a48a37aa88a52a7d4359"", ""scope"": ""Recovered V4.1 canonical IDs, bounded ranks, source taxon mapping and CN evidence; original checkpoint retained""}, {""id"": ""vegetables"", ""organisation"": ""European Union / EUR-Lex"", ""url"": ""https://eur-lex.europa.eu/legal-content/EN/TXT/?uri=CELEX:02002L0055-20220901"", ""retrieved_at"": ""2026-10-03"", ""document"": ""2002/55/EC Article 2(1)(b), consolidation 2022-09-01"", ""scope"": ""Seed-market identities; cultivar groups not separate species. Current 2024-12-24 consolidation identified but anti-bot blocked; no claim of current legal eligibility""}]"
rhubarb,Rhubarb,Rheum rhabarbarum,Rheum rhabarbarum,vegetable-seeds,"[""VEGETABLE""]",NOT_AVAILABLE,GROUP_LEVEL,"[""1209""]","[""120991""]","[""12099180""]","[""120991""]",SOWING_SPECIFIC,"[""12099180""]",[],[],"[{""canonical_species_id"": ""rhubarb"", ""mapping_status"": ""CN_MAPPING_NOT_AVAILABLE"", ""cn4"": [], ""cn6"": [], ""cn8"": [], ""hs6"": [], ""sowing_seed"": {""usage"": ""SOWING_SEED"", ""verified_cn8"": []}, ""non_sowing_commodity"": {""usage"": ""NON_SOWING_COMMODITY"", ""codes"": []}, ""source_url"": null, ""notes"": [""No species-specific CN mapping invented""]}]","[{""year"": 2026, ""cn8"": ""12099180"", ""description"": ""Vegetable seeds for sowing (excl. salad beet or beetroot \""Beta vulgaris var. conditiva\"")"", ""worksheet_row"": 1503, ""source_url"": ""https://www.ksh.hu/docs/osztalyozasok/kn/kn2026_structure.xlsx"", ""source_organisation"": ""Hungarian Central Statistical Office"", ""retrieval_date"": ""2026-10-04"", ""source_sha256"": ""083d065994fd2b41037aae21dc26087300a3a013e948e1884117abdd9d87ac56""}]",false,true,false,true,"{""12099180"": {""confirmed_2025"": true, ""description_unchanged"": true, ""confirmed_2024"": false}}",2025-01,2026-06,false,false,true,"[""12099180""]",false,true,"Vegetable sowing seed under 12099180, excluding beet and separately classified legumes, cereals, spices and oilseeds. This is a customs group, never species-specific trade. Original botanical identity and vegetable seed use are retained.",HIGH_FOR_BOUNDED_CUSTOMS_SCOPE,"[""Customs mapping is not evidence that the species contributed any amount to a group."", ""No interpolation, proportional allocation, species shares or supply signal."", ""Taxonomy and production datasets remain unchanged.""]","[{""id"": ""vegetables"", ""organisation"": ""European Union / EUR-Lex"", ""url"": ""https://eur-lex.europa.eu/legal-content/EN/TXT/?uri=CELEX:02002L0055-20220901"", ""retrieved_at"": ""2026-10-03"", ""document"": ""2002/55/EC Article 2(1)(b), consolidation 2022-09-01"", ""scope"": ""Seed-market identities; cultivar groups not separate species. Current 2024-12-24 consolidation identified but anti-bot blocked; no claim of current legal eligibility""}]"
black-salsify,Black salsify,Scorzonera hispanica,Scorzonera hispanica,vegetable-seeds,"[""VEGETABLE""]",NOT_AVAILABLE,GROUP_LEVEL,"[""1209""]","[""120991""]","[""12099180""]","[""120991""]",SOWING_SPECIFIC,"[""12099180""]",[],[],"[{""canonical_species_id"": ""black-salsify"", ""mapping_status"": ""CN_MAPPING_NOT_AVAILABLE"", ""cn4"": [], ""cn6"": [], ""cn8"": [], ""hs6"": [], ""sowing_seed"": {""usage"": ""SOWING_SEED"", ""verified_cn8"": []}, ""non_sowing_commodity"": {""usage"": ""NON_SOWING_COMMODITY"", ""codes"": []}, ""source_url"": null, ""notes"": [""No species-specific CN mapping invented""]}]","[{""year"": 2026, ""cn8"": ""12099180"", ""description"": ""Vegetable seeds for sowing (excl. salad beet or beetroot \""Beta vulgaris var. conditiva\"")"", ""worksheet_row"": 1503, ""source_url"": ""https://www.ksh.hu/docs/osztalyozasok/kn/kn2026_structure.xlsx"", ""source_organisation"": ""Hungarian Central Statistical Office"", ""retrieval_date"": ""2026-10-04"", ""source_sha256"": ""083d065994fd2b41037aae21dc26087300a3a013e948e1884117abdd9d87ac56""}]",false,true,false,true,"{""12099180"": {""confirmed_2025"": true, ""description_unchanged"": true, ""confirmed_2024"": false}}",2025-01,2026-06,false,false,true,"[""12099180""]",false,true,"Vegetable sowing seed under 12099180, excluding beet and separately classified legumes, cereals, spices and oilseeds. This is a customs group, never species-specific trade. Original botanical identity and vegetable seed use are retained.",HIGH_FOR_BOUNDED_CUSTOMS_SCOPE,"[""Customs mapping is not evidence that the species contributed any amount to a group."", ""No interpolation, proportional allocation, species shares or supply signal."", ""Taxonomy and production datasets remain unchanged.""]","[{""id"": ""vegetables"", ""organisation"": ""European Union / EUR-Lex"", ""url"": ""https://eur-lex.europa.eu/legal-content/EN/TXT/?uri=CELEX:02002L0055-20220901"", ""retrieved_at"": ""2026-10-03"", ""document"": ""2002/55/EC Article 2(1)(b), consolidation 2022-09-01"", ""scope"": ""Seed-market identities; cultivar groups not separate species. Current 2024-12-24 consolidation identified but anti-bot blocked; no claim of current legal eligibility""}]"
rye,Rye,Secale cereale,Secale cereale,cereals-pseudocereals,"[""COVER_CROP"", ""SEED_PRODUCTION""]",CONFIRMED,CONFIRMED,"[""1002""]","[""100210""]","[""10021000""]","[""100210""]",SOWING_SPECIFIC,"[""10021000""]",[],"[""10021000""]","[{""canonical_species_id"": ""rye"", ""mapping_status"": ""CN_MAPPING_CONFIRMED"", ""nomenclature_year"": 2026, ""cn4"": [""1002""], ""cn6"": [""100210""], ""cn8"": [""10021000""], ""hs6"": [""100210""], ""hs6_scope"": ""Hierarchy only; no species/sowing proof"", ""sowing_seed"": {""usage"": ""SOWING_SEED"", ""verified_cn8"": [""10021000""], ""limitation"": ""Product type/use must fit the official description; not an observation-level trade-flow linkage""}, ""non_sowing_commodity"": {""usage"": ""NON_SOWING_COMMODITY"", ""codes"": [""10029000""]}, ""official_descriptions"": [{""cn8"": ""10021000"", ""description"": ""Rye seed for sowing"", ""worksheet_row"": 1326}, {""cn8"": ""10029000"", ""description"": ""Rye (excl. seed for sowing)"", ""worksheet_row"": 1327}], ""source_url"": ""https://www.ksh.hu/docs/osztalyozasok/kn/kn2026_structure.xlsx"", ""source_organisation"": ""Hungarian Central Statistical Office"", ""retrieval_date"": ""2026-10-02"", ""notes"": [], ""historical_year_eligibility"": ""REVIEW_REQUIRED; no 2021–2025 tariff concordance inferred""}]","[{""year"": 2026, ""cn8"": ""10021000"", ""description"": ""Rye seed for sowing"", ""worksheet_row"": 1326, ""source_url"": ""https://www.ksh.hu/docs/osztalyozasok/kn/kn2026_structure.xlsx"", ""source_organisation"": ""Hungarian Central Statistical Office"", ""retrieval_date"": ""2026-10-04"", ""source_sha256"": ""083d065994fd2b41037aae21dc26087300a3a013e948e1884117abdd9d87ac56""}]",true,false,false,true,"{""10021000"": {""confirmed_2025"": true, ""description_unchanged"": true, ""confirmed_2024"": false}}",null,null,false,false,false,[],true,true,Existing mapping audited against official 2026 denomination; original scope retained.,HIGH_FOR_BOUNDED_CUSTOMS_SCOPE,"[""Customs mapping is not evidence that the species contributed any amount to a group."", ""No interpolation, proportional allocation, species shares or supply signal."", ""Taxonomy and production datasets remain unchanged.""]","[{""id"": ""defra"", ""organisation"": ""Defra"", ""url"": ""https://www.gov.uk/guidance/how-to-do-the-sfi-actions-for-soils"", ""retrieved_at"": ""2026-10-03"", ""document"": ""Updated 2025-03-27; choosing a cover-crop mix and herbal ley"", ""scope"": ""Use examples; broader labels not automatically resolved to a species""}, {""id"": ""v041"", ""organisation"": ""SeedTrade evidence review of official national seed authorities"", ""url"": null, ""retrieved_at"": ""2026-10-03"", ""checkpoint_sha256"": ""2b149594c48a1f0ed1de04f69835baffb4e671a04901a48a37aa88a52a7d4359"", ""scope"": ""Recovered V4.1 canonical IDs, bounded ranks, source taxon mapping and CN evidence; original checkpoint retained""}]"
foxtail-millet,Foxtail millet,Setaria italica,Setaria italica,cereals-pseudocereals,"[""SEED_PRODUCTION""]",GROUP_LEVEL,GROUP_LEVEL,"[""1008""]","[""100821""]","[""10082100""]","[""100821""]",SOWING_SPECIFIC,"[""10082100""]",[],"[""10082100""]","[{""canonical_species_id"": ""foxtail-millet"", ""mapping_status"": ""CN_MAPPING_NOT_SPECIES_SPECIFIC"", ""nomenclature_year"": 2026, ""cn4"": [""1008""], ""cn6"": [""100821""], ""cn8"": [""10082100""], ""hs6"": [""100821""], ""hs6_scope"": ""Hierarchy only; no species/sowing proof"", ""sowing_seed"": {""usage"": ""SOWING_SEED"", ""verified_cn8"": [""10082100""], ""limitation"": ""Product type/use must fit the official description; not an observation-level trade-flow linkage""}, ""non_sowing_commodity"": {""usage"": ""NON_SOWING_COMMODITY"", ""codes"": [""10082900""]}, ""official_descriptions"": [{""cn8"": ""10082100"", ""description"": ""Millet seed for sowing (excl. grain sorghum)"", ""worksheet_row"": 1378}, {""cn8"": ""10082900"", ""description"": ""Millet (excl. grain sorghum, and seed for sowing)"", ""worksheet_row"": 1379}], ""source_url"": ""https://www.ksh.hu/docs/osztalyozasok/kn/kn2026_structure.xlsx"", ""source_organisation"": ""Hungarian Central Statistical Office"", ""retrieval_date"": ""2026-10-02"", ""notes"": [], ""historical_year_eligibility"": ""REVIEW_REQUIRED; no 2021–2025 tariff concordance inferred""}]","[{""year"": 2026, ""cn8"": ""10082100"", ""description"": ""Millet seed for sowing (excl. grain sorghum)"", ""worksheet_row"": 1378, ""source_url"": ""https://www.ksh.hu/docs/osztalyozasok/kn/kn2026_structure.xlsx"", ""source_organisation"": ""Hungarian Central Statistical Office"", ""retrieval_date"": ""2026-10-04"", ""source_sha256"": ""083d065994fd2b41037aae21dc26087300a3a013e948e1884117abdd9d87ac56""}]",false,true,false,true,"{""10082100"": {""confirmed_2025"": true, ""description_unchanged"": true, ""confirmed_2024"": false}}",null,null,false,false,false,[],true,true,Existing mapping audited against official 2026 denomination; original scope retained.,HIGH_FOR_BOUNDED_CUSTOMS_SCOPE,"[""Customs mapping is not evidence that the species contributed any amount to a group."", ""No interpolation, proportional allocation, species shares or supply signal."", ""Taxonomy and production datasets remain unchanged.""]","[{""id"": ""v041"", ""organisation"": ""SeedTrade evidence review of official national seed authorities"", ""url"": null, ""retrieved_at"": ""2026-10-03"", ""checkpoint_sha256"": ""2b149594c48a1f0ed1de04f69835baffb4e671a04901a48a37aa88a52a7d4359"", ""scope"": ""Recovered V4.1 canonical IDs, bounded ranks, source taxon mapping and CN evidence; original checkpoint retained""}]"
white-mustard,White mustard,Sinapis alba,Sinapis alba,brassica-seeds,"[""CATCH_CROP"", ""COVER_CROP""]",GROUP_LEVEL,GROUP_LEVEL,"[""1207""]","[""120750""]","[""12075010""]","[""120750""]",SOWING_SPECIFIC,"[""12075010""]",[],"[""12075010""]","[{""canonical_species_id"": ""white-mustard"", ""mapping_status"": ""CN_MAPPING_NOT_SPECIES_SPECIFIC"", ""nomenclature_year"": 2026, ""cn4"": [""1207""], ""cn6"": [""120750""], ""cn8"": [""12075010""], ""hs6"": [""120750""], ""hs6_scope"": ""Six-digit hierarchy only; not proof of species-specific or sowing-specific classification"", ""sowing_seed"": {""usage"": ""SOWING_SEED"", ""verified_cn8"": [""12075010""], ""limitation"": ""GROUP_SCOPE_ONLY""}, ""non_sowing_commodity"": {""usage"": ""NON_SOWING_COMMODITY"", ""codes"": [], ""recovered_note"": ""Mustard for oil/food may share heading"", ""note_semantics"": ""Historical non_sowing field often describes grouped classification, not an actual commodity code""}, ""official_descriptions"": [{""cn8"": ""12075010"", ""description"": ""Mustard seeds for sowing"", ""worksheet_row"": 1476}], ""source_url"": ""https://www.ksh.hu/docs/osztalyozasok/kn/kn2026_structure.xlsx"", ""source_organisation"": ""Hungarian Central Statistical Office"", ""retrieval_date"": ""2026-10-02"", ""notes"": [""Identity membership only; broad customs category never allocated to this species""], ""historical_year_eligibility"": ""REVIEW_REQUIRED; no 2021–2025 concordance inferred""}]","[{""year"": 2026, ""cn8"": ""12075010"", ""description"": ""Mustard seeds for sowing"", ""worksheet_row"": 1476, ""source_url"": ""https://www.ksh.hu/docs/osztalyozasok/kn/kn2026_structure.xlsx"", ""source_organisation"": ""Hungarian Central Statistical Office"", ""retrieval_date"": ""2026-10-04"", ""source_sha256"": ""083d065994fd2b41037aae21dc26087300a3a013e948e1884117abdd9d87ac56""}]",false,true,false,true,"{""12075010"": {""confirmed_2025"": true, ""description_unchanged"": true, ""confirmed_2024"": false}}",null,null,false,false,true,"[""12075010""]",true,true,Existing mapping audited against official 2026 denomination; original scope retained.,HIGH_FOR_BOUNDED_CUSTOMS_SCOPE,"[""Customs mapping is not evidence that the species contributed any amount to a group."", ""No interpolation, proportional allocation, species shares or supply signal."", ""Taxonomy and production datasets remain unchanged.""]","[{""id"": ""lfl"", ""organisation"": ""Bavarian State Research Center for Agriculture (LfL)"", ""url"": ""https://www.lfl.bayern.de/mam/cms07/publikationen/daten/informationen/greening-zwischenfruchtanbau-lfl-information-2018.pdf"", ""retrieved_at"": ""2026-10-03"", ""document"": ""Greening und Zwischenfruchtanbau, November 2018, Annex 1 pages 8–10"", ""scope"": ""Botanical names and catch-crop mixture use; historical permitted-species list, not current subsidy/legal eligibility or production evidence""}]"
tomato,Tomato,Solanum lycopersicum,Solanum lycopersicum,vegetable-seeds,"[""VEGETABLE""]",NOT_AVAILABLE,GROUP_LEVEL,"[""1209""]","[""120991""]","[""12099180""]","[""120991""]",SOWING_SPECIFIC,"[""12099180""]",[],[],"[{""canonical_species_id"": ""tomato"", ""mapping_status"": ""CN_MAPPING_NOT_AVAILABLE"", ""cn4"": [], ""cn6"": [], ""cn8"": [], ""hs6"": [], ""sowing_seed"": {""usage"": ""SOWING_SEED"", ""verified_cn8"": []}, ""non_sowing_commodity"": {""usage"": ""NON_SOWING_COMMODITY"", ""codes"": []}, ""source_url"": null, ""notes"": [""No species-specific CN mapping invented""]}]","[{""year"": 2026, ""cn8"": ""12099180"", ""description"": ""Vegetable seeds for sowing (excl. salad beet or beetroot \""Beta vulgaris var. conditiva\"")"", ""worksheet_row"": 1503, ""source_url"": ""https://www.ksh.hu/docs/osztalyozasok/kn/kn2026_structure.xlsx"", ""source_organisation"": ""Hungarian Central Statistical Office"", ""retrieval_date"": ""2026-10-04"", ""source_sha256"": ""083d065994fd2b41037aae21dc26087300a3a013e948e1884117abdd9d87ac56""}]",false,true,false,true,"{""12099180"": {""confirmed_2025"": true, ""description_unchanged"": true, ""confirmed_2024"": false}}",2025-01,2026-06,false,false,true,"[""12099180""]",false,true,"Vegetable sowing seed under 12099180, excluding beet and separately classified legumes, cereals, spices and oilseeds. This is a customs group, never species-specific trade. Original botanical identity and vegetable seed use are retained.",HIGH_FOR_BOUNDED_CUSTOMS_SCOPE,"[""Customs mapping is not evidence that the species contributed any amount to a group."", ""No interpolation, proportional allocation, species shares or supply signal."", ""Taxonomy and production datasets remain unchanged.""]","[{""id"": ""vegetables"", ""organisation"": ""European Union / EUR-Lex"", ""url"": ""https://eur-lex.europa.eu/legal-content/EN/TXT/?uri=CELEX:02002L0055-20220901"", ""retrieved_at"": ""2026-10-03"", ""document"": ""2002/55/EC Article 2(1)(b), consolidation 2022-09-01"", ""scope"": ""Seed-market identities; cultivar groups not separate species. Current 2024-12-24 consolidation identified but anti-bot blocked; no claim of current legal eligibility""}]"
aubergine,Aubergine,Solanum melongena,Solanum melongena,vegetable-seeds,"[""VEGETABLE""]",NOT_AVAILABLE,GROUP_LEVEL,"[""1209""]","[""120991""]","[""12099180""]","[""120991""]",SOWING_SPECIFIC,"[""12099180""]",[],[],"[{""canonical_species_id"": ""aubergine"", ""mapping_status"": ""CN_MAPPING_NOT_AVAILABLE"", ""cn4"": [], ""cn6"": [], ""cn8"": [], ""hs6"": [], ""sowing_seed"": {""usage"": ""SOWING_SEED"", ""verified_cn8"": []}, ""non_sowing_commodity"": {""usage"": ""NON_SOWING_COMMODITY"", ""codes"": []}, ""source_url"": null, ""notes"": [""No species-specific CN mapping invented""]}]","[{""year"": 2026, ""cn8"": ""12099180"", ""description"": ""Vegetable seeds for sowing (excl. salad beet or beetroot \""Beta vulgaris var. conditiva\"")"", ""worksheet_row"": 1503, ""source_url"": ""https://www.ksh.hu/docs/osztalyozasok/kn/kn2026_structure.xlsx"", ""source_organisation"": ""Hungarian Central Statistical Office"", ""retrieval_date"": ""2026-10-04"", ""source_sha256"": ""083d065994fd2b41037aae21dc26087300a3a013e948e1884117abdd9d87ac56""}]",false,true,false,true,"{""12099180"": {""confirmed_2025"": true, ""description_unchanged"": true, ""confirmed_2024"": false}}",2025-01,2026-06,false,false,true,"[""12099180""]",false,true,"Vegetable sowing seed under 12099180, excluding beet and separately classified legumes, cereals, spices and oilseeds. This is a customs group, never species-specific trade. Original botanical identity and vegetable seed use are retained.",HIGH_FOR_BOUNDED_CUSTOMS_SCOPE,"[""Customs mapping is not evidence that the species contributed any amount to a group."", ""No interpolation, proportional allocation, species shares or supply signal."", ""Taxonomy and production datasets remain unchanged.""]","[{""id"": ""vegetables"", ""organisation"": ""European Union / EUR-Lex"", ""url"": ""https://eur-lex.europa.eu/legal-content/EN/TXT/?uri=CELEX:02002L0055-20220901"", ""retrieved_at"": ""2026-10-03"", ""document"": ""2002/55/EC Article 2(1)(b), consolidation 2022-09-01"", ""scope"": ""Seed-market identities; cultivar groups not separate species. Current 2024-12-24 consolidation identified but anti-bot blocked; no claim of current legal eligibility""}]"
sorghum,Sorghum,Sorghum bicolor,Sorghum bicolor,cereals-pseudocereals,"[""CATCH_CROP"", ""COVER_CROP"", ""SEED_PRODUCTION""]",REVIEW_REQUIRED,PARTIAL,"[""1007""]","[""100710""]","[""10071010"", ""10071090""]","[""100710""]",SOWING_SPECIFIC,"[""10071010"", ""10071090""]",[],[],"[{""canonical_species_id"": ""sorghum"", ""mapping_status"": ""CN_MAPPING_REVIEW_REQUIRED"", ""nomenclature_year"": 2026, ""cn4"": [], ""cn6"": [], ""cn8"": [], ""hs6"": [], ""hs6_scope"": ""Hierarchy only; no species/sowing proof"", ""sowing_seed"": {""usage"": ""SOWING_SEED"", ""verified_cn8"": [], ""limitation"": ""No confirmed sowing-specific code""}, ""non_sowing_commodity"": {""usage"": ""NON_SOWING_COMMODITY"", ""codes"": []}, ""official_descriptions"": [], ""source_url"": ""https://www.ksh.hu/docs/osztalyozasok/kn/kn2026_structure.xlsx"", ""source_organisation"": ""Hungarian Central Statistical Office"", ""retrieval_date"": ""2026-10-02"", ""notes"": [""Taxonomy alone does not establish this hybrid/crop-use/product-form customs classification; no residual code forced.""], ""historical_year_eligibility"": ""REVIEW_REQUIRED; no 2021–2025 tariff concordance inferred""}]","[{""year"": 2026, ""cn8"": ""10071010"", ""description"": ""Hybrid grain sorghum, for sowing"", ""worksheet_row"": 1374, ""source_url"": ""https://www.ksh.hu/docs/osztalyozasok/kn/kn2026_structure.xlsx"", ""source_organisation"": ""Hungarian Central Statistical Office"", ""retrieval_date"": ""2026-10-04"", ""source_sha256"": ""083d065994fd2b41037aae21dc26087300a3a013e948e1884117abdd9d87ac56""}, {""year"": 2026, ""cn8"": ""10071090"", ""description"": ""Grain sorghum, for sowing (excl. hybrids)"", ""worksheet_row"": 1375, ""source_url"": ""https://www.ksh.hu/docs/osztalyozasok/kn/kn2026_structure.xlsx"", ""source_organisation"": ""Hungarian Central Statistical Office"", ""retrieval_date"": ""2026-10-04"", ""source_sha256"": ""083d065994fd2b41037aae21dc26087300a3a013e948e1884117abdd9d87ac56""}]",false,false,false,true,"{""10071010"": {""confirmed_2025"": true, ""description_unchanged"": true, ""confirmed_2024"": false}, ""10071090"": {""confirmed_2025"": true, ""description_unchanged"": true, ""confirmed_2024"": false}}",null,null,false,false,false,[],true,true,Grain sorghum sowing seed; does not establish coverage for every forage Sorghum bicolor use or Sudan/hybrid grass group.,HIGH_FOR_BOUNDED_CUSTOMS_SCOPE,"[""Customs mapping is not evidence that the species contributed any amount to a group."", ""No interpolation, proportional allocation, species shares or supply signal."", ""Taxonomy and production datasets remain unchanged.""]","[{""id"": ""lfl"", ""organisation"": ""Bavarian State Research Center for Agriculture (LfL)"", ""url"": ""https://www.lfl.bayern.de/mam/cms07/publikationen/daten/informationen/greening-zwischenfruchtanbau-lfl-information-2018.pdf"", ""retrieved_at"": ""2026-10-03"", ""document"": ""Greening und Zwischenfruchtanbau, November 2018, Annex 1 pages 8–10"", ""scope"": ""Botanical names and catch-crop mixture use; historical permitted-species list, not current subsidy/legal eligibility or production evidence""}, {""id"": ""v041"", ""organisation"": ""SeedTrade evidence review of official national seed authorities"", ""url"": null, ""retrieved_at"": ""2026-10-03"", ""checkpoint_sha256"": ""2b149594c48a1f0ed1de04f69835baffb4e671a04901a48a37aa88a52a7d4359"", ""scope"": ""Recovered V4.1 canonical IDs, bounded ranks, source taxon mapping and CN evidence; original checkpoint retained""}]"
spinach,Spinach,Spinacia oleracea,Spinacia oleracea,vegetable-seeds,"[""VEGETABLE""]",NOT_AVAILABLE,GROUP_LEVEL,"[""1209""]","[""120991""]","[""12099180""]","[""120991""]",SOWING_SPECIFIC,"[""12099180""]",[],[],"[{""canonical_species_id"": ""spinach"", ""mapping_status"": ""CN_MAPPING_NOT_AVAILABLE"", ""cn4"": [], ""cn6"": [], ""cn8"": [], ""hs6"": [], ""sowing_seed"": {""usage"": ""SOWING_SEED"", ""verified_cn8"": []}, ""non_sowing_commodity"": {""usage"": ""NON_SOWING_COMMODITY"", ""codes"": []}, ""source_url"": null, ""notes"": [""No species-specific CN mapping invented""]}]","[{""year"": 2026, ""cn8"": ""12099180"", ""description"": ""Vegetable seeds for sowing (excl. salad beet or beetroot \""Beta vulgaris var. conditiva\"")"", ""worksheet_row"": 1503, ""source_url"": ""https://www.ksh.hu/docs/osztalyozasok/kn/kn2026_structure.xlsx"", ""source_organisation"": ""Hungarian Central Statistical Office"", ""retrieval_date"": ""2026-10-04"", ""source_sha256"": ""083d065994fd2b41037aae21dc26087300a3a013e948e1884117abdd9d87ac56""}]",false,true,false,true,"{""12099180"": {""confirmed_2025"": true, ""description_unchanged"": true, ""confirmed_2024"": false}}",2025-01,2026-06,false,false,true,"[""12099180""]",true,true,"Vegetable sowing seed under 12099180, excluding beet and separately classified legumes, cereals, spices and oilseeds. This is a customs group, never species-specific trade. Original botanical identity and vegetable seed use are retained.",HIGH_FOR_BOUNDED_CUSTOMS_SCOPE,"[""Customs mapping is not evidence that the species contributed any amount to a group."", ""No interpolation, proportional allocation, species shares or supply signal."", ""Taxonomy and production datasets remain unchanged.""]","[{""id"": ""vegetables"", ""organisation"": ""European Union / EUR-Lex"", ""url"": ""https://eur-lex.europa.eu/legal-content/EN/TXT/?uri=CELEX:02002L0055-20220901"", ""retrieved_at"": ""2026-10-03"", ""document"": ""2002/55/EC Article 2(1)(b), consolidation 2022-09-01"", ""scope"": ""Seed-market identities; cultivar groups not separate species. Current 2024-12-24 consolidation identified but anti-bot blocked; no claim of current legal eligibility""}]"
berseem-clover,Berseem / Egyptian clover,Trifolium alexandrinum,Trifolium alexandrinum,forage-legumes,"[""CATCH_CROP"", ""COVER_CROP"", ""SEED_PRODUCTION""]",GROUP_LEVEL,GROUP_LEVEL,"[""1209""]","[""120922""]","[""12092280""]","[""120922""]",SOWING_SPECIFIC,"[""12092280""]",[],"[""12092280""]","[{""canonical_species_id"": ""berseem-clover"", ""mapping_status"": ""CN_MAPPING_NOT_SPECIES_SPECIFIC"", ""nomenclature_year"": 2026, ""cn4"": [""1209""], ""cn6"": [""120922""], ""cn8"": [""12092280""], ""hs6"": [""120922""], ""hs6_scope"": ""Hierarchy only; no species/sowing proof"", ""sowing_seed"": {""usage"": ""SOWING_SEED"", ""verified_cn8"": [""12092280""], ""limitation"": ""Product type/use must fit the official description; not an observation-level trade-flow linkage""}, ""non_sowing_commodity"": {""usage"": ""NON_SOWING_COMMODITY"", ""codes"": []}, ""official_descriptions"": [{""cn8"": ""12092280"", ""description"": ""Clover \""Trifolium spp.\"" seed for sowing (excl. red clover [Trifolium pratense L.])"", ""worksheet_row"": 1490}], ""source_url"": ""https://www.ksh.hu/docs/osztalyozasok/kn/kn2026_structure.xlsx"", ""source_organisation"": ""Hungarian Central Statistical Office"", ""retrieval_date"": ""2026-10-02"", ""notes"": [], ""historical_year_eligibility"": ""REVIEW_REQUIRED; no 2021–2025 tariff concordance inferred""}]","[{""year"": 2026, ""cn8"": ""12092280"", ""description"": ""Clover \""Trifolium spp.\"" seed for sowing (excl. red clover [Trifolium pratense L.])"", ""worksheet_row"": 1490, ""source_url"": ""https://www.ksh.hu/docs/osztalyozasok/kn/kn2026_structure.xlsx"", ""source_organisation"": ""Hungarian Central Statistical Office"", ""retrieval_date"": ""2026-10-04"", ""source_sha256"": ""083d065994fd2b41037aae21dc26087300a3a013e948e1884117abdd9d87ac56""}]",false,true,false,true,"{""12092280"": {""confirmed_2025"": true, ""description_unchanged"": true, ""confirmed_2024"": false}}",2025-01,2026-06,false,false,true,"[""12092280""]",true,true,Existing mapping audited against official 2026 denomination; original scope retained.,HIGH_FOR_BOUNDED_CUSTOMS_SCOPE,"[""Customs mapping is not evidence that the species contributed any amount to a group."", ""No interpolation, proportional allocation, species shares or supply signal."", ""Taxonomy and production datasets remain unchanged.""]","[{""id"": ""lfl"", ""organisation"": ""Bavarian State Research Center for Agriculture (LfL)"", ""url"": ""https://www.lfl.bayern.de/mam/cms07/publikationen/daten/informationen/greening-zwischenfruchtanbau-lfl-information-2018.pdf"", ""retrieved_at"": ""2026-10-03"", ""document"": ""Greening und Zwischenfruchtanbau, November 2018, Annex 1 pages 8–10"", ""scope"": ""Botanical names and catch-crop mixture use; historical permitted-species list, not current subsidy/legal eligibility or production evidence""}, {""id"": ""v041"", ""organisation"": ""SeedTrade evidence review of official national seed authorities"", ""url"": null, ""retrieved_at"": ""2026-10-03"", ""checkpoint_sha256"": ""2b149594c48a1f0ed1de04f69835baffb4e671a04901a48a37aa88a52a7d4359"", ""scope"": ""Recovered V4.1 canonical IDs, bounded ranks, source taxon mapping and CN evidence; original checkpoint retained""}]"
glandular-clover,Glandular clover,Trifolium glanduliferum,Trifolium glanduliferum,forage-legumes,"[""SEED_PRODUCTION""]",GROUP_LEVEL,GROUP_LEVEL,"[""1209""]","[""120922""]","[""12092280""]","[""120922""]",SOWING_SPECIFIC,"[""12092280""]",[],"[""12092280""]","[{""canonical_species_id"": ""glandular-clover"", ""mapping_status"": ""CN_MAPPING_NOT_SPECIES_SPECIFIC"", ""nomenclature_year"": 2026, ""cn4"": [""1209""], ""cn6"": [""120922""], ""cn8"": [""12092280""], ""hs6"": [""120922""], ""hs6_scope"": ""Hierarchy only; no species/sowing proof"", ""sowing_seed"": {""usage"": ""SOWING_SEED"", ""verified_cn8"": [""12092280""], ""limitation"": ""Product type/use must fit the official description; not an observation-level trade-flow linkage""}, ""non_sowing_commodity"": {""usage"": ""NON_SOWING_COMMODITY"", ""codes"": []}, ""official_descriptions"": [{""cn8"": ""12092280"", ""description"": ""Clover \""Trifolium spp.\"" seed for sowing (excl. red clover [Trifolium pratense L.])"", ""worksheet_row"": 1490}], ""source_url"": ""https://www.ksh.hu/docs/osztalyozasok/kn/kn2026_structure.xlsx"", ""source_organisation"": ""Hungarian Central Statistical Office"", ""retrieval_date"": ""2026-10-02"", ""notes"": [], ""historical_year_eligibility"": ""REVIEW_REQUIRED; no 2021–2025 tariff concordance inferred""}]","[{""year"": 2026, ""cn8"": ""12092280"", ""description"": ""Clover \""Trifolium spp.\"" seed for sowing (excl. red clover [Trifolium pratense L.])"", ""worksheet_row"": 1490, ""source_url"": ""https://www.ksh.hu/docs/osztalyozasok/kn/kn2026_structure.xlsx"", ""source_organisation"": ""Hungarian Central Statistical Office"", ""retrieval_date"": ""2026-10-04"", ""source_sha256"": ""083d065994fd2b41037aae21dc26087300a3a013e948e1884117abdd9d87ac56""}]",false,true,false,true,"{""12092280"": {""confirmed_2025"": true, ""description_unchanged"": true, ""confirmed_2024"": false}}",2025-01,2026-06,false,false,true,"[""12092280""]",true,true,Existing mapping audited against official 2026 denomination; original scope retained.,HIGH_FOR_BOUNDED_CUSTOMS_SCOPE,"[""Customs mapping is not evidence that the species contributed any amount to a group."", ""No interpolation, proportional allocation, species shares or supply signal."", ""Taxonomy and production datasets remain unchanged.""]","[{""id"": ""v041"", ""organisation"": ""SeedTrade evidence review of official national seed authorities"", ""url"": null, ""retrieved_at"": ""2026-10-03"", ""checkpoint_sha256"": ""2b149594c48a1f0ed1de04f69835baffb4e671a04901a48a37aa88a52a7d4359"", ""scope"": ""Recovered V4.1 canonical IDs, bounded ranks, source taxon mapping and CN evidence; original checkpoint retained""}]"
rose-clover,Rose clover,Trifolium hirtum,Trifolium hirtum,forage-legumes,"[""SEED_PRODUCTION""]",GROUP_LEVEL,GROUP_LEVEL,"[""1209""]","[""120922""]","[""12092280""]","[""120922""]",SOWING_SPECIFIC,"[""12092280""]",[],"[""12092280""]","[{""canonical_species_id"": ""rose-clover"", ""mapping_status"": ""CN_MAPPING_NOT_SPECIES_SPECIFIC"", ""nomenclature_year"": 2026, ""cn4"": [""1209""], ""cn6"": [""120922""], ""cn8"": [""12092280""], ""hs6"": [""120922""], ""hs6_scope"": ""Hierarchy only; no species/sowing proof"", ""sowing_seed"": {""usage"": ""SOWING_SEED"", ""verified_cn8"": [""12092280""], ""limitation"": ""Product type/use must fit the official description; not an observation-level trade-flow linkage""}, ""non_sowing_commodity"": {""usage"": ""NON_SOWING_COMMODITY"", ""codes"": []}, ""official_descriptions"": [{""cn8"": ""12092280"", ""description"": ""Clover \""Trifolium spp.\"" seed for sowing (excl. red clover [Trifolium pratense L.])"", ""worksheet_row"": 1490}], ""source_url"": ""https://www.ksh.hu/docs/osztalyozasok/kn/kn2026_structure.xlsx"", ""source_organisation"": ""Hungarian Central Statistical Office"", ""retrieval_date"": ""2026-10-02"", ""notes"": [], ""historical_year_eligibility"": ""REVIEW_REQUIRED; no 2021–2025 tariff concordance inferred""}]","[{""year"": 2026, ""cn8"": ""12092280"", ""description"": ""Clover \""Trifolium spp.\"" seed for sowing (excl. red clover [Trifolium pratense L.])"", ""worksheet_row"": 1490, ""source_url"": ""https://www.ksh.hu/docs/osztalyozasok/kn/kn2026_structure.xlsx"", ""source_organisation"": ""Hungarian Central Statistical Office"", ""retrieval_date"": ""2026-10-04"", ""source_sha256"": ""083d065994fd2b41037aae21dc26087300a3a013e948e1884117abdd9d87ac56""}]",false,true,false,true,"{""12092280"": {""confirmed_2025"": true, ""description_unchanged"": true, ""confirmed_2024"": false}}",2025-01,2026-06,false,false,true,"[""12092280""]",true,true,Existing mapping audited against official 2026 denomination; original scope retained.,HIGH_FOR_BOUNDED_CUSTOMS_SCOPE,"[""Customs mapping is not evidence that the species contributed any amount to a group."", ""No interpolation, proportional allocation, species shares or supply signal."", ""Taxonomy and production datasets remain unchanged.""]","[{""id"": ""v041"", ""organisation"": ""SeedTrade evidence review of official national seed authorities"", ""url"": null, ""retrieved_at"": ""2026-10-03"", ""checkpoint_sha256"": ""2b149594c48a1f0ed1de04f69835baffb4e671a04901a48a37aa88a52a7d4359"", ""scope"": ""Recovered V4.1 canonical IDs, bounded ranks, source taxon mapping and CN evidence; original checkpoint retained""}]"
alsike-clover,Alsike clover,Trifolium hybridum,Trifolium hybridum,forage-legumes,"[""CATCH_CROP"", ""COVER_CROP"", ""SEED_PRODUCTION""]",GROUP_LEVEL,GROUP_LEVEL,"[""1209""]","[""120922""]","[""12092280""]","[""120922""]",SOWING_SPECIFIC,"[""12092280""]",[],"[""12092280""]","[{""canonical_species_id"": ""alsike-clover"", ""mapping_status"": ""CN_MAPPING_NOT_SPECIES_SPECIFIC"", ""nomenclature_year"": 2026, ""cn4"": [""1209""], ""cn6"": [""120922""], ""cn8"": [""12092280""], ""hs6"": [""120922""], ""hs6_scope"": ""Six-digit hierarchy only; not proof of species-specific or sowing-specific classification"", ""sowing_seed"": {""usage"": ""SOWING_SEED"", ""verified_cn8"": [""12092280""], ""limitation"": null}, ""non_sowing_commodity"": {""usage"": ""NON_SOWING_COMMODITY"", ""codes"": [], ""recovered_note"": null, ""note_semantics"": ""Historical non_sowing field often describes grouped classification, not an actual commodity code""}, ""official_descriptions"": [{""cn8"": ""12092280"", ""description"": ""Clover \""Trifolium spp.\"" seed for sowing (excl. red clover [Trifolium pratense L.])"", ""worksheet_row"": 1490}], ""source_url"": ""https://www.ksh.hu/docs/osztalyozasok/kn/kn2026_structure.xlsx"", ""source_organisation"": ""Hungarian Central Statistical Office"", ""retrieval_date"": ""2026-10-02"", ""notes"": [], ""historical_year_eligibility"": ""REVIEW_REQUIRED; no 2021–2025 concordance inferred""}]","[{""year"": 2026, ""cn8"": ""12092280"", ""description"": ""Clover \""Trifolium spp.\"" seed for sowing (excl. red clover [Trifolium pratense L.])"", ""worksheet_row"": 1490, ""source_url"": ""https://www.ksh.hu/docs/osztalyozasok/kn/kn2026_structure.xlsx"", ""source_organisation"": ""Hungarian Central Statistical Office"", ""retrieval_date"": ""2026-10-04"", ""source_sha256"": ""083d065994fd2b41037aae21dc26087300a3a013e948e1884117abdd9d87ac56""}]",false,true,false,true,"{""12092280"": {""confirmed_2025"": true, ""description_unchanged"": true, ""confirmed_2024"": false}}",2025-01,2026-06,false,false,true,"[""12092280""]",true,true,Existing mapping audited against official 2026 denomination; original scope retained.,HIGH_FOR_BOUNDED_CUSTOMS_SCOPE,"[""Customs mapping is not evidence that the species contributed any amount to a group."", ""No interpolation, proportional allocation, species shares or supply signal."", ""Taxonomy and production datasets remain unchanged.""]","[{""id"": ""lfl"", ""organisation"": ""Bavarian State Research Center for Agriculture (LfL)"", ""url"": ""https://www.lfl.bayern.de/mam/cms07/publikationen/daten/informationen/greening-zwischenfruchtanbau-lfl-information-2018.pdf"", ""retrieved_at"": ""2026-10-03"", ""document"": ""Greening und Zwischenfruchtanbau, November 2018, Annex 1 pages 8–10"", ""scope"": ""Botanical names and catch-crop mixture use; historical permitted-species list, not current subsidy/legal eligibility or production evidence""}, {""id"": ""v041"", ""organisation"": ""SeedTrade evidence review of official national seed authorities"", ""url"": null, ""retrieved_at"": ""2026-10-03"", ""checkpoint_sha256"": ""2b149594c48a1f0ed1de04f69835baffb4e671a04901a48a37aa88a52a7d4359"", ""scope"": ""Recovered V4.1 canonical IDs, bounded ranks, source taxon mapping and CN evidence; original checkpoint retained""}]"
crimson-clover,Crimson clover,Trifolium incarnatum,Trifolium incarnatum,forage-legumes,"[""CATCH_CROP"", ""COVER_CROP"", ""SEED_PRODUCTION""]",GROUP_LEVEL,GROUP_LEVEL,"[""1209""]","[""120922""]","[""12092280""]","[""120922""]",SOWING_SPECIFIC,"[""12092280""]",[],"[""12092280""]","[{""canonical_species_id"": ""crimson-clover"", ""mapping_status"": ""CN_MAPPING_NOT_SPECIES_SPECIFIC"", ""nomenclature_year"": 2026, ""cn4"": [""1209""], ""cn6"": [""120922""], ""cn8"": [""12092280""], ""hs6"": [""120922""], ""hs6_scope"": ""Six-digit hierarchy only; not proof of species-specific or sowing-specific classification"", ""sowing_seed"": {""usage"": ""SOWING_SEED"", ""verified_cn8"": [""12092280""], ""limitation"": null}, ""non_sowing_commodity"": {""usage"": ""NON_SOWING_COMMODITY"", ""codes"": [], ""recovered_note"": null, ""note_semantics"": ""Historical non_sowing field often describes grouped classification, not an actual commodity code""}, ""official_descriptions"": [{""cn8"": ""12092280"", ""description"": ""Clover \""Trifolium spp.\"" seed for sowing (excl. red clover [Trifolium pratense L.])"", ""worksheet_row"": 1490}], ""source_url"": ""https://www.ksh.hu/docs/osztalyozasok/kn/kn2026_structure.xlsx"", ""source_organisation"": ""Hungarian Central Statistical Office"", ""retrieval_date"": ""2026-10-02"", ""notes"": [], ""historical_year_eligibility"": ""REVIEW_REQUIRED; no 2021–2025 concordance inferred""}]","[{""year"": 2026, ""cn8"": ""12092280"", ""description"": ""Clover \""Trifolium spp.\"" seed for sowing (excl. red clover [Trifolium pratense L.])"", ""worksheet_row"": 1490, ""source_url"": ""https://www.ksh.hu/docs/osztalyozasok/kn/kn2026_structure.xlsx"", ""source_organisation"": ""Hungarian Central Statistical Office"", ""retrieval_date"": ""2026-10-04"", ""source_sha256"": ""083d065994fd2b41037aae21dc26087300a3a013e948e1884117abdd9d87ac56""}]",false,true,false,true,"{""12092280"": {""confirmed_2025"": true, ""description_unchanged"": true, ""confirmed_2024"": false}}",2025-01,2026-06,false,false,true,"[""12092280""]",true,true,Existing mapping audited against official 2026 denomination; original scope retained.,HIGH_FOR_BOUNDED_CUSTOMS_SCOPE,"[""Customs mapping is not evidence that the species contributed any amount to a group."", ""No interpolation, proportional allocation, species shares or supply signal."", ""Taxonomy and production datasets remain unchanged.""]","[{""id"": ""lfl"", ""organisation"": ""Bavarian State Research Center for Agriculture (LfL)"", ""url"": ""https://www.lfl.bayern.de/mam/cms07/publikationen/daten/informationen/greening-zwischenfruchtanbau-lfl-information-2018.pdf"", ""retrieved_at"": ""2026-10-03"", ""document"": ""Greening und Zwischenfruchtanbau, November 2018, Annex 1 pages 8–10"", ""scope"": ""Botanical names and catch-crop mixture use; historical permitted-species list, not current subsidy/legal eligibility or production evidence""}, {""id"": ""v041"", ""organisation"": ""SeedTrade evidence review of official national seed authorities"", ""url"": null, ""retrieved_at"": ""2026-10-03"", ""checkpoint_sha256"": ""2b149594c48a1f0ed1de04f69835baffb4e671a04901a48a37aa88a52a7d4359"", ""scope"": ""Recovered V4.1 canonical IDs, bounded ranks, source taxon mapping and CN evidence; original checkpoint retained""}]"
trifolium-isthmocarpum,Clover,Trifolium isthmocarpum,Trifolium isthmocarpum,forage-legumes,"[""SEED_PRODUCTION""]",GROUP_LEVEL,GROUP_LEVEL,"[""1209""]","[""120922""]","[""12092280""]","[""120922""]",SOWING_SPECIFIC,"[""12092280""]",[],"[""12092280""]","[{""canonical_species_id"": ""trifolium-isthmocarpum"", ""mapping_status"": ""CN_MAPPING_NOT_SPECIES_SPECIFIC"", ""nomenclature_year"": 2026, ""cn4"": [""1209""], ""cn6"": [""120922""], ""cn8"": [""12092280""], ""hs6"": [""120922""], ""hs6_scope"": ""Hierarchy only; no species/sowing proof"", ""sowing_seed"": {""usage"": ""SOWING_SEED"", ""verified_cn8"": [""12092280""], ""limitation"": ""Product type/use must fit the official description; not an observation-level trade-flow linkage""}, ""non_sowing_commodity"": {""usage"": ""NON_SOWING_COMMODITY"", ""codes"": []}, ""official_descriptions"": [{""cn8"": ""12092280"", ""description"": ""Clover \""Trifolium spp.\"" seed for sowing (excl. red clover [Trifolium pratense L.])"", ""worksheet_row"": 1490}], ""source_url"": ""https://www.ksh.hu/docs/osztalyozasok/kn/kn2026_structure.xlsx"", ""source_organisation"": ""Hungarian Central Statistical Office"", ""retrieval_date"": ""2026-10-02"", ""notes"": [], ""historical_year_eligibility"": ""REVIEW_REQUIRED; no 2021–2025 tariff concordance inferred""}]","[{""year"": 2026, ""cn8"": ""12092280"", ""description"": ""Clover \""Trifolium spp.\"" seed for sowing (excl. red clover [Trifolium pratense L.])"", ""worksheet_row"": 1490, ""source_url"": ""https://www.ksh.hu/docs/osztalyozasok/kn/kn2026_structure.xlsx"", ""source_organisation"": ""Hungarian Central Statistical Office"", ""retrieval_date"": ""2026-10-04"", ""source_sha256"": ""083d065994fd2b41037aae21dc26087300a3a013e948e1884117abdd9d87ac56""}]",false,true,false,true,"{""12092280"": {""confirmed_2025"": true, ""description_unchanged"": true, ""confirmed_2024"": false}}",2025-01,2026-06,false,false,true,"[""12092280""]",true,true,Existing mapping audited against official 2026 denomination; original scope retained.,HIGH_FOR_BOUNDED_CUSTOMS_SCOPE,"[""Customs mapping is not evidence that the species contributed any amount to a group."", ""No interpolation, proportional allocation, species shares or supply signal."", ""Taxonomy and production datasets remain unchanged.""]","[{""id"": ""v041"", ""organisation"": ""SeedTrade evidence review of official national seed authorities"", ""url"": null, ""retrieved_at"": ""2026-10-03"", ""checkpoint_sha256"": ""2b149594c48a1f0ed1de04f69835baffb4e671a04901a48a37aa88a52a7d4359"", ""scope"": ""Recovered V4.1 canonical IDs, bounded ranks, source taxon mapping and CN evidence; original checkpoint retained""}]"
balansa-clover,Balansa clover,Trifolium michelianum,Trifolium michelianum,forage-legumes,"[""CATCH_CROP"", ""COVER_CROP"", ""SEED_PRODUCTION""]",GROUP_LEVEL,GROUP_LEVEL,"[""1209""]","[""120922""]","[""12092280""]","[""120922""]",SOWING_SPECIFIC,"[""12092280""]",[],"[""12092280""]","[{""canonical_species_id"": ""balansa-clover"", ""mapping_status"": ""CN_MAPPING_NOT_SPECIES_SPECIFIC"", ""nomenclature_year"": 2026, ""cn4"": [""1209""], ""cn6"": [""120922""], ""cn8"": [""12092280""], ""hs6"": [""120922""], ""hs6_scope"": ""Hierarchy only; no species/sowing proof"", ""sowing_seed"": {""usage"": ""SOWING_SEED"", ""verified_cn8"": [""12092280""], ""limitation"": ""Product type/use must fit the official description; not an observation-level trade-flow linkage""}, ""non_sowing_commodity"": {""usage"": ""NON_SOWING_COMMODITY"", ""codes"": []}, ""official_descriptions"": [{""cn8"": ""12092280"", ""description"": ""Clover \""Trifolium spp.\"" seed for sowing (excl. red clover [Trifolium pratense L.])"", ""worksheet_row"": 1490}], ""source_url"": ""https://www.ksh.hu/docs/osztalyozasok/kn/kn2026_structure.xlsx"", ""source_organisation"": ""Hungarian Central Statistical Office"", ""retrieval_date"": ""2026-10-02"", ""notes"": [], ""historical_year_eligibility"": ""REVIEW_REQUIRED; no 2021–2025 tariff concordance inferred""}]","[{""year"": 2026, ""cn8"": ""12092280"", ""description"": ""Clover \""Trifolium spp.\"" seed for sowing (excl. red clover [Trifolium pratense L.])"", ""worksheet_row"": 1490, ""source_url"": ""https://www.ksh.hu/docs/osztalyozasok/kn/kn2026_structure.xlsx"", ""source_organisation"": ""Hungarian Central Statistical Office"", ""retrieval_date"": ""2026-10-04"", ""source_sha256"": ""083d065994fd2b41037aae21dc26087300a3a013e948e1884117abdd9d87ac56""}]",false,true,false,true,"{""12092280"": {""confirmed_2025"": true, ""description_unchanged"": true, ""confirmed_2024"": false}}",2025-01,2026-06,false,false,true,"[""12092280""]",true,true,Existing mapping audited against official 2026 denomination; original scope retained.,HIGH_FOR_BOUNDED_CUSTOMS_SCOPE,"[""Customs mapping is not evidence that the species contributed any amount to a group."", ""No interpolation, proportional allocation, species shares or supply signal."", ""Taxonomy and production datasets remain unchanged.""]","[{""id"": ""lfl"", ""organisation"": ""Bavarian State Research Center for Agriculture (LfL)"", ""url"": ""https://www.lfl.bayern.de/mam/cms07/publikationen/daten/informationen/greening-zwischenfruchtanbau-lfl-information-2018.pdf"", ""retrieved_at"": ""2026-10-03"", ""document"": ""Greening und Zwischenfruchtanbau, November 2018, Annex 1 pages 8–10"", ""scope"": ""Botanical names and catch-crop mixture use; historical permitted-species list, not current subsidy/legal eligibility or production evidence""}, {""id"": ""v041"", ""organisation"": ""SeedTrade evidence review of official national seed authorities"", ""url"": null, ""retrieved_at"": ""2026-10-03"", ""checkpoint_sha256"": ""2b149594c48a1f0ed1de04f69835baffb4e671a04901a48a37aa88a52a7d4359"", ""scope"": ""Recovered V4.1 canonical IDs, bounded ranks, source taxon mapping and CN evidence; original checkpoint retained""}]"
red-clover,Red clover,Trifolium pratense,Trifolium pratense,forage-legumes,"[""COVER_CROP"", ""FORAGE"", ""SEED_PRODUCTION""]",CONFIRMED,CONFIRMED,"[""1209""]","[""120922""]","[""12092210""]","[""120922""]",SOWING_SPECIFIC,"[""12092210""]",[],"[""12092210""]","[{""canonical_species_id"": ""red-clover"", ""mapping_status"": ""CN_MAPPING_CONFIRMED"", ""nomenclature_year"": 2026, ""cn4"": [""1209""], ""cn6"": [""120922""], ""cn8"": [""12092210""], ""hs6"": [""120922""], ""hs6_scope"": ""Six-digit hierarchy only; not proof of species-specific or sowing-specific classification"", ""sowing_seed"": {""usage"": ""SOWING_SEED"", ""verified_cn8"": [""12092210""], ""limitation"": null}, ""non_sowing_commodity"": {""usage"": ""NON_SOWING_COMMODITY"", ""codes"": [], ""recovered_note"": null, ""note_semantics"": ""Historical non_sowing field often describes grouped classification, not an actual commodity code""}, ""official_descriptions"": [{""cn8"": ""12092210"", ""description"": ""Red clover \""Trifolium pratense L.\"" seed for sowing"", ""worksheet_row"": 1489}], ""source_url"": ""https://www.ksh.hu/docs/osztalyozasok/kn/kn2026_structure.xlsx"", ""source_organisation"": ""Hungarian Central Statistical Office"", ""retrieval_date"": ""2026-10-02"", ""notes"": [], ""historical_year_eligibility"": ""REVIEW_REQUIRED; no 2021–2025 concordance inferred""}]","[{""year"": 2026, ""cn8"": ""12092210"", ""description"": ""Red clover \""Trifolium pratense L.\"" seed for sowing"", ""worksheet_row"": 1489, ""source_url"": ""https://www.ksh.hu/docs/osztalyozasok/kn/kn2026_structure.xlsx"", ""source_organisation"": ""Hungarian Central Statistical Office"", ""retrieval_date"": ""2026-10-04"", ""source_sha256"": ""083d065994fd2b41037aae21dc26087300a3a013e948e1884117abdd9d87ac56""}]",true,false,false,true,"{""12092210"": {""confirmed_2025"": true, ""description_unchanged"": true, ""confirmed_2024"": false}}",2024-01,2026-06,true,true,false,"[""12092210""]",true,true,Existing mapping audited against official 2026 denomination; original scope retained.,HIGH_FOR_BOUNDED_CUSTOMS_SCOPE,"[""Customs mapping is not evidence that the species contributed any amount to a group."", ""No interpolation, proportional allocation, species shares or supply signal."", ""Taxonomy and production datasets remain unchanged.""]","[{""id"": ""defra"", ""organisation"": ""Defra"", ""url"": ""https://www.gov.uk/guidance/how-to-do-the-sfi-actions-for-soils"", ""retrieved_at"": ""2026-10-03"", ""document"": ""Updated 2025-03-27; choosing a cover-crop mix and herbal ley"", ""scope"": ""Use examples; broader labels not automatically resolved to a species""}, {""id"": ""v041"", ""organisation"": ""SeedTrade evidence review of official national seed authorities"", ""url"": null, ""retrieved_at"": ""2026-10-03"", ""checkpoint_sha256"": ""2b149594c48a1f0ed1de04f69835baffb4e671a04901a48a37aa88a52a7d4359"", ""scope"": ""Recovered V4.1 canonical IDs, bounded ranks, source taxon mapping and CN evidence; original checkpoint retained""}]"
white-clover,White clover,Trifolium repens,Trifolium repens,forage-legumes,"[""CATCH_CROP"", ""COVER_CROP"", ""FORAGE"", ""SEED_PRODUCTION""]",GROUP_LEVEL,GROUP_LEVEL,"[""1209""]","[""120922""]","[""12092280""]","[""120922""]",SOWING_SPECIFIC,"[""12092280""]",[],"[""12092280""]","[{""canonical_species_id"": ""white-clover"", ""mapping_status"": ""CN_MAPPING_NOT_SPECIES_SPECIFIC"", ""nomenclature_year"": 2026, ""cn4"": [""1209""], ""cn6"": [""120922""], ""cn8"": [""12092280""], ""hs6"": [""120922""], ""hs6_scope"": ""Six-digit hierarchy only; not proof of species-specific or sowing-specific classification"", ""sowing_seed"": {""usage"": ""SOWING_SEED"", ""verified_cn8"": [""12092280""], ""limitation"": null}, ""non_sowing_commodity"": {""usage"": ""NON_SOWING_COMMODITY"", ""codes"": [], ""recovered_note"": ""Other clovers may be grouped"", ""note_semantics"": ""Historical non_sowing field often describes grouped classification, not an actual commodity code""}, ""official_descriptions"": [{""cn8"": ""12092280"", ""description"": ""Clover \""Trifolium spp.\"" seed for sowing (excl. red clover [Trifolium pratense L.])"", ""worksheet_row"": 1490}], ""source_url"": ""https://www.ksh.hu/docs/osztalyozasok/kn/kn2026_structure.xlsx"", ""source_organisation"": ""Hungarian Central Statistical Office"", ""retrieval_date"": ""2026-10-02"", ""notes"": [], ""historical_year_eligibility"": ""REVIEW_REQUIRED; no 2021–2025 concordance inferred""}]","[{""year"": 2026, ""cn8"": ""12092280"", ""description"": ""Clover \""Trifolium spp.\"" seed for sowing (excl. red clover [Trifolium pratense L.])"", ""worksheet_row"": 1490, ""source_url"": ""https://www.ksh.hu/docs/osztalyozasok/kn/kn2026_structure.xlsx"", ""source_organisation"": ""Hungarian Central Statistical Office"", ""retrieval_date"": ""2026-10-04"", ""source_sha256"": ""083d065994fd2b41037aae21dc26087300a3a013e948e1884117abdd9d87ac56""}]",false,true,false,true,"{""12092280"": {""confirmed_2025"": true, ""description_unchanged"": true, ""confirmed_2024"": false}}",2025-01,2026-06,false,false,true,"[""12092280""]",true,true,Existing mapping audited against official 2026 denomination; original scope retained.,HIGH_FOR_BOUNDED_CUSTOMS_SCOPE,"[""Customs mapping is not evidence that the species contributed any amount to a group."", ""No interpolation, proportional allocation, species shares or supply signal."", ""Taxonomy and production datasets remain unchanged.""]","[{""id"": ""defra"", ""organisation"": ""Defra"", ""url"": ""https://www.gov.uk/guidance/how-to-do-the-sfi-actions-for-soils"", ""retrieved_at"": ""2026-10-03"", ""document"": ""Updated 2025-03-27; choosing a cover-crop mix and herbal ley"", ""scope"": ""Use examples; broader labels not automatically resolved to a species""}, {""id"": ""lfl"", ""organisation"": ""Bavarian State Research Center for Agriculture (LfL)"", ""url"": ""https://www.lfl.bayern.de/mam/cms07/publikationen/daten/informationen/greening-zwischenfruchtanbau-lfl-information-2018.pdf"", ""retrieved_at"": ""2026-10-03"", ""document"": ""Greening und Zwischenfruchtanbau, November 2018, Annex 1 pages 8–10"", ""scope"": ""Botanical names and catch-crop mixture use; historical permitted-species list, not current subsidy/legal eligibility or production evidence""}, {""id"": ""v041"", ""organisation"": ""SeedTrade evidence review of official national seed authorities"", ""url"": null, ""retrieved_at"": ""2026-10-03"", ""checkpoint_sha256"": ""2b149594c48a1f0ed1de04f69835baffb4e671a04901a48a37aa88a52a7d4359"", ""scope"": ""Recovered V4.1 canonical IDs, bounded ranks, source taxon mapping and CN evidence; original checkpoint retained""}]"
persian-clover,Persian clover,Trifolium resupinatum,Trifolium resupinatum,forage-legumes,"[""CATCH_CROP"", ""COVER_CROP"", ""SEED_PRODUCTION""]",GROUP_LEVEL,GROUP_LEVEL,"[""1209""]","[""120922""]","[""12092280""]","[""120922""]",SOWING_SPECIFIC,"[""12092280""]",[],"[""12092280""]","[{""canonical_species_id"": ""persian-clover"", ""mapping_status"": ""CN_MAPPING_NOT_SPECIES_SPECIFIC"", ""nomenclature_year"": 2026, ""cn4"": [""1209""], ""cn6"": [""120922""], ""cn8"": [""12092280""], ""hs6"": [""120922""], ""hs6_scope"": ""Hierarchy only; no species/sowing proof"", ""sowing_seed"": {""usage"": ""SOWING_SEED"", ""verified_cn8"": [""12092280""], ""limitation"": ""Product type/use must fit the official description; not an observation-level trade-flow linkage""}, ""non_sowing_commodity"": {""usage"": ""NON_SOWING_COMMODITY"", ""codes"": []}, ""official_descriptions"": [{""cn8"": ""12092280"", ""description"": ""Clover \""Trifolium spp.\"" seed for sowing (excl. red clover [Trifolium pratense L.])"", ""worksheet_row"": 1490}], ""source_url"": ""https://www.ksh.hu/docs/osztalyozasok/kn/kn2026_structure.xlsx"", ""source_organisation"": ""Hungarian Central Statistical Office"", ""retrieval_date"": ""2026-10-02"", ""notes"": [], ""historical_year_eligibility"": ""REVIEW_REQUIRED; no 2021–2025 tariff concordance inferred""}]","[{""year"": 2026, ""cn8"": ""12092280"", ""description"": ""Clover \""Trifolium spp.\"" seed for sowing (excl. red clover [Trifolium pratense L.])"", ""worksheet_row"": 1490, ""source_url"": ""https://www.ksh.hu/docs/osztalyozasok/kn/kn2026_structure.xlsx"", ""source_organisation"": ""Hungarian Central Statistical Office"", ""retrieval_date"": ""2026-10-04"", ""source_sha256"": ""083d065994fd2b41037aae21dc26087300a3a013e948e1884117abdd9d87ac56""}]",false,true,false,true,"{""12092280"": {""confirmed_2025"": true, ""description_unchanged"": true, ""confirmed_2024"": false}}",2025-01,2026-06,false,false,true,"[""12092280""]",true,true,Existing mapping audited against official 2026 denomination; original scope retained.,HIGH_FOR_BOUNDED_CUSTOMS_SCOPE,"[""Customs mapping is not evidence that the species contributed any amount to a group."", ""No interpolation, proportional allocation, species shares or supply signal."", ""Taxonomy and production datasets remain unchanged.""]","[{""id"": ""lfl"", ""organisation"": ""Bavarian State Research Center for Agriculture (LfL)"", ""url"": ""https://www.lfl.bayern.de/mam/cms07/publikationen/daten/informationen/greening-zwischenfruchtanbau-lfl-information-2018.pdf"", ""retrieved_at"": ""2026-10-03"", ""document"": ""Greening und Zwischenfruchtanbau, November 2018, Annex 1 pages 8–10"", ""scope"": ""Botanical names and catch-crop mixture use; historical permitted-species list, not current subsidy/legal eligibility or production evidence""}, {""id"": ""v041"", ""organisation"": ""SeedTrade evidence review of official national seed authorities"", ""url"": null, ""retrieved_at"": ""2026-10-03"", ""checkpoint_sha256"": ""2b149594c48a1f0ed1de04f69835baffb4e671a04901a48a37aa88a52a7d4359"", ""scope"": ""Recovered V4.1 canonical IDs, bounded ranks, source taxon mapping and CN evidence; original checkpoint retained""}]"
trifolium-squarrosum,Clover,Trifolium squarrosum,Trifolium squarrosum,forage-legumes,"[""CATCH_CROP"", ""COVER_CROP"", ""SEED_PRODUCTION""]",GROUP_LEVEL,GROUP_LEVEL,"[""1209""]","[""120922""]","[""12092280""]","[""120922""]",SOWING_SPECIFIC,"[""12092280""]",[],"[""12092280""]","[{""canonical_species_id"": ""trifolium-squarrosum"", ""mapping_status"": ""CN_MAPPING_NOT_SPECIES_SPECIFIC"", ""nomenclature_year"": 2026, ""cn4"": [""1209""], ""cn6"": [""120922""], ""cn8"": [""12092280""], ""hs6"": [""120922""], ""hs6_scope"": ""Hierarchy only; no species/sowing proof"", ""sowing_seed"": {""usage"": ""SOWING_SEED"", ""verified_cn8"": [""12092280""], ""limitation"": ""Product type/use must fit the official description; not an observation-level trade-flow linkage""}, ""non_sowing_commodity"": {""usage"": ""NON_SOWING_COMMODITY"", ""codes"": []}, ""official_descriptions"": [{""cn8"": ""12092280"", ""description"": ""Clover \""Trifolium spp.\"" seed for sowing (excl. red clover [Trifolium pratense L.])"", ""worksheet_row"": 1490}], ""source_url"": ""https://www.ksh.hu/docs/osztalyozasok/kn/kn2026_structure.xlsx"", ""source_organisation"": ""Hungarian Central Statistical Office"", ""retrieval_date"": ""2026-10-02"", ""notes"": [], ""historical_year_eligibility"": ""REVIEW_REQUIRED; no 2021–2025 tariff concordance inferred""}]","[{""year"": 2026, ""cn8"": ""12092280"", ""description"": ""Clover \""Trifolium spp.\"" seed for sowing (excl. red clover [Trifolium pratense L.])"", ""worksheet_row"": 1490, ""source_url"": ""https://www.ksh.hu/docs/osztalyozasok/kn/kn2026_structure.xlsx"", ""source_organisation"": ""Hungarian Central Statistical Office"", ""retrieval_date"": ""2026-10-04"", ""source_sha256"": ""083d065994fd2b41037aae21dc26087300a3a013e948e1884117abdd9d87ac56""}]",false,true,false,true,"{""12092280"": {""confirmed_2025"": true, ""description_unchanged"": true, ""confirmed_2024"": false}}",2025-01,2026-06,false,false,true,"[""12092280""]",true,true,Existing mapping audited against official 2026 denomination; original scope retained.,HIGH_FOR_BOUNDED_CUSTOMS_SCOPE,"[""Customs mapping is not evidence that the species contributed any amount to a group."", ""No interpolation, proportional allocation, species shares or supply signal."", ""Taxonomy and production datasets remain unchanged.""]","[{""id"": ""lfl"", ""organisation"": ""Bavarian State Research Center for Agriculture (LfL)"", ""url"": ""https://www.lfl.bayern.de/mam/cms07/publikationen/daten/informationen/greening-zwischenfruchtanbau-lfl-information-2018.pdf"", ""retrieved_at"": ""2026-10-03"", ""document"": ""Greening und Zwischenfruchtanbau, November 2018, Annex 1 pages 8–10"", ""scope"": ""Botanical names and catch-crop mixture use; historical permitted-species list, not current subsidy/legal eligibility or production evidence""}, {""id"": ""v041"", ""organisation"": ""SeedTrade evidence review of official national seed authorities"", ""url"": null, ""retrieved_at"": ""2026-10-03"", ""checkpoint_sha256"": ""2b149594c48a1f0ed1de04f69835baffb4e671a04901a48a37aa88a52a7d4359"", ""scope"": ""Recovered V4.1 canonical IDs, bounded ranks, source taxon mapping and CN evidence; original checkpoint retained""}]"
subterranean-clover,Subterranean clover,Trifolium subterraneum,Trifolium subterraneum,forage-legumes,"[""CATCH_CROP"", ""COVER_CROP""]",NOT_AVAILABLE,GROUP_LEVEL,"[""1209""]","[""120922""]","[""12092280""]","[""120922""]",SOWING_SPECIFIC,"[""12092280""]",[],[],"[{""canonical_species_id"": ""subterranean-clover"", ""mapping_status"": ""CN_MAPPING_NOT_AVAILABLE"", ""cn4"": [], ""cn6"": [], ""cn8"": [], ""hs6"": [], ""sowing_seed"": {""usage"": ""SOWING_SEED"", ""verified_cn8"": []}, ""non_sowing_commodity"": {""usage"": ""NON_SOWING_COMMODITY"", ""codes"": []}, ""source_url"": null, ""notes"": [""No species-specific CN mapping invented""]}]","[{""year"": 2026, ""cn8"": ""12092280"", ""description"": ""Clover \""Trifolium spp.\"" seed for sowing (excl. red clover [Trifolium pratense L.])"", ""worksheet_row"": 1490, ""source_url"": ""https://www.ksh.hu/docs/osztalyozasok/kn/kn2026_structure.xlsx"", ""source_organisation"": ""Hungarian Central Statistical Office"", ""retrieval_date"": ""2026-10-04"", ""source_sha256"": ""083d065994fd2b41037aae21dc26087300a3a013e948e1884117abdd9d87ac56""}]",false,true,false,true,"{""12092280"": {""confirmed_2025"": true, ""description_unchanged"": true, ""confirmed_2024"": false}}",2025-01,2026-06,false,false,true,"[""12092280""]",false,true,Trifolium spp. sowing seed excluding Trifolium pratense; no allocation to Trifolium subterraneum.,HIGH_FOR_BOUNDED_CUSTOMS_SCOPE,"[""Customs mapping is not evidence that the species contributed any amount to a group."", ""No interpolation, proportional allocation, species shares or supply signal."", ""Taxonomy and production datasets remain unchanged.""]","[{""id"": ""lfl"", ""organisation"": ""Bavarian State Research Center for Agriculture (LfL)"", ""url"": ""https://www.lfl.bayern.de/mam/cms07/publikationen/daten/informationen/greening-zwischenfruchtanbau-lfl-information-2018.pdf"", ""retrieved_at"": ""2026-10-03"", ""document"": ""Greening und Zwischenfruchtanbau, November 2018, Annex 1 pages 8–10"", ""scope"": ""Botanical names and catch-crop mixture use; historical permitted-species list, not current subsidy/legal eligibility or production evidence""}]"
arrowleaf-clover,Arrowleaf clover,Trifolium vesiculosum,Trifolium vesiculosum,forage-legumes,"[""CATCH_CROP"", ""COVER_CROP"", ""SEED_PRODUCTION""]",GROUP_LEVEL,GROUP_LEVEL,"[""1209""]","[""120922""]","[""12092280""]","[""120922""]",SOWING_SPECIFIC,"[""12092280""]",[],"[""12092280""]","[{""canonical_species_id"": ""arrowleaf-clover"", ""mapping_status"": ""CN_MAPPING_NOT_SPECIES_SPECIFIC"", ""nomenclature_year"": 2026, ""cn4"": [""1209""], ""cn6"": [""120922""], ""cn8"": [""12092280""], ""hs6"": [""120922""], ""hs6_scope"": ""Hierarchy only; no species/sowing proof"", ""sowing_seed"": {""usage"": ""SOWING_SEED"", ""verified_cn8"": [""12092280""], ""limitation"": ""Product type/use must fit the official description; not an observation-level trade-flow linkage""}, ""non_sowing_commodity"": {""usage"": ""NON_SOWING_COMMODITY"", ""codes"": []}, ""official_descriptions"": [{""cn8"": ""12092280"", ""description"": ""Clover \""Trifolium spp.\"" seed for sowing (excl. red clover [Trifolium pratense L.])"", ""worksheet_row"": 1490}], ""source_url"": ""https://www.ksh.hu/docs/osztalyozasok/kn/kn2026_structure.xlsx"", ""source_organisation"": ""Hungarian Central Statistical Office"", ""retrieval_date"": ""2026-10-02"", ""notes"": [], ""historical_year_eligibility"": ""REVIEW_REQUIRED; no 2021–2025 tariff concordance inferred""}]","[{""year"": 2026, ""cn8"": ""12092280"", ""description"": ""Clover \""Trifolium spp.\"" seed for sowing (excl. red clover [Trifolium pratense L.])"", ""worksheet_row"": 1490, ""source_url"": ""https://www.ksh.hu/docs/osztalyozasok/kn/kn2026_structure.xlsx"", ""source_organisation"": ""Hungarian Central Statistical Office"", ""retrieval_date"": ""2026-10-04"", ""source_sha256"": ""083d065994fd2b41037aae21dc26087300a3a013e948e1884117abdd9d87ac56""}]",false,true,false,true,"{""12092280"": {""confirmed_2025"": true, ""description_unchanged"": true, ""confirmed_2024"": false}}",2025-01,2026-06,false,false,true,"[""12092280""]",true,true,Existing mapping audited against official 2026 denomination; original scope retained.,HIGH_FOR_BOUNDED_CUSTOMS_SCOPE,"[""Customs mapping is not evidence that the species contributed any amount to a group."", ""No interpolation, proportional allocation, species shares or supply signal."", ""Taxonomy and production datasets remain unchanged.""]","[{""id"": ""lfl"", ""organisation"": ""Bavarian State Research Center for Agriculture (LfL)"", ""url"": ""https://www.lfl.bayern.de/mam/cms07/publikationen/daten/informationen/greening-zwischenfruchtanbau-lfl-information-2018.pdf"", ""retrieved_at"": ""2026-10-03"", ""document"": ""Greening und Zwischenfruchtanbau, November 2018, Annex 1 pages 8–10"", ""scope"": ""Botanical names and catch-crop mixture use; historical permitted-species list, not current subsidy/legal eligibility or production evidence""}, {""id"": ""v041"", ""organisation"": ""SeedTrade evidence review of official national seed authorities"", ""url"": null, ""retrieved_at"": ""2026-10-03"", ""checkpoint_sha256"": ""2b149594c48a1f0ed1de04f69835baffb4e671a04901a48a37aa88a52a7d4359"", ""scope"": ""Recovered V4.1 canonical IDs, bounded ranks, source taxon mapping and CN evidence; original checkpoint retained""}]"
fenugreek,Fenugreek,Trigonella foenum-graecum,Trigonella foenum-graecum,herbs-specialty,"[""CATCH_CROP"", ""COVER_CROP""]",NOT_AVAILABLE,NOT_AVAILABLE,[],[],[],[],NOT_SOWING_SPECIFIC,[],"[""09109910""]",[],"[{""canonical_species_id"": ""fenugreek"", ""mapping_status"": ""CN_MAPPING_NOT_AVAILABLE"", ""cn4"": [], ""cn6"": [], ""cn8"": [], ""hs6"": [], ""sowing_seed"": {""usage"": ""SOWING_SEED"", ""verified_cn8"": []}, ""non_sowing_commodity"": {""usage"": ""NON_SOWING_COMMODITY"", ""codes"": []}, ""source_url"": null, ""notes"": [""No species-specific CN mapping invented""]}]",[],false,false,null,false,{},null,null,false,false,false,[],false,true,Official denomination does not isolate sowing use. Commodity codes retained in audit only; never activated.,LIMITED_OR_REVIEW,"[""Customs mapping is not evidence that the species contributed any amount to a group."", ""No interpolation, proportional allocation, species shares or supply signal."", ""Taxonomy and production datasets remain unchanged.""]","[{""id"": ""lfl"", ""organisation"": ""Bavarian State Research Center for Agriculture (LfL)"", ""url"": ""https://www.lfl.bayern.de/mam/cms07/publikationen/daten/informationen/greening-zwischenfruchtanbau-lfl-information-2018.pdf"", ""retrieved_at"": ""2026-10-03"", ""document"": ""Greening und Zwischenfruchtanbau, November 2018, Annex 1 pages 8–10"", ""scope"": ""Botanical names and catch-crop mixture use; historical permitted-species list, not current subsidy/legal eligibility or production evidence""}]"
golden-oatgrass,Golden oatgrass,Trisetum flavescens,Trisetum flavescens,grass-seeds,"[""SEED_PRODUCTION""]",GROUP_LEVEL,GROUP_LEVEL,"[""1209""]","[""120929""]","[""12092980""]","[""120929""]",SOWING_SPECIFIC,"[""12092980""]",[],"[""12092980""]","[{""canonical_species_id"": ""golden-oatgrass"", ""mapping_status"": ""CN_MAPPING_NOT_SPECIES_SPECIFIC"", ""nomenclature_year"": 2026, ""cn4"": [""1209""], ""cn6"": [""120929""], ""cn8"": [""12092980""], ""hs6"": [""120929""], ""hs6_scope"": ""Hierarchy only; no species/sowing proof"", ""sowing_seed"": {""usage"": ""SOWING_SEED"", ""verified_cn8"": [""12092980""], ""limitation"": ""Product type/use must fit the official description; not an observation-level trade-flow linkage""}, ""non_sowing_commodity"": {""usage"": ""NON_SOWING_COMMODITY"", ""codes"": []}, ""official_descriptions"": [{""cn8"": ""12092980"", ""description"": ""Seeds of forage plants, for sowing (excl. cereals and fodder beet seed \""Beta vulgaris var. alba\"", sugar beet seed, lucerne seed, clover \""Trifolium spp.\"" seed, fesque seed, Kentucky blue grass \""Poa pratensis L.\"" seed, ryegrass \""Lolium multiflorum lam., Lolium perenne L.\"" seed, Timothy grass seed, vetch seed, seeds of the genus Poa palustris L and Poa trivialis L., cocksfoot grass \""Dactylis glomerata L.\"" seed, bent grass \""Agrostis\"" seed and lupine seed)"", ""worksheet_row"": 1500}], ""source_url"": ""https://www.ksh.hu/docs/osztalyozasok/kn/kn2026_structure.xlsx"", ""source_organisation"": ""Hungarian Central Statistical Office"", ""retrieval_date"": ""2026-10-02"", ""notes"": [""Residual forage-plant heading supported by original official forage seed classification; product use must be confirmed. Not a species-specific tariff classification ruling.""], ""historical_year_eligibility"": ""REVIEW_REQUIRED; no 2021–2025 tariff concordance inferred""}]","[{""year"": 2026, ""cn8"": ""12092980"", ""description"": ""Seeds of forage plants, for sowing (excl. cereals and fodder beet seed \""Beta vulgaris var. alba\"", sugar beet seed, lucerne seed, clover \""Trifolium spp.\"" seed, fesque seed, Kentucky blue grass \""Poa pratensis L.\"" seed, ryegrass \""Lolium multiflorum lam., Lolium perenne L.\"" seed, Timothy grass seed, vetch seed, seeds of the genus Poa palustris L and Poa trivialis L., cocksfoot grass \""Dactylis glomerata L.\"" seed, bent grass \""Agrostis\"" seed and lupine seed)"", ""worksheet_row"": 1500, ""source_url"": ""https://www.ksh.hu/docs/osztalyozasok/kn/kn2026_structure.xlsx"", ""source_organisation"": ""Hungarian Central Statistical Office"", ""retrieval_date"": ""2026-10-04"", ""source_sha256"": ""083d065994fd2b41037aae21dc26087300a3a013e948e1884117abdd9d87ac56""}]",false,true,false,true,"{""12092980"": {""confirmed_2025"": true, ""description_unchanged"": true, ""confirmed_2024"": false}}",2025-01,2026-06,false,false,true,"[""12092980""]",true,true,Existing mapping audited against official 2026 denomination; original scope retained.,HIGH_FOR_BOUNDED_CUSTOMS_SCOPE,"[""Customs mapping is not evidence that the species contributed any amount to a group."", ""No interpolation, proportional allocation, species shares or supply signal."", ""Taxonomy and production datasets remain unchanged.""]","[{""id"": ""v041"", ""organisation"": ""SeedTrade evidence review of official national seed authorities"", ""url"": null, ""retrieved_at"": ""2026-10-03"", ""checkpoint_sha256"": ""2b149594c48a1f0ed1de04f69835baffb4e671a04901a48a37aa88a52a7d4359"", ""scope"": ""Recovered V4.1 canonical IDs, bounded ranks, source taxon mapping and CN evidence; original checkpoint retained""}]"
common-wheat,Common wheat; seasons retained,Triticum aestivum,Triticum aestivum,cereals-pseudocereals,"[""SEED_PRODUCTION""]",PARTIAL,PARTIAL,"[""1001""]","[""100191""]","[""10019110"", ""10019120""]","[""100191""]",SOWING_SPECIFIC,"[""10019110"", ""10019120""]",[],"[""10019110"", ""10019120""]","[{""canonical_species_id"": ""common-wheat"", ""mapping_status"": ""CN_MAPPING_NOT_SPECIES_SPECIFIC"", ""nomenclature_year"": 2026, ""cn4"": [""1001""], ""cn6"": [""100191""], ""cn8"": [""10019120""], ""hs6"": [""100191""], ""hs6_scope"": ""Hierarchy only; no species/sowing proof"", ""sowing_seed"": {""usage"": ""SOWING_SEED"", ""verified_cn8"": [""10019120""], ""limitation"": ""Product type/use must fit the official description; not an observation-level trade-flow linkage""}, ""non_sowing_commodity"": {""usage"": ""NON_SOWING_COMMODITY"", ""codes"": []}, ""official_descriptions"": [{""cn8"": ""10019120"", ""description"": ""Seed of common wheat or meslin, for sowing"", ""worksheet_row"": 1323}], ""source_url"": ""https://www.ksh.hu/docs/osztalyozasok/kn/kn2026_structure.xlsx"", ""source_organisation"": ""Hungarian Central Statistical Office"", ""retrieval_date"": ""2026-10-02"", ""notes"": [], ""historical_year_eligibility"": ""REVIEW_REQUIRED; no 2021–2025 tariff concordance inferred""}, {""canonical_species_id"": ""spelt"", ""mapping_status"": ""CN_MAPPING_CONFIRMED"", ""nomenclature_year"": 2026, ""cn4"": [""1001""], ""cn6"": [""100191""], ""cn8"": [""10019110""], ""hs6"": [""100191""], ""hs6_scope"": ""Hierarchy only; no species/sowing proof"", ""sowing_seed"": {""usage"": ""SOWING_SEED"", ""verified_cn8"": [""10019110""], ""limitation"": ""Product type/use must fit the official description; not an observation-level trade-flow linkage""}, ""non_sowing_commodity"": {""usage"": ""NON_SOWING_COMMODITY"", ""codes"": []}, ""official_descriptions"": [{""cn8"": ""10019110"", ""description"": ""Spelt seed for sowing"", ""worksheet_row"": 1322}], ""source_url"": ""https://www.ksh.hu/docs/osztalyozasok/kn/kn2026_structure.xlsx"", ""source_organisation"": ""Hungarian Central Statistical Office"", ""retrieval_date"": ""2026-10-02"", ""notes"": [], ""historical_year_eligibility"": ""REVIEW_REQUIRED; no 2021–2025 tariff concordance inferred""}]","[{""year"": 2026, ""cn8"": ""10019110"", ""description"": ""Spelt seed for sowing"", ""worksheet_row"": 1322, ""source_url"": ""https://www.ksh.hu/docs/osztalyozasok/kn/kn2026_structure.xlsx"", ""source_organisation"": ""Hungarian Central Statistical Office"", ""retrieval_date"": ""2026-10-04"", ""source_sha256"": ""083d065994fd2b41037aae21dc26087300a3a013e948e1884117abdd9d87ac56""}, {""year"": 2026, ""cn8"": ""10019120"", ""description"": ""Seed of common wheat or meslin, for sowing"", ""worksheet_row"": 1323, ""source_url"": ""https://www.ksh.hu/docs/osztalyozasok/kn/kn2026_structure.xlsx"", ""source_organisation"": ""Hungarian Central Statistical Office"", ""retrieval_date"": ""2026-10-04"", ""source_sha256"": ""083d065994fd2b41037aae21dc26087300a3a013e948e1884117abdd9d87ac56""}]",false,false,false,true,"{""10019110"": {""confirmed_2025"": true, ""description_unchanged"": true, ""confirmed_2024"": false}, ""10019120"": {""confirmed_2025"": true, ""description_unchanged"": true, ""confirmed_2024"": false}}",null,null,false,false,false,[],true,true,Existing mapping audited against official 2026 denomination; original scope retained.,HIGH_FOR_BOUNDED_CUSTOMS_SCOPE,"[""Customs mapping is not evidence that the species contributed any amount to a group."", ""No interpolation, proportional allocation, species shares or supply signal."", ""Taxonomy and production datasets remain unchanged.""]","[{""id"": ""v041"", ""organisation"": ""SeedTrade evidence review of official national seed authorities"", ""url"": null, ""retrieved_at"": ""2026-10-03"", ""checkpoint_sha256"": ""2b149594c48a1f0ed1de04f69835baffb4e671a04901a48a37aa88a52a7d4359"", ""scope"": ""Recovered V4.1 canonical IDs, bounded ranks, source taxon mapping and CN evidence; original checkpoint retained""}, {""id"": ""v041"", ""organisation"": ""SeedTrade evidence review of official national seed authorities"", ""url"": null, ""retrieved_at"": ""2026-10-03"", ""checkpoint_sha256"": ""2b149594c48a1f0ed1de04f69835baffb4e671a04901a48a37aa88a52a7d4359"", ""scope"": ""Recovered V4.1 canonical IDs, bounded ranks, source taxon mapping and CN evidence; original checkpoint retained""}]"
durum-wheat,Durum wheat,Triticum turgidum subsp. durum,Triticum turgidum,cereals-pseudocereals,"[""SEED_PRODUCTION""]",CONFIRMED,CONFIRMED,"[""1001""]","[""100111""]","[""10011100""]","[""100111""]",SOWING_SPECIFIC,"[""10011100""]",[],"[""10011100""]","[{""canonical_species_id"": ""durum-wheat"", ""mapping_status"": ""CN_MAPPING_CONFIRMED"", ""nomenclature_year"": 2026, ""cn4"": [""1001""], ""cn6"": [""100111""], ""cn8"": [""10011100""], ""hs6"": [""100111""], ""hs6_scope"": ""Hierarchy only; no species/sowing proof"", ""sowing_seed"": {""usage"": ""SOWING_SEED"", ""verified_cn8"": [""10011100""], ""limitation"": ""Product type/use must fit the official description; not an observation-level trade-flow linkage""}, ""non_sowing_commodity"": {""usage"": ""NON_SOWING_COMMODITY"", ""codes"": [""10011900""]}, ""official_descriptions"": [{""cn8"": ""10011100"", ""description"": ""Durum wheat seed for sowing"", ""worksheet_row"": 1320}, {""cn8"": ""10011900"", ""description"": ""Durum wheat (excl. seed for sowing)"", ""worksheet_row"": 1321}], ""source_url"": ""https://www.ksh.hu/docs/osztalyozasok/kn/kn2026_structure.xlsx"", ""source_organisation"": ""Hungarian Central Statistical Office"", ""retrieval_date"": ""2026-10-02"", ""notes"": [], ""historical_year_eligibility"": ""REVIEW_REQUIRED; no 2021–2025 tariff concordance inferred""}]","[{""year"": 2026, ""cn8"": ""10011100"", ""description"": ""Durum wheat seed for sowing"", ""worksheet_row"": 1320, ""source_url"": ""https://www.ksh.hu/docs/osztalyozasok/kn/kn2026_structure.xlsx"", ""source_organisation"": ""Hungarian Central Statistical Office"", ""retrieval_date"": ""2026-10-04"", ""source_sha256"": ""083d065994fd2b41037aae21dc26087300a3a013e948e1884117abdd9d87ac56""}]",true,false,false,true,"{""10011100"": {""confirmed_2025"": true, ""description_unchanged"": true, ""confirmed_2024"": false}}",null,null,false,false,false,[],true,true,Existing mapping audited against official 2026 denomination; original scope retained.,HIGH_FOR_BOUNDED_CUSTOMS_SCOPE,"[""Customs mapping is not evidence that the species contributed any amount to a group."", ""No interpolation, proportional allocation, species shares or supply signal."", ""Taxonomy and production datasets remain unchanged.""]","[{""id"": ""v041"", ""organisation"": ""SeedTrade evidence review of official national seed authorities"", ""url"": null, ""retrieved_at"": ""2026-10-03"", ""checkpoint_sha256"": ""2b149594c48a1f0ed1de04f69835baffb4e671a04901a48a37aa88a52a7d4359"", ""scope"": ""Recovered V4.1 canonical IDs, bounded ranks, source taxon mapping and CN evidence; original checkpoint retained""}]"
lambs-lettuce,Lamb's lettuce,Valerianella locusta,Valerianella locusta,vegetable-seeds,"[""VEGETABLE""]",NOT_AVAILABLE,GROUP_LEVEL,"[""1209""]","[""120991""]","[""12099180""]","[""120991""]",SOWING_SPECIFIC,"[""12099180""]",[],[],"[{""canonical_species_id"": ""lambs-lettuce"", ""mapping_status"": ""CN_MAPPING_NOT_AVAILABLE"", ""cn4"": [], ""cn6"": [], ""cn8"": [], ""hs6"": [], ""sowing_seed"": {""usage"": ""SOWING_SEED"", ""verified_cn8"": []}, ""non_sowing_commodity"": {""usage"": ""NON_SOWING_COMMODITY"", ""codes"": []}, ""source_url"": null, ""notes"": [""No species-specific CN mapping invented""]}]","[{""year"": 2026, ""cn8"": ""12099180"", ""description"": ""Vegetable seeds for sowing (excl. salad beet or beetroot \""Beta vulgaris var. conditiva\"")"", ""worksheet_row"": 1503, ""source_url"": ""https://www.ksh.hu/docs/osztalyozasok/kn/kn2026_structure.xlsx"", ""source_organisation"": ""Hungarian Central Statistical Office"", ""retrieval_date"": ""2026-10-04"", ""source_sha256"": ""083d065994fd2b41037aae21dc26087300a3a013e948e1884117abdd9d87ac56""}]",false,true,false,true,"{""12099180"": {""confirmed_2025"": true, ""description_unchanged"": true, ""confirmed_2024"": false}}",2025-01,2026-06,false,false,true,"[""12099180""]",false,true,"Vegetable sowing seed under 12099180, excluding beet and separately classified legumes, cereals, spices and oilseeds. This is a customs group, never species-specific trade. Original botanical identity and vegetable seed use are retained.",HIGH_FOR_BOUNDED_CUSTOMS_SCOPE,"[""Customs mapping is not evidence that the species contributed any amount to a group."", ""No interpolation, proportional allocation, species shares or supply signal."", ""Taxonomy and production datasets remain unchanged.""]","[{""id"": ""vegetables"", ""organisation"": ""European Union / EUR-Lex"", ""url"": ""https://eur-lex.europa.eu/legal-content/EN/TXT/?uri=CELEX:02002L0055-20220901"", ""retrieved_at"": ""2026-10-03"", ""document"": ""2002/55/EC Article 2(1)(b), consolidation 2022-09-01"", ""scope"": ""Seed-market identities; cultivar groups not separate species. Current 2024-12-24 consolidation identified but anti-bot blocked; no claim of current legal eligibility""}]"
purple-vetch,Purple / Bengal vetch,Vicia benghalensis,Vicia benghalensis,forage-legumes,"[""SEED_PRODUCTION""]",GROUP_LEVEL,GROUP_LEVEL,"[""1209""]","[""120929""]","[""12092945""]","[""120929""]",SOWING_SPECIFIC,"[""12092945""]",[],"[""12092945""]","[{""canonical_species_id"": ""purple-vetch"", ""mapping_status"": ""CN_MAPPING_NOT_SPECIES_SPECIFIC"", ""nomenclature_year"": 2026, ""cn4"": [""1209""], ""cn6"": [""120929""], ""cn8"": [""12092945""], ""hs6"": [""120929""], ""hs6_scope"": ""Hierarchy only; no species/sowing proof"", ""sowing_seed"": {""usage"": ""SOWING_SEED"", ""verified_cn8"": [""12092945""], ""limitation"": ""Product type/use must fit the official description; not an observation-level trade-flow linkage""}, ""non_sowing_commodity"": {""usage"": ""NON_SOWING_COMMODITY"", ""codes"": []}, ""official_descriptions"": [{""cn8"": ""12092945"", ""description"": ""Timothy grass seed, vetch seed, seeds of the genus Poa palustris L. and Poa trivialis L., seeds of cocksfoot grass \""Dactylis glomerata L.\"", and seeds of bent grass \""Agrostis\"", for sowing"", ""worksheet_row"": 1497}], ""source_url"": ""https://www.ksh.hu/docs/osztalyozasok/kn/kn2026_structure.xlsx"", ""source_organisation"": ""Hungarian Central Statistical Office"", ""retrieval_date"": ""2026-10-02"", ""notes"": [], ""historical_year_eligibility"": ""REVIEW_REQUIRED; no 2021–2025 tariff concordance inferred""}]","[{""year"": 2026, ""cn8"": ""12092945"", ""description"": ""Timothy grass seed, vetch seed, seeds of the genus Poa palustris L. and Poa trivialis L., seeds of cocksfoot grass \""Dactylis glomerata L.\"", and seeds of bent grass \""Agrostis\"", for sowing"", ""worksheet_row"": 1497, ""source_url"": ""https://www.ksh.hu/docs/osztalyozasok/kn/kn2026_structure.xlsx"", ""source_organisation"": ""Hungarian Central Statistical Office"", ""retrieval_date"": ""2026-10-04"", ""source_sha256"": ""083d065994fd2b41037aae21dc26087300a3a013e948e1884117abdd9d87ac56""}]",false,true,false,true,"{""12092945"": {""confirmed_2025"": true, ""description_unchanged"": true, ""confirmed_2024"": false}}",2025-01,2026-06,false,false,true,"[""12092945""]",true,true,Existing mapping audited against official 2026 denomination; original scope retained.,HIGH_FOR_BOUNDED_CUSTOMS_SCOPE,"[""Customs mapping is not evidence that the species contributed any amount to a group."", ""No interpolation, proportional allocation, species shares or supply signal."", ""Taxonomy and production datasets remain unchanged.""]","[{""id"": ""v041"", ""organisation"": ""SeedTrade evidence review of official national seed authorities"", ""url"": null, ""retrieved_at"": ""2026-10-03"", ""checkpoint_sha256"": ""2b149594c48a1f0ed1de04f69835baffb4e671a04901a48a37aa88a52a7d4359"", ""scope"": ""Recovered V4.1 canonical IDs, bounded ranks, source taxon mapping and CN evidence; original checkpoint retained""}]"
bitter-vetch,Bitter vetch,Vicia ervilia,Vicia ervilia,grain-legumes,"[""SEED_PRODUCTION""]",GROUP_LEVEL,GROUP_LEVEL,"[""1209""]","[""120929""]","[""12092945""]","[""120929""]",SOWING_SPECIFIC,"[""12092945""]",[],"[""12092945""]","[{""canonical_species_id"": ""bitter-vetch"", ""mapping_status"": ""CN_MAPPING_NOT_SPECIES_SPECIFIC"", ""nomenclature_year"": 2026, ""cn4"": [""1209""], ""cn6"": [""120929""], ""cn8"": [""12092945""], ""hs6"": [""120929""], ""hs6_scope"": ""Hierarchy only; no species/sowing proof"", ""sowing_seed"": {""usage"": ""SOWING_SEED"", ""verified_cn8"": [""12092945""], ""limitation"": ""Product type/use must fit the official description; not an observation-level trade-flow linkage""}, ""non_sowing_commodity"": {""usage"": ""NON_SOWING_COMMODITY"", ""codes"": []}, ""official_descriptions"": [{""cn8"": ""12092945"", ""description"": ""Timothy grass seed, vetch seed, seeds of the genus Poa palustris L. and Poa trivialis L., seeds of cocksfoot grass \""Dactylis glomerata L.\"", and seeds of bent grass \""Agrostis\"", for sowing"", ""worksheet_row"": 1497}], ""source_url"": ""https://www.ksh.hu/docs/osztalyozasok/kn/kn2026_structure.xlsx"", ""source_organisation"": ""Hungarian Central Statistical Office"", ""retrieval_date"": ""2026-10-02"", ""notes"": [], ""historical_year_eligibility"": ""REVIEW_REQUIRED; no 2021–2025 tariff concordance inferred""}]","[{""year"": 2026, ""cn8"": ""12092945"", ""description"": ""Timothy grass seed, vetch seed, seeds of the genus Poa palustris L. and Poa trivialis L., seeds of cocksfoot grass \""Dactylis glomerata L.\"", and seeds of bent grass \""Agrostis\"", for sowing"", ""worksheet_row"": 1497, ""source_url"": ""https://www.ksh.hu/docs/osztalyozasok/kn/kn2026_structure.xlsx"", ""source_organisation"": ""Hungarian Central Statistical Office"", ""retrieval_date"": ""2026-10-04"", ""source_sha256"": ""083d065994fd2b41037aae21dc26087300a3a013e948e1884117abdd9d87ac56""}]",false,true,false,true,"{""12092945"": {""confirmed_2025"": true, ""description_unchanged"": true, ""confirmed_2024"": false}}",2025-01,2026-06,false,false,true,"[""12092945""]",true,true,Existing mapping audited against official 2026 denomination; original scope retained.,HIGH_FOR_BOUNDED_CUSTOMS_SCOPE,"[""Customs mapping is not evidence that the species contributed any amount to a group."", ""No interpolation, proportional allocation, species shares or supply signal."", ""Taxonomy and production datasets remain unchanged.""]","[{""id"": ""v041"", ""organisation"": ""SeedTrade evidence review of official national seed authorities"", ""url"": null, ""retrieved_at"": ""2026-10-03"", ""checkpoint_sha256"": ""2b149594c48a1f0ed1de04f69835baffb4e671a04901a48a37aa88a52a7d4359"", ""scope"": ""Recovered V4.1 canonical IDs, bounded ranks, source taxon mapping and CN evidence; original checkpoint retained""}]"
faba-bean,Faba beans,Vicia faba,Vicia faba,grain-legumes,"[""CATCH_CROP"", ""COVER_CROP"", ""SEED_PRODUCTION""]",PARTIAL,NOT_AVAILABLE,[],[],[],[],NOT_SOWING_SPECIFIC,[],"[""07135000""]",[],"[{""canonical_species_id"": ""faba-bean"", ""mapping_status"": ""CN_MAPPING_PARTIAL"", ""nomenclature_year"": 2026, ""cn4"": [""0713""], ""cn6"": [""071350""], ""cn8"": [], ""hs6"": [""071350""], ""hs6_scope"": ""Six-digit hierarchy only; not proof of species-specific or sowing-specific classification"", ""sowing_seed"": {""usage"": ""SOWING_SEED"", ""verified_cn8"": [], ""limitation"": ""No confirmed sowing-specific CN8""}, ""non_sowing_commodity"": {""usage"": ""NON_SOWING_COMMODITY"", ""codes"": [], ""recovered_note"": ""Dry broad beans may share heading"", ""note_semantics"": ""Historical non_sowing field often describes grouped classification, not an actual commodity code""}, ""official_descriptions"": [], ""source_url"": ""https://www.ksh.hu/docs/osztalyozasok/kn/kn2026_structure.xlsx"", ""source_organisation"": ""Hungarian Central Statistical Office"", ""retrieval_date"": ""2026-10-02"", ""notes"": [""Current CN heading does not separate sowing and non-sowing use; product evidence required.""], ""historical_year_eligibility"": ""REVIEW_REQUIRED; no 2021–2025 concordance inferred""}]",[],false,false,null,false,{},null,null,false,false,false,[],true,true,Official denomination does not isolate sowing use. Commodity codes retained in audit only; never activated.,LIMITED_OR_REVIEW,"[""Customs mapping is not evidence that the species contributed any amount to a group."", ""No interpolation, proportional allocation, species shares or supply signal."", ""Taxonomy and production datasets remain unchanged.""]","[{""id"": ""lfl"", ""organisation"": ""Bavarian State Research Center for Agriculture (LfL)"", ""url"": ""https://www.lfl.bayern.de/mam/cms07/publikationen/daten/informationen/greening-zwischenfruchtanbau-lfl-information-2018.pdf"", ""retrieved_at"": ""2026-10-03"", ""document"": ""Greening und Zwischenfruchtanbau, November 2018, Annex 1 pages 8–10"", ""scope"": ""Botanical names and catch-crop mixture use; historical permitted-species list, not current subsidy/legal eligibility or production evidence""}, {""id"": ""v041"", ""organisation"": ""SeedTrade evidence review of official national seed authorities"", ""url"": null, ""retrieved_at"": ""2026-10-03"", ""checkpoint_sha256"": ""2b149594c48a1f0ed1de04f69835baffb4e671a04901a48a37aa88a52a7d4359"", ""scope"": ""Recovered V4.1 canonical IDs, bounded ranks, source taxon mapping and CN evidence; original checkpoint retained""}]"
hungarian-vetch,Hungarian vetch,Vicia pannonica,Vicia pannonica,forage-legumes,"[""CATCH_CROP"", ""COVER_CROP"", ""SEED_PRODUCTION""]",GROUP_LEVEL,GROUP_LEVEL,"[""1209""]","[""120929""]","[""12092945""]","[""120929""]",SOWING_SPECIFIC,"[""12092945""]",[],"[""12092945""]","[{""canonical_species_id"": ""hungarian-vetch"", ""mapping_status"": ""CN_MAPPING_NOT_SPECIES_SPECIFIC"", ""nomenclature_year"": 2026, ""cn4"": [""1209""], ""cn6"": [""120929""], ""cn8"": [""12092945""], ""hs6"": [""120929""], ""hs6_scope"": ""Hierarchy only; no species/sowing proof"", ""sowing_seed"": {""usage"": ""SOWING_SEED"", ""verified_cn8"": [""12092945""], ""limitation"": ""Product type/use must fit the official description; not an observation-level trade-flow linkage""}, ""non_sowing_commodity"": {""usage"": ""NON_SOWING_COMMODITY"", ""codes"": []}, ""official_descriptions"": [{""cn8"": ""12092945"", ""description"": ""Timothy grass seed, vetch seed, seeds of the genus Poa palustris L. and Poa trivialis L., seeds of cocksfoot grass \""Dactylis glomerata L.\"", and seeds of bent grass \""Agrostis\"", for sowing"", ""worksheet_row"": 1497}], ""source_url"": ""https://www.ksh.hu/docs/osztalyozasok/kn/kn2026_structure.xlsx"", ""source_organisation"": ""Hungarian Central Statistical Office"", ""retrieval_date"": ""2026-10-02"", ""notes"": [], ""historical_year_eligibility"": ""REVIEW_REQUIRED; no 2021–2025 tariff concordance inferred""}]","[{""year"": 2026, ""cn8"": ""12092945"", ""description"": ""Timothy grass seed, vetch seed, seeds of the genus Poa palustris L. and Poa trivialis L., seeds of cocksfoot grass \""Dactylis glomerata L.\"", and seeds of bent grass \""Agrostis\"", for sowing"", ""worksheet_row"": 1497, ""source_url"": ""https://www.ksh.hu/docs/osztalyozasok/kn/kn2026_structure.xlsx"", ""source_organisation"": ""Hungarian Central Statistical Office"", ""retrieval_date"": ""2026-10-04"", ""source_sha256"": ""083d065994fd2b41037aae21dc26087300a3a013e948e1884117abdd9d87ac56""}]",false,true,false,true,"{""12092945"": {""confirmed_2025"": true, ""description_unchanged"": true, ""confirmed_2024"": false}}",2025-01,2026-06,false,false,true,"[""12092945""]",true,true,Existing mapping audited against official 2026 denomination; original scope retained.,HIGH_FOR_BOUNDED_CUSTOMS_SCOPE,"[""Customs mapping is not evidence that the species contributed any amount to a group."", ""No interpolation, proportional allocation, species shares or supply signal."", ""Taxonomy and production datasets remain unchanged.""]","[{""id"": ""lfl"", ""organisation"": ""Bavarian State Research Center for Agriculture (LfL)"", ""url"": ""https://www.lfl.bayern.de/mam/cms07/publikationen/daten/informationen/greening-zwischenfruchtanbau-lfl-information-2018.pdf"", ""retrieved_at"": ""2026-10-03"", ""document"": ""Greening und Zwischenfruchtanbau, November 2018, Annex 1 pages 8–10"", ""scope"": ""Botanical names and catch-crop mixture use; historical permitted-species list, not current subsidy/legal eligibility or production evidence""}, {""id"": ""v041"", ""organisation"": ""SeedTrade evidence review of official national seed authorities"", ""url"": null, ""retrieved_at"": ""2026-10-03"", ""checkpoint_sha256"": ""2b149594c48a1f0ed1de04f69835baffb4e671a04901a48a37aa88a52a7d4359"", ""scope"": ""Recovered V4.1 canonical IDs, bounded ranks, source taxon mapping and CN evidence; original checkpoint retained""}]"
common-vetch,Common vetch,Vicia sativa,Vicia sativa,forage-legumes,"[""CATCH_CROP"", ""COVER_CROP"", ""FORAGE"", ""SEED_PRODUCTION""]",GROUP_LEVEL,GROUP_LEVEL,"[""1209""]","[""120929""]","[""12092945""]","[""120929""]",SOWING_SPECIFIC,"[""12092945""]",[],"[""12092945""]","[{""canonical_species_id"": ""common-vetch"", ""mapping_status"": ""CN_MAPPING_NOT_SPECIES_SPECIFIC"", ""nomenclature_year"": 2026, ""cn4"": [""1209""], ""cn6"": [""120929""], ""cn8"": [""12092945""], ""hs6"": [""120929""], ""hs6_scope"": ""Six-digit hierarchy only; not proof of species-specific or sowing-specific classification"", ""sowing_seed"": {""usage"": ""SOWING_SEED"", ""verified_cn8"": [""12092945""], ""limitation"": null}, ""non_sowing_commodity"": {""usage"": ""NON_SOWING_COMMODITY"", ""codes"": [], ""recovered_note"": ""Parent includes other forage seed"", ""note_semantics"": ""Historical non_sowing field often describes grouped classification, not an actual commodity code""}, ""official_descriptions"": [{""cn8"": ""12092945"", ""description"": ""Timothy grass seed, vetch seed, seeds of the genus Poa palustris L. and Poa trivialis L., seeds of cocksfoot grass \""Dactylis glomerata L.\"", and seeds of bent grass \""Agrostis\"", for sowing"", ""worksheet_row"": 1497}], ""source_url"": ""https://www.ksh.hu/docs/osztalyozasok/kn/kn2026_structure.xlsx"", ""source_organisation"": ""Hungarian Central Statistical Office"", ""retrieval_date"": ""2026-10-02"", ""notes"": [], ""historical_year_eligibility"": ""REVIEW_REQUIRED; no 2021–2025 concordance inferred""}]","[{""year"": 2026, ""cn8"": ""12092945"", ""description"": ""Timothy grass seed, vetch seed, seeds of the genus Poa palustris L. and Poa trivialis L., seeds of cocksfoot grass \""Dactylis glomerata L.\"", and seeds of bent grass \""Agrostis\"", for sowing"", ""worksheet_row"": 1497, ""source_url"": ""https://www.ksh.hu/docs/osztalyozasok/kn/kn2026_structure.xlsx"", ""source_organisation"": ""Hungarian Central Statistical Office"", ""retrieval_date"": ""2026-10-04"", ""source_sha256"": ""083d065994fd2b41037aae21dc26087300a3a013e948e1884117abdd9d87ac56""}]",false,true,false,true,"{""12092945"": {""confirmed_2025"": true, ""description_unchanged"": true, ""confirmed_2024"": false}}",2025-01,2026-06,false,false,true,"[""12092945""]",true,true,Existing mapping audited against official 2026 denomination; original scope retained.,HIGH_FOR_BOUNDED_CUSTOMS_SCOPE,"[""Customs mapping is not evidence that the species contributed any amount to a group."", ""No interpolation, proportional allocation, species shares or supply signal."", ""Taxonomy and production datasets remain unchanged.""]","[{""id"": ""defra"", ""organisation"": ""Defra"", ""url"": ""https://www.gov.uk/guidance/how-to-do-the-sfi-actions-for-soils"", ""retrieved_at"": ""2026-10-03"", ""document"": ""Updated 2025-03-27; choosing a cover-crop mix and herbal ley"", ""scope"": ""Use examples; broader labels not automatically resolved to a species""}, {""id"": ""lfl"", ""organisation"": ""Bavarian State Research Center for Agriculture (LfL)"", ""url"": ""https://www.lfl.bayern.de/mam/cms07/publikationen/daten/informationen/greening-zwischenfruchtanbau-lfl-information-2018.pdf"", ""retrieved_at"": ""2026-10-03"", ""document"": ""Greening und Zwischenfruchtanbau, November 2018, Annex 1 pages 8–10"", ""scope"": ""Botanical names and catch-crop mixture use; historical permitted-species list, not current subsidy/legal eligibility or production evidence""}, {""id"": ""v041"", ""organisation"": ""SeedTrade evidence review of official national seed authorities"", ""url"": null, ""retrieved_at"": ""2026-10-03"", ""checkpoint_sha256"": ""2b149594c48a1f0ed1de04f69835baffb4e671a04901a48a37aa88a52a7d4359"", ""scope"": ""Recovered V4.1 canonical IDs, bounded ranks, source taxon mapping and CN evidence; original checkpoint retained""}]"
winter-vetch,Winter vetch,Vicia villosa Roth,Vicia villosa,forage-legumes,"[""CATCH_CROP"", ""COVER_CROP"", ""FORAGE"", ""SEED_PRODUCTION""]",GROUP_LEVEL,GROUP_LEVEL,"[""1209""]","[""120929""]","[""12092945""]","[""120929""]",SOWING_SPECIFIC,"[""12092945""]",[],"[""12092945""]","[{""canonical_species_id"": ""winter-vetch"", ""mapping_status"": ""CN_MAPPING_NOT_SPECIES_SPECIFIC"", ""nomenclature_year"": 2026, ""cn4"": [""1209""], ""cn6"": [""120929""], ""cn8"": [""12092945""], ""hs6"": [""120929""], ""hs6_scope"": ""Six-digit hierarchy only; not proof of species-specific or sowing-specific classification"", ""sowing_seed"": {""usage"": ""SOWING_SEED"", ""verified_cn8"": [""12092945""], ""limitation"": null}, ""non_sowing_commodity"": {""usage"": ""NON_SOWING_COMMODITY"", ""codes"": [], ""recovered_note"": ""Parent includes other forage seed"", ""note_semantics"": ""Historical non_sowing field often describes grouped classification, not an actual commodity code""}, ""official_descriptions"": [{""cn8"": ""12092945"", ""description"": ""Timothy grass seed, vetch seed, seeds of the genus Poa palustris L. and Poa trivialis L., seeds of cocksfoot grass \""Dactylis glomerata L.\"", and seeds of bent grass \""Agrostis\"", for sowing"", ""worksheet_row"": 1497}], ""source_url"": ""https://www.ksh.hu/docs/osztalyozasok/kn/kn2026_structure.xlsx"", ""source_organisation"": ""Hungarian Central Statistical Office"", ""retrieval_date"": ""2026-10-02"", ""notes"": [], ""historical_year_eligibility"": ""REVIEW_REQUIRED; no 2021–2025 concordance inferred""}]","[{""year"": 2026, ""cn8"": ""12092945"", ""description"": ""Timothy grass seed, vetch seed, seeds of the genus Poa palustris L. and Poa trivialis L., seeds of cocksfoot grass \""Dactylis glomerata L.\"", and seeds of bent grass \""Agrostis\"", for sowing"", ""worksheet_row"": 1497, ""source_url"": ""https://www.ksh.hu/docs/osztalyozasok/kn/kn2026_structure.xlsx"", ""source_organisation"": ""Hungarian Central Statistical Office"", ""retrieval_date"": ""2026-10-04"", ""source_sha256"": ""083d065994fd2b41037aae21dc26087300a3a013e948e1884117abdd9d87ac56""}]",false,true,false,true,"{""12092945"": {""confirmed_2025"": true, ""description_unchanged"": true, ""confirmed_2024"": false}}",2025-01,2026-06,false,false,true,"[""12092945""]",true,true,Existing mapping audited against official 2026 denomination; original scope retained.,HIGH_FOR_BOUNDED_CUSTOMS_SCOPE,"[""Customs mapping is not evidence that the species contributed any amount to a group."", ""No interpolation, proportional allocation, species shares or supply signal."", ""Taxonomy and production datasets remain unchanged.""]","[{""id"": ""defra"", ""organisation"": ""Defra"", ""url"": ""https://www.gov.uk/guidance/how-to-do-the-sfi-actions-for-soils"", ""retrieved_at"": ""2026-10-03"", ""document"": ""Updated 2025-03-27; choosing a cover-crop mix and herbal ley"", ""scope"": ""Use examples; broader labels not automatically resolved to a species""}, {""id"": ""lfl"", ""organisation"": ""Bavarian State Research Center for Agriculture (LfL)"", ""url"": ""https://www.lfl.bayern.de/mam/cms07/publikationen/daten/informationen/greening-zwischenfruchtanbau-lfl-information-2018.pdf"", ""retrieved_at"": ""2026-10-03"", ""document"": ""Greening und Zwischenfruchtanbau, November 2018, Annex 1 pages 8–10"", ""scope"": ""Botanical names and catch-crop mixture use; historical permitted-species list, not current subsidy/legal eligibility or production evidence""}, {""id"": ""v041"", ""organisation"": ""SeedTrade evidence review of official national seed authorities"", ""url"": null, ""retrieved_at"": ""2026-10-03"", ""checkpoint_sha256"": ""2b149594c48a1f0ed1de04f69835baffb4e671a04901a48a37aa88a52a7d4359"", ""scope"": ""Recovered V4.1 canonical IDs, bounded ranks, source taxon mapping and CN evidence; original checkpoint retained""}]"
maize,Maize,Zea mays,Zea mays,cereals-pseudocereals,"[""SEED_PRODUCTION""]",NOT_AVAILABLE,PARTIAL,"[""0712"", ""1005""]","[""071290"", ""100510""]","[""10051013"", ""10051015"", ""10051018"", ""10051090"", ""07129011""]","[""071290"", ""100510""]",SOWING_SPECIFIC,"[""10051013"", ""10051015"", ""10051018"", ""10051090"", ""07129011""]",[],[],"[{""canonical_species_id"": ""maize"", ""mapping_status"": ""CN_MAPPING_NOT_AVAILABLE"", ""nomenclature_year"": 2026, ""cn4"": [], ""cn6"": [], ""cn8"": [], ""hs6"": [], ""hs6_scope"": ""Six-digit hierarchy only; not proof of species-specific or sowing-specific classification"", ""sowing_seed"": {""usage"": ""SOWING_SEED"", ""verified_cn8"": [], ""limitation"": ""No confirmed sowing-specific CN8""}, ""non_sowing_commodity"": {""usage"": ""NON_SOWING_COMMODITY"", ""codes"": [], ""recovered_note"": null, ""note_semantics"": ""Historical non_sowing field often describes grouped classification, not an actual commodity code""}, ""official_descriptions"": [], ""source_url"": ""https://www.ksh.hu/docs/osztalyozasok/kn/kn2026_structure.xlsx"", ""source_organisation"": ""Hungarian Central Statistical Office"", ""retrieval_date"": ""2026-10-02"", ""notes"": [], ""historical_year_eligibility"": ""REVIEW_REQUIRED; no 2021–2025 concordance inferred""}]","[{""year"": 2026, ""cn8"": ""10051013"", ""description"": ""Three-cross hybrid maize seed for sowing"", ""worksheet_row"": 1332, ""source_url"": ""https://www.ksh.hu/docs/osztalyozasok/kn/kn2026_structure.xlsx"", ""source_organisation"": ""Hungarian Central Statistical Office"", ""retrieval_date"": ""2026-10-04"", ""source_sha256"": ""083d065994fd2b41037aae21dc26087300a3a013e948e1884117abdd9d87ac56""}, {""year"": 2026, ""cn8"": ""10051015"", ""description"": ""Simple hybrid maize seed for sowing"", ""worksheet_row"": 1333, ""source_url"": ""https://www.ksh.hu/docs/osztalyozasok/kn/kn2026_structure.xlsx"", ""source_organisation"": ""Hungarian Central Statistical Office"", ""retrieval_date"": ""2026-10-04"", ""source_sha256"": ""083d065994fd2b41037aae21dc26087300a3a013e948e1884117abdd9d87ac56""}, {""year"": 2026, ""cn8"": ""10051018"", ""description"": ""Hybrid maize seed for sowing (excl. three-cross and simple hybrid seed)"", ""worksheet_row"": 1334, ""source_url"": ""https://www.ksh.hu/docs/osztalyozasok/kn/kn2026_structure.xlsx"", ""source_organisation"": ""Hungarian Central Statistical Office"", ""retrieval_date"": ""2026-10-04"", ""source_sha256"": ""083d065994fd2b41037aae21dc26087300a3a013e948e1884117abdd9d87ac56""}, {""year"": 2026, ""cn8"": ""10051090"", ""description"": ""Maize seed for sowing (excl. hybrid)"", ""worksheet_row"": 1335, ""source_url"": ""https://www.ksh.hu/docs/osztalyozasok/kn/kn2026_structure.xlsx"", ""source_organisation"": ""Hungarian Central Statistical Office"", ""retrieval_date"": ""2026-10-04"", ""source_sha256"": ""083d065994fd2b41037aae21dc26087300a3a013e948e1884117abdd9d87ac56""}, {""year"": 2026, ""cn8"": ""07129011"", ""description"": ""Dried sweetcorn, hybrid, for sowing"", ""worksheet_row"": 1115, ""source_url"": ""https://www.ksh.hu/docs/osztalyozasok/kn/kn2026_structure.xlsx"", ""source_organisation"": ""Hungarian Central Statistical Office"", ""retrieval_date"": ""2026-10-04"", ""source_sha256"": ""083d065994fd2b41037aae21dc26087300a3a013e948e1884117abdd9d87ac56""}]",false,false,false,true,"{""10051013"": {""confirmed_2025"": true, ""description_unchanged"": true, ""confirmed_2024"": false}, ""10051015"": {""confirmed_2025"": true, ""description_unchanged"": true, ""confirmed_2024"": false}, ""10051018"": {""confirmed_2025"": true, ""description_unchanged"": true, ""confirmed_2024"": false}, ""10051090"": {""confirmed_2025"": true, ""description_unchanged"": true, ""confirmed_2024"": false}, ""07129011"": {""confirmed_2025"": true, ""description_unchanged"": true, ""confirmed_2024"": false}}",2025-01,2026-06,true,false,false,"[""10051013"", ""10051015"", ""10051018"", ""10051090""]",true,true,Four grain-maize seed classes plus hybrid sweetcorn seed. Zea mays scope is explicit but non-hybrid sweetcorn has no sowing-only code; retained partial coverage.,HIGH_FOR_BOUNDED_CUSTOMS_SCOPE,"[""Customs mapping is not evidence that the species contributed any amount to a group."", ""No interpolation, proportional allocation, species shares or supply signal."", ""Taxonomy and production datasets remain unchanged.""]","[{""id"": ""v041"", ""organisation"": ""SeedTrade evidence review of official national seed authorities"", ""url"": null, ""retrieved_at"": ""2026-10-03"", ""checkpoint_sha256"": ""2b149594c48a1f0ed1de04f69835baffb4e671a04901a48a37aa88a52a7d4359"", ""scope"": ""Recovered V4.1 canonical IDs, bounded ranks, source taxon mapping and CN evidence; original checkpoint retained""}]"
