year,cn8,description,worksheet_row,source_url,source_organisation,retrieval_date,source_sha256
2025,07011000,Seed potatoes,1025,https://www.ksh.hu/docs/osztalyozasok/kn/kn2025_structure.xlsx,Hungarian Central Statistical Office,2026-10-04,ba856a5b7b9cc0f0729fde1d8498464388c017f55a614ee9ead6857c1ac295c9
2025,07019010,"Potatoes for manufacture of starch, fresh or chilled",1026,https://www.ksh.hu/docs/osztalyozasok/kn/kn2025_structure.xlsx,Hungarian Central Statistical Office,2026-10-04,ba856a5b7b9cc0f0729fde1d8498464388c017f55a614ee9ead6857c1ac295c9
2025,07019050,Fresh or chilled new potatoes from 1 January to 30 June,1027,https://www.ksh.hu/docs/osztalyozasok/kn/kn2025_structure.xlsx,Hungarian Central Statistical Office,2026-10-04,ba856a5b7b9cc0f0729fde1d8498464388c017f55a614ee9ead6857c1ac295c9
2025,07019090,"Potatoes, fresh or chilled (excl. new potatoes from 1 January to 30 June, seed potatoes and potatoes for manufacture of starch)",1028,https://www.ksh.hu/docs/osztalyozasok/kn/kn2025_structure.xlsx,Hungarian Central Statistical Office,2026-10-04,ba856a5b7b9cc0f0729fde1d8498464388c017f55a614ee9ead6857c1ac295c9
2025,07020010,Whole tomatoes with greatest diameter of less than 47 mm - fresh or chilled,1029,https://www.ksh.hu/docs/osztalyozasok/kn/kn2025_structure.xlsx,Hungarian Central Statistical Office,2026-10-04,ba856a5b7b9cc0f0729fde1d8498464388c017f55a614ee9ead6857c1ac295c9
2025,07020091,"Tomatoes in trusses, fresh or chilled",1030,https://www.ksh.hu/docs/osztalyozasok/kn/kn2025_structure.xlsx,Hungarian Central Statistical Office,2026-10-04,ba856a5b7b9cc0f0729fde1d8498464388c017f55a614ee9ead6857c1ac295c9
2025,07020099,"Tomatoes, n.e.s. fresh or chilled",1031,https://www.ksh.hu/docs/osztalyozasok/kn/kn2025_structure.xlsx,Hungarian Central Statistical Office,2026-10-04,ba856a5b7b9cc0f0729fde1d8498464388c017f55a614ee9ead6857c1ac295c9
2025,07031011,"Onion sets, fresh or chilled",1032,https://www.ksh.hu/docs/osztalyozasok/kn/kn2025_structure.xlsx,Hungarian Central Statistical Office,2026-10-04,ba856a5b7b9cc0f0729fde1d8498464388c017f55a614ee9ead6857c1ac295c9
2025,07031019,"Onions, fresh or chilled (excl. sets)",1033,https://www.ksh.hu/docs/osztalyozasok/kn/kn2025_structure.xlsx,Hungarian Central Statistical Office,2026-10-04,ba856a5b7b9cc0f0729fde1d8498464388c017f55a614ee9ead6857c1ac295c9
2025,07031090,"Shallots, fresh or chilled",1034,https://www.ksh.hu/docs/osztalyozasok/kn/kn2025_structure.xlsx,Hungarian Central Statistical Office,2026-10-04,ba856a5b7b9cc0f0729fde1d8498464388c017f55a614ee9ead6857c1ac295c9
2025,07032000,"Garlic, fresh or chilled",1035,https://www.ksh.hu/docs/osztalyozasok/kn/kn2025_structure.xlsx,Hungarian Central Statistical Office,2026-10-04,ba856a5b7b9cc0f0729fde1d8498464388c017f55a614ee9ead6857c1ac295c9
2025,07039000,"Leeks and other alliaceous vegetables, fresh or chilled (excl. onions, shallots and garlic)",1036,https://www.ksh.hu/docs/osztalyozasok/kn/kn2025_structure.xlsx,Hungarian Central Statistical Office,2026-10-04,ba856a5b7b9cc0f0729fde1d8498464388c017f55a614ee9ead6857c1ac295c9
2025,07041010,Fresh or chilled cauliflowers and headed broccoli,1037,https://www.ksh.hu/docs/osztalyozasok/kn/kn2025_structure.xlsx,Hungarian Central Statistical Office,2026-10-04,ba856a5b7b9cc0f0729fde1d8498464388c017f55a614ee9ead6857c1ac295c9
2025,07041090,Fresh or chilled broccoli (excl. headed broccoli),1038,https://www.ksh.hu/docs/osztalyozasok/kn/kn2025_structure.xlsx,Hungarian Central Statistical Office,2026-10-04,ba856a5b7b9cc0f0729fde1d8498464388c017f55a614ee9ead6857c1ac295c9
2025,07042000,"Brussels sprouts, fresh or chilled",1039,https://www.ksh.hu/docs/osztalyozasok/kn/kn2025_structure.xlsx,Hungarian Central Statistical Office,2026-10-04,ba856a5b7b9cc0f0729fde1d8498464388c017f55a614ee9ead6857c1ac295c9
2025,07049010,"White and red cabbages, fresh or chilled",1040,https://www.ksh.hu/docs/osztalyozasok/kn/kn2025_structure.xlsx,Hungarian Central Statistical Office,2026-10-04,ba856a5b7b9cc0f0729fde1d8498464388c017f55a614ee9ead6857c1ac295c9
2025,07049090,"Kohlrabi, kale and similar edible brassicas, fresh or chilled (excl. cauliflowers, headed broccoli, Brussels sprouts, white and red cabbages)",1041,https://www.ksh.hu/docs/osztalyozasok/kn/kn2025_structure.xlsx,Hungarian Central Statistical Office,2026-10-04,ba856a5b7b9cc0f0729fde1d8498464388c017f55a614ee9ead6857c1ac295c9
2025,07051100,Fresh or chilled cabbage lettuce,1042,https://www.ksh.hu/docs/osztalyozasok/kn/kn2025_structure.xlsx,Hungarian Central Statistical Office,2026-10-04,ba856a5b7b9cc0f0729fde1d8498464388c017f55a614ee9ead6857c1ac295c9
2025,07051900,Fresh or chilled lettuce (excl. cabbage lettuce),1043,https://www.ksh.hu/docs/osztalyozasok/kn/kn2025_structure.xlsx,Hungarian Central Statistical Office,2026-10-04,ba856a5b7b9cc0f0729fde1d8498464388c017f55a614ee9ead6857c1ac295c9
2025,07052100,Fresh or chilled witloof chicory,1044,https://www.ksh.hu/docs/osztalyozasok/kn/kn2025_structure.xlsx,Hungarian Central Statistical Office,2026-10-04,ba856a5b7b9cc0f0729fde1d8498464388c017f55a614ee9ead6857c1ac295c9
2025,07052900,Fresh or chilled chicory (excl. witloof chicory),1045,https://www.ksh.hu/docs/osztalyozasok/kn/kn2025_structure.xlsx,Hungarian Central Statistical Office,2026-10-04,ba856a5b7b9cc0f0729fde1d8498464388c017f55a614ee9ead6857c1ac295c9
2025,07061000,Fresh or chilled carrots and turnips,1046,https://www.ksh.hu/docs/osztalyozasok/kn/kn2025_structure.xlsx,Hungarian Central Statistical Office,2026-10-04,ba856a5b7b9cc0f0729fde1d8498464388c017f55a614ee9ead6857c1ac295c9
2025,07069010,"Fresh or chilled celeriac ""rooted celery or German celery""",1047,https://www.ksh.hu/docs/osztalyozasok/kn/kn2025_structure.xlsx,Hungarian Central Statistical Office,2026-10-04,ba856a5b7b9cc0f0729fde1d8498464388c017f55a614ee9ead6857c1ac295c9
2025,07069030,"Fresh or chilled horse-radish ""Cochlearia armoracia""",1048,https://www.ksh.hu/docs/osztalyozasok/kn/kn2025_structure.xlsx,Hungarian Central Statistical Office,2026-10-04,ba856a5b7b9cc0f0729fde1d8498464388c017f55a614ee9ead6857c1ac295c9
2025,07069090,"Fresh or chilled salad beetroot, salsify, radishes and similar edible roots (excl. carrots, turnips, celeriac and horse-radish)",1049,https://www.ksh.hu/docs/osztalyozasok/kn/kn2025_structure.xlsx,Hungarian Central Statistical Office,2026-10-04,ba856a5b7b9cc0f0729fde1d8498464388c017f55a614ee9ead6857c1ac295c9
2025,07070005,"Cucumbers, fresh or chilled",1050,https://www.ksh.hu/docs/osztalyozasok/kn/kn2025_structure.xlsx,Hungarian Central Statistical Office,2026-10-04,ba856a5b7b9cc0f0729fde1d8498464388c017f55a614ee9ead6857c1ac295c9
2025,07070090,Fresh or chilled gherkins,1051,https://www.ksh.hu/docs/osztalyozasok/kn/kn2025_structure.xlsx,Hungarian Central Statistical Office,2026-10-04,ba856a5b7b9cc0f0729fde1d8498464388c017f55a614ee9ead6857c1ac295c9
2025,07081000,"Fresh or chilled peas ""Pisum sativum"", shelled or unshelled",1052,https://www.ksh.hu/docs/osztalyozasok/kn/kn2025_structure.xlsx,Hungarian Central Statistical Office,2026-10-04,ba856a5b7b9cc0f0729fde1d8498464388c017f55a614ee9ead6857c1ac295c9
2025,07082000,"Fresh or chilled beans ""Vigna spp., Phaseolus spp."", shelled or unshelled",1053,https://www.ksh.hu/docs/osztalyozasok/kn/kn2025_structure.xlsx,Hungarian Central Statistical Office,2026-10-04,ba856a5b7b9cc0f0729fde1d8498464388c017f55a614ee9ead6857c1ac295c9
2025,07089000,"Fresh or chilled leguminous vegetables, shelled or unshelled (excl. peas ""Pisum sativum"" and beans ""Vigna spp., Phaseolus spp."")",1054,https://www.ksh.hu/docs/osztalyozasok/kn/kn2025_structure.xlsx,Hungarian Central Statistical Office,2026-10-04,ba856a5b7b9cc0f0729fde1d8498464388c017f55a614ee9ead6857c1ac295c9
2025,07092000,Fresh or chilled asparagus,1055,https://www.ksh.hu/docs/osztalyozasok/kn/kn2025_structure.xlsx,Hungarian Central Statistical Office,2026-10-04,ba856a5b7b9cc0f0729fde1d8498464388c017f55a614ee9ead6857c1ac295c9
2025,07093000,"Fresh or chilled aubergines ""eggplants""",1056,https://www.ksh.hu/docs/osztalyozasok/kn/kn2025_structure.xlsx,Hungarian Central Statistical Office,2026-10-04,ba856a5b7b9cc0f0729fde1d8498464388c017f55a614ee9ead6857c1ac295c9
2025,07094000,Fresh or chilled celery (excl. celeriac),1057,https://www.ksh.hu/docs/osztalyozasok/kn/kn2025_structure.xlsx,Hungarian Central Statistical Office,2026-10-04,ba856a5b7b9cc0f0729fde1d8498464388c017f55a614ee9ead6857c1ac295c9
2025,07095100,"Fresh or chilled mushrooms of the genus ""Agaricus""",1058,https://www.ksh.hu/docs/osztalyozasok/kn/kn2025_structure.xlsx,Hungarian Central Statistical Office,2026-10-04,ba856a5b7b9cc0f0729fde1d8498464388c017f55a614ee9ead6857c1ac295c9
2025,07095200,Fresh or chilled mushrooms of the genus Boletus,1059,https://www.ksh.hu/docs/osztalyozasok/kn/kn2025_structure.xlsx,Hungarian Central Statistical Office,2026-10-04,ba856a5b7b9cc0f0729fde1d8498464388c017f55a614ee9ead6857c1ac295c9
2025,07095300,Fresh or chilled mushrooms of the genus Cantharellus,1060,https://www.ksh.hu/docs/osztalyozasok/kn/kn2025_structure.xlsx,Hungarian Central Statistical Office,2026-10-04,ba856a5b7b9cc0f0729fde1d8498464388c017f55a614ee9ead6857c1ac295c9
2025,07095400,"Fresh or chilled shiitake ""Lentinus edodes""",1061,https://www.ksh.hu/docs/osztalyozasok/kn/kn2025_structure.xlsx,Hungarian Central Statistical Office,2026-10-04,ba856a5b7b9cc0f0729fde1d8498464388c017f55a614ee9ead6857c1ac295c9
2025,07095500,"Fresh or chilled matsutake ""Tricholoma matsutake, Tricholoma magnivelare, Tricholoma anatolicum, Tricholoma dulciolens, Tricholoma caligatum""",1062,https://www.ksh.hu/docs/osztalyozasok/kn/kn2025_structure.xlsx,Hungarian Central Statistical Office,2026-10-04,ba856a5b7b9cc0f0729fde1d8498464388c017f55a614ee9ead6857c1ac295c9
2025,07095600,"Fresh or chilled truffles ""Tuber spp.""",1063,https://www.ksh.hu/docs/osztalyozasok/kn/kn2025_structure.xlsx,Hungarian Central Statistical Office,2026-10-04,ba856a5b7b9cc0f0729fde1d8498464388c017f55a614ee9ead6857c1ac295c9
2025,07095900,"Fresh or chilled edible mushrooms and truffles (excl. Agaricus, Boletus, Cantharellus, shiitake, matsutake and Tuber spp.)",1064,https://www.ksh.hu/docs/osztalyozasok/kn/kn2025_structure.xlsx,Hungarian Central Statistical Office,2026-10-04,ba856a5b7b9cc0f0729fde1d8498464388c017f55a614ee9ead6857c1ac295c9
2025,07096010,Fresh or chilled sweet peppers,1065,https://www.ksh.hu/docs/osztalyozasok/kn/kn2025_structure.xlsx,Hungarian Central Statistical Office,2026-10-04,ba856a5b7b9cc0f0729fde1d8498464388c017f55a614ee9ead6857c1ac295c9
2025,07096091,Fresh or chilled fruits of genus Capsicum for industrial manufacture of capsicin or capsicum oleoresin dyes,1066,https://www.ksh.hu/docs/osztalyozasok/kn/kn2025_structure.xlsx,Hungarian Central Statistical Office,2026-10-04,ba856a5b7b9cc0f0729fde1d8498464388c017f55a614ee9ead6857c1ac295c9
2025,07096095,Fresh or chilled fruits of genus Capsicum or Pimenta for industrial manufacture of essential oils or resinoids,1067,https://www.ksh.hu/docs/osztalyozasok/kn/kn2025_structure.xlsx,Hungarian Central Statistical Office,2026-10-04,ba856a5b7b9cc0f0729fde1d8498464388c017f55a614ee9ead6857c1ac295c9
2025,07096099,"Fresh or chilled fruits of genus Capsicum or Pimenta (excl. for industrial manufacture of capsicin or capsicum oleoresin dyes, for industrial manufacture of essential oils or resinoids, and sweet peppers)",1068,https://www.ksh.hu/docs/osztalyozasok/kn/kn2025_structure.xlsx,Hungarian Central Statistical Office,2026-10-04,ba856a5b7b9cc0f0729fde1d8498464388c017f55a614ee9ead6857c1ac295c9
2025,07097000,"Fresh or chilled spinach, New Zealand spinach and orache spinach",1069,https://www.ksh.hu/docs/osztalyozasok/kn/kn2025_structure.xlsx,Hungarian Central Statistical Office,2026-10-04,ba856a5b7b9cc0f0729fde1d8498464388c017f55a614ee9ead6857c1ac295c9
2025,07099100,Fresh or chilled globe artichokes,1070,https://www.ksh.hu/docs/osztalyozasok/kn/kn2025_structure.xlsx,Hungarian Central Statistical Office,2026-10-04,ba856a5b7b9cc0f0729fde1d8498464388c017f55a614ee9ead6857c1ac295c9
2025,07099210,Fresh or chilled olives (excl. for oil production),1071,https://www.ksh.hu/docs/osztalyozasok/kn/kn2025_structure.xlsx,Hungarian Central Statistical Office,2026-10-04,ba856a5b7b9cc0f0729fde1d8498464388c017f55a614ee9ead6857c1ac295c9
2025,07099290,Fresh or chilled olives for oil production,1072,https://www.ksh.hu/docs/osztalyozasok/kn/kn2025_structure.xlsx,Hungarian Central Statistical Office,2026-10-04,ba856a5b7b9cc0f0729fde1d8498464388c017f55a614ee9ead6857c1ac295c9
2025,07099310,Fresh or chilled courgettes,1073,https://www.ksh.hu/docs/osztalyozasok/kn/kn2025_structure.xlsx,Hungarian Central Statistical Office,2026-10-04,ba856a5b7b9cc0f0729fde1d8498464388c017f55a614ee9ead6857c1ac295c9
2025,07099390,"Fresh or chilled pumpkins, squash and gourds ""Cucurbita spp."" (excl. courgettes)",1074,https://www.ksh.hu/docs/osztalyozasok/kn/kn2025_structure.xlsx,Hungarian Central Statistical Office,2026-10-04,ba856a5b7b9cc0f0729fde1d8498464388c017f55a614ee9ead6857c1ac295c9
2025,07099910,Fresh or chilled salad vegetables (excl. lettuce and chicory),1075,https://www.ksh.hu/docs/osztalyozasok/kn/kn2025_structure.xlsx,Hungarian Central Statistical Office,2026-10-04,ba856a5b7b9cc0f0729fde1d8498464388c017f55a614ee9ead6857c1ac295c9
2025,07099920,"Fresh or chilled chard ""white beet"" and cardoons",1076,https://www.ksh.hu/docs/osztalyozasok/kn/kn2025_structure.xlsx,Hungarian Central Statistical Office,2026-10-04,ba856a5b7b9cc0f0729fde1d8498464388c017f55a614ee9ead6857c1ac295c9
2025,07099940,Fresh or chilled capers,1077,https://www.ksh.hu/docs/osztalyozasok/kn/kn2025_structure.xlsx,Hungarian Central Statistical Office,2026-10-04,ba856a5b7b9cc0f0729fde1d8498464388c017f55a614ee9ead6857c1ac295c9
2025,07099950,Fresh or chilled fennel,1078,https://www.ksh.hu/docs/osztalyozasok/kn/kn2025_structure.xlsx,Hungarian Central Statistical Office,2026-10-04,ba856a5b7b9cc0f0729fde1d8498464388c017f55a614ee9ead6857c1ac295c9
2025,07099960,Fresh or chilled sweetcorn,1079,https://www.ksh.hu/docs/osztalyozasok/kn/kn2025_structure.xlsx,Hungarian Central Statistical Office,2026-10-04,ba856a5b7b9cc0f0729fde1d8498464388c017f55a614ee9ead6857c1ac295c9
2025,07099990,Fresh or chilled vegetables n.e.s.,1080,https://www.ksh.hu/docs/osztalyozasok/kn/kn2025_structure.xlsx,Hungarian Central Statistical Office,2026-10-04,ba856a5b7b9cc0f0729fde1d8498464388c017f55a614ee9ead6857c1ac295c9
2025,07101000,"Potatoes, uncooked or cooked by steaming or by boiling in water, frozen",1081,https://www.ksh.hu/docs/osztalyozasok/kn/kn2025_structure.xlsx,Hungarian Central Statistical Office,2026-10-04,ba856a5b7b9cc0f0729fde1d8498464388c017f55a614ee9ead6857c1ac295c9
2025,07102100,"Shelled or unshelled peas ""Pisum sativum"", uncooked or cooked by steaming or by boiling in water, frozen",1082,https://www.ksh.hu/docs/osztalyozasok/kn/kn2025_structure.xlsx,Hungarian Central Statistical Office,2026-10-04,ba856a5b7b9cc0f0729fde1d8498464388c017f55a614ee9ead6857c1ac295c9
2025,07102200,"Shelled or unshelled beans ""Vigna spp., Phaseolus spp."", uncooked or cooked by steaming or by boiling in water, frozen",1083,https://www.ksh.hu/docs/osztalyozasok/kn/kn2025_structure.xlsx,Hungarian Central Statistical Office,2026-10-04,ba856a5b7b9cc0f0729fde1d8498464388c017f55a614ee9ead6857c1ac295c9
2025,07102900,"Leguminous vegetables, shelled or unshelled, uncooked or cooked by steaming or by boiling in water, frozen (excl. peas and beans)",1084,https://www.ksh.hu/docs/osztalyozasok/kn/kn2025_structure.xlsx,Hungarian Central Statistical Office,2026-10-04,ba856a5b7b9cc0f0729fde1d8498464388c017f55a614ee9ead6857c1ac295c9
2025,07103000,"Spinach, New Zealand spinach and orache spinach, uncooked or cooked by steaming or by boiling in water, frozen",1085,https://www.ksh.hu/docs/osztalyozasok/kn/kn2025_structure.xlsx,Hungarian Central Statistical Office,2026-10-04,ba856a5b7b9cc0f0729fde1d8498464388c017f55a614ee9ead6857c1ac295c9
2025,07104000,"Sweetcorn, uncooked or cooked by steaming or by boiling in water, frozen",1086,https://www.ksh.hu/docs/osztalyozasok/kn/kn2025_structure.xlsx,Hungarian Central Statistical Office,2026-10-04,ba856a5b7b9cc0f0729fde1d8498464388c017f55a614ee9ead6857c1ac295c9
2025,07108010,"Olives, uncooked or cooked by steaming or by boiling in water, frozen",1087,https://www.ksh.hu/docs/osztalyozasok/kn/kn2025_structure.xlsx,Hungarian Central Statistical Office,2026-10-04,ba856a5b7b9cc0f0729fde1d8498464388c017f55a614ee9ead6857c1ac295c9
2025,07108051,"Sweet peppers, uncooked or cooked by steaming or by boiling in water, frozen",1088,https://www.ksh.hu/docs/osztalyozasok/kn/kn2025_structure.xlsx,Hungarian Central Statistical Office,2026-10-04,ba856a5b7b9cc0f0729fde1d8498464388c017f55a614ee9ead6857c1ac295c9
2025,07108059,"Fruits of genus Capsicum or Pimenta, uncooked or cooked by steaming or by boiling in water, frozen (excl. sweet peppers)",1089,https://www.ksh.hu/docs/osztalyozasok/kn/kn2025_structure.xlsx,Hungarian Central Statistical Office,2026-10-04,ba856a5b7b9cc0f0729fde1d8498464388c017f55a614ee9ead6857c1ac295c9
2025,07108061,"Frozen mushrooms of the genus Agaricus, uncooked or cooked by steaming or by boiling in water",1090,https://www.ksh.hu/docs/osztalyozasok/kn/kn2025_structure.xlsx,Hungarian Central Statistical Office,2026-10-04,ba856a5b7b9cc0f0729fde1d8498464388c017f55a614ee9ead6857c1ac295c9
2025,07108069,"Frozen mushrooms, uncooked or cooked by steaming or by boiling in water (excl. of the genus Agaricus)",1091,https://www.ksh.hu/docs/osztalyozasok/kn/kn2025_structure.xlsx,Hungarian Central Statistical Office,2026-10-04,ba856a5b7b9cc0f0729fde1d8498464388c017f55a614ee9ead6857c1ac295c9
2025,07108070,"Tomatoes, uncooked or cooked by steaming or by boiling in water, frozen",1092,https://www.ksh.hu/docs/osztalyozasok/kn/kn2025_structure.xlsx,Hungarian Central Statistical Office,2026-10-04,ba856a5b7b9cc0f0729fde1d8498464388c017f55a614ee9ead6857c1ac295c9
2025,07108080,"Artichokes, uncooked or cooked by steaming or by boiling in water, frozen",1093,https://www.ksh.hu/docs/osztalyozasok/kn/kn2025_structure.xlsx,Hungarian Central Statistical Office,2026-10-04,ba856a5b7b9cc0f0729fde1d8498464388c017f55a614ee9ead6857c1ac295c9
2025,07108085,"Asparagus, whether or not cooked by boiling in water or by steaming, frozen",1094,https://www.ksh.hu/docs/osztalyozasok/kn/kn2025_structure.xlsx,Hungarian Central Statistical Office,2026-10-04,ba856a5b7b9cc0f0729fde1d8498464388c017f55a614ee9ead6857c1ac295c9
2025,07108095,"Vegetables, whether or not cooked by boiling in water or by steaming, frozen (excl. potatoes, leguminous vegetables, spinach, New Zealand spinach, orache spinach, sweetcorn, olives, fruits of the genus Capsicum or of the genus Pimenta, mushrooms, tomatoes, globe artichokes and asparagus)",1095,https://www.ksh.hu/docs/osztalyozasok/kn/kn2025_structure.xlsx,Hungarian Central Statistical Office,2026-10-04,ba856a5b7b9cc0f0729fde1d8498464388c017f55a614ee9ead6857c1ac295c9
2025,07109000,"Mixtures of vegetables, uncooked or cooked by steaming or by boiling in water, frozen",1096,https://www.ksh.hu/docs/osztalyozasok/kn/kn2025_structure.xlsx,Hungarian Central Statistical Office,2026-10-04,ba856a5b7b9cc0f0729fde1d8498464388c017f55a614ee9ead6857c1ac295c9
2025,07112010,"Olives provisionally preserved, e.g. by sulphur dioxide gas, in brine, in sulphur water or in other preservative solutions, but unsuitable in that state for immediate consumption (excl. for oil production)",1097,https://www.ksh.hu/docs/osztalyozasok/kn/kn2025_structure.xlsx,Hungarian Central Statistical Office,2026-10-04,ba856a5b7b9cc0f0729fde1d8498464388c017f55a614ee9ead6857c1ac295c9
2025,07112090,"Olives provisionally preserved, e.g. by sulphur dioxide gas, in brine, in sulphur water or in other preservative solutions, but unsuitable in that state for immediate consumption, for oil production",1098,https://www.ksh.hu/docs/osztalyozasok/kn/kn2025_structure.xlsx,Hungarian Central Statistical Office,2026-10-04,ba856a5b7b9cc0f0729fde1d8498464388c017f55a614ee9ead6857c1ac295c9
2025,07114000,"Cucumbers and gherkins provisionally preserved, e.g. by sulphur dioxide gas, in brine, in sulphur water or in other preservative solutions, but unsuitable in that state for immediate consumption",1099,https://www.ksh.hu/docs/osztalyozasok/kn/kn2025_structure.xlsx,Hungarian Central Statistical Office,2026-10-04,ba856a5b7b9cc0f0729fde1d8498464388c017f55a614ee9ead6857c1ac295c9
2025,07115100,"Mushrooms of the genus ""Agaricus"", provisionally preserved, e.g., by sulphur dioxide gas, in brine, in sulphur water or in other preservative solutions, but unsuitable in that state for immediate consumption",1100,https://www.ksh.hu/docs/osztalyozasok/kn/kn2025_structure.xlsx,Hungarian Central Statistical Office,2026-10-04,ba856a5b7b9cc0f0729fde1d8498464388c017f55a614ee9ead6857c1ac295c9
2025,07115900,"Mushrooms and truffles, provisionally preserved, e.g., by sulphur dioxide gas, in brine, in sulphur water or in other preservative solutions, but unsuitable in that state for immediate consumption (excl. mushrooms of the genus ""Agaricus"")",1101,https://www.ksh.hu/docs/osztalyozasok/kn/kn2025_structure.xlsx,Hungarian Central Statistical Office,2026-10-04,ba856a5b7b9cc0f0729fde1d8498464388c017f55a614ee9ead6857c1ac295c9
2025,07119010,"Fruits of genus Capsicum or Pimenta provisionally preserved, e.g. by sulphur dioxide gas, in brine, in sulphur water or in other preservative solutions, but unsuitable in that state for immediate consumption (excl. sweet pepper)",1102,https://www.ksh.hu/docs/osztalyozasok/kn/kn2025_structure.xlsx,Hungarian Central Statistical Office,2026-10-04,ba856a5b7b9cc0f0729fde1d8498464388c017f55a614ee9ead6857c1ac295c9
2025,07119030,"Sweetcorn provisionally preserved, e.g. by sulphur dioxide gas, in brine, in sulphur water or in other preservative solutions, but unsuitable in that state for immediate consumption",1103,https://www.ksh.hu/docs/osztalyozasok/kn/kn2025_structure.xlsx,Hungarian Central Statistical Office,2026-10-04,ba856a5b7b9cc0f0729fde1d8498464388c017f55a614ee9ead6857c1ac295c9
2025,07119050,"Onions provisionally preserved, e.g. by sulphur dioxide gas, in brine, in sulphur water or in other preservative solutions, but unsuitable in that state for immediate consumption",1104,https://www.ksh.hu/docs/osztalyozasok/kn/kn2025_structure.xlsx,Hungarian Central Statistical Office,2026-10-04,ba856a5b7b9cc0f0729fde1d8498464388c017f55a614ee9ead6857c1ac295c9
2025,07119070,"Capers provisionally preserved, e.g. by sulphur dioxide gas, in brine, in sulphur water or in other preservative solutions, but unsuitable in that state for immediate consumption",1105,https://www.ksh.hu/docs/osztalyozasok/kn/kn2025_structure.xlsx,Hungarian Central Statistical Office,2026-10-04,ba856a5b7b9cc0f0729fde1d8498464388c017f55a614ee9ead6857c1ac295c9
2025,07119080,"Vegetables provisionally preserved, e.g., by sulphur dioxide gas, in brine, in sulphur water or in other preservative solutions, but unsuitable in that state for immediate consumption (excl. olives, capers, cucumbers and gherkins, mushrooms, truffles, fruits of the genus Capsicum or of the genus Pimenta, other than sweet peppers, sweetcorn, onions and mixtures of vegetables)",1106,https://www.ksh.hu/docs/osztalyozasok/kn/kn2025_structure.xlsx,Hungarian Central Statistical Office,2026-10-04,ba856a5b7b9cc0f0729fde1d8498464388c017f55a614ee9ead6857c1ac295c9
2025,07119090,"Mixture of vegetables provisionally preserved, e.g. by sulphur dioxide gas, in brine, in sulphur water or in other preservative solutions, but unsuitable in that state for immediate consumption",1107,https://www.ksh.hu/docs/osztalyozasok/kn/kn2025_structure.xlsx,Hungarian Central Statistical Office,2026-10-04,ba856a5b7b9cc0f0729fde1d8498464388c017f55a614ee9ead6857c1ac295c9
2025,07122000,"Dried onions, whole, cut, sliced, broken or in powder, but not further prepared",1108,https://www.ksh.hu/docs/osztalyozasok/kn/kn2025_structure.xlsx,Hungarian Central Statistical Office,2026-10-04,ba856a5b7b9cc0f0729fde1d8498464388c017f55a614ee9ead6857c1ac295c9
2025,07123100,"Dried mushrooms of the genus ""Agaricus"", whole, cut, sliced, broken or in powder, but not further prepared",1109,https://www.ksh.hu/docs/osztalyozasok/kn/kn2025_structure.xlsx,Hungarian Central Statistical Office,2026-10-04,ba856a5b7b9cc0f0729fde1d8498464388c017f55a614ee9ead6857c1ac295c9
2025,07123200,"Dried wood ears ""Auricularia spp."", whole, cut, sliced, broken or in powder, but not further prepared",1110,https://www.ksh.hu/docs/osztalyozasok/kn/kn2025_structure.xlsx,Hungarian Central Statistical Office,2026-10-04,ba856a5b7b9cc0f0729fde1d8498464388c017f55a614ee9ead6857c1ac295c9
2025,07123300,"Dried jelly fungi ""Tremella spp."", whole, cut, sliced, broken or in powder, but not further prepared",1111,https://www.ksh.hu/docs/osztalyozasok/kn/kn2025_structure.xlsx,Hungarian Central Statistical Office,2026-10-04,ba856a5b7b9cc0f0729fde1d8498464388c017f55a614ee9ead6857c1ac295c9
2025,07123400,"Dried shiitake ""Lentinus edodes"", whole, cut, sliced, broken or in powder, but not further prepared",1112,https://www.ksh.hu/docs/osztalyozasok/kn/kn2025_structure.xlsx,Hungarian Central Statistical Office,2026-10-04,ba856a5b7b9cc0f0729fde1d8498464388c017f55a614ee9ead6857c1ac295c9
2025,07123900,"Dried mushrooms and truffles, whole, cut, sliced, broken or in powder, but not further prepared (excl. mushrooms of the genus ""Agaricus"", wood ears ""Auricularia spp."" and jelly fungi ""Tremella spp."")",1113,https://www.ksh.hu/docs/osztalyozasok/kn/kn2025_structure.xlsx,Hungarian Central Statistical Office,2026-10-04,ba856a5b7b9cc0f0729fde1d8498464388c017f55a614ee9ead6857c1ac295c9
2025,07129005,"Dried potatoes, whether or not cut or sliced, but not further prepared",1114,https://www.ksh.hu/docs/osztalyozasok/kn/kn2025_structure.xlsx,Hungarian Central Statistical Office,2026-10-04,ba856a5b7b9cc0f0729fde1d8498464388c017f55a614ee9ead6857c1ac295c9
2025,07129011,"Dried sweetcorn, hybrid, for sowing",1115,https://www.ksh.hu/docs/osztalyozasok/kn/kn2025_structure.xlsx,Hungarian Central Statistical Office,2026-10-04,ba856a5b7b9cc0f0729fde1d8498464388c017f55a614ee9ead6857c1ac295c9
2025,07129019,"Dried sweetcorn ""Zea mays var. saccharata"", whether or nor cut or sliced, but not further prepared (excl. hybrids for sowing)",1116,https://www.ksh.hu/docs/osztalyozasok/kn/kn2025_structure.xlsx,Hungarian Central Statistical Office,2026-10-04,ba856a5b7b9cc0f0729fde1d8498464388c017f55a614ee9ead6857c1ac295c9
2025,07129030,"Dried tomatoes, whole, cut, sliced, broken or in powder, but not further prepared",1117,https://www.ksh.hu/docs/osztalyozasok/kn/kn2025_structure.xlsx,Hungarian Central Statistical Office,2026-10-04,ba856a5b7b9cc0f0729fde1d8498464388c017f55a614ee9ead6857c1ac295c9
2025,07129050,"Dried carrots, whole, cut, sliced, broken or in powder, but not further prepared",1118,https://www.ksh.hu/docs/osztalyozasok/kn/kn2025_structure.xlsx,Hungarian Central Statistical Office,2026-10-04,ba856a5b7b9cc0f0729fde1d8498464388c017f55a614ee9ead6857c1ac295c9
2025,07129090,"Dried vegetables and mixtures of vegetables, whole, cut, sliced, broken or in powder, but not further prepared (excl. potatoes, onions, mushrooms, truffles, sweetcorn, tomatoes and carrots)",1119,https://www.ksh.hu/docs/osztalyozasok/kn/kn2025_structure.xlsx,Hungarian Central Statistical Office,2026-10-04,ba856a5b7b9cc0f0729fde1d8498464388c017f55a614ee9ead6857c1ac295c9
2025,07131010,"Peas, ""Pisum sativum"", dried and shelled, for sowing",1120,https://www.ksh.hu/docs/osztalyozasok/kn/kn2025_structure.xlsx,Hungarian Central Statistical Office,2026-10-04,ba856a5b7b9cc0f0729fde1d8498464388c017f55a614ee9ead6857c1ac295c9
2025,07131090,"Peas, ""Pisum sativum"", dried and shelled, whether or not skinned or split (excl. peas for sowing)",1121,https://www.ksh.hu/docs/osztalyozasok/kn/kn2025_structure.xlsx,Hungarian Central Statistical Office,2026-10-04,ba856a5b7b9cc0f0729fde1d8498464388c017f55a614ee9ead6857c1ac295c9
2025,07132000,"Dried, shelled chickpeas ""garbanzos"", whether or not skinned or split",1122,https://www.ksh.hu/docs/osztalyozasok/kn/kn2025_structure.xlsx,Hungarian Central Statistical Office,2026-10-04,ba856a5b7b9cc0f0729fde1d8498464388c017f55a614ee9ead6857c1ac295c9
2025,07133100,"Dried, shelled beans of species ""Vigna mungo [L.] Hepper or Vigna radiata [L.] Wilczek"", whether or not skinned or split",1123,https://www.ksh.hu/docs/osztalyozasok/kn/kn2025_structure.xlsx,Hungarian Central Statistical Office,2026-10-04,ba856a5b7b9cc0f0729fde1d8498464388c017f55a614ee9ead6857c1ac295c9
2025,07133200,"Dried, shelled small red ""Adzuki"" beans ""Phaseolus or Vigna angularis"", whether or not skinned or split",1124,https://www.ksh.hu/docs/osztalyozasok/kn/kn2025_structure.xlsx,Hungarian Central Statistical Office,2026-10-04,ba856a5b7b9cc0f0729fde1d8498464388c017f55a614ee9ead6857c1ac295c9
2025,07133310,"Dried, shelled kidney beans ""Phaseolus vulgaris"", for sowing",1125,https://www.ksh.hu/docs/osztalyozasok/kn/kn2025_structure.xlsx,Hungarian Central Statistical Office,2026-10-04,ba856a5b7b9cc0f0729fde1d8498464388c017f55a614ee9ead6857c1ac295c9
2025,07133390,"Dried, shelled kidney beans ""Phaseolus vulgaris"", whether or not skinned or split (excl. for sowing)",1126,https://www.ksh.hu/docs/osztalyozasok/kn/kn2025_structure.xlsx,Hungarian Central Statistical Office,2026-10-04,ba856a5b7b9cc0f0729fde1d8498464388c017f55a614ee9ead6857c1ac295c9
2025,07133400,"Dried, shelled bambara beans ""Vigna subterranea or Voandzeia subterranea"", whether or not skinned or split",1127,https://www.ksh.hu/docs/osztalyozasok/kn/kn2025_structure.xlsx,Hungarian Central Statistical Office,2026-10-04,ba856a5b7b9cc0f0729fde1d8498464388c017f55a614ee9ead6857c1ac295c9
2025,07133500,"Dried, shelled cow peas ""Vigna unguiculata"", whether or not skinned or split",1128,https://www.ksh.hu/docs/osztalyozasok/kn/kn2025_structure.xlsx,Hungarian Central Statistical Office,2026-10-04,ba856a5b7b9cc0f0729fde1d8498464388c017f55a614ee9ead6857c1ac295c9
2025,07133900,"Dried, shelled beans ""Vigna and Phaseolus"", whether or not skinned or split (excl. beans of species ""Vigna mungo [L.] Hepper or Vigna radiata [L.] Wilczek"", small red ""Adzuki"" beans, kidney beans, Bambara beans and cow peas)",1129,https://www.ksh.hu/docs/osztalyozasok/kn/kn2025_structure.xlsx,Hungarian Central Statistical Office,2026-10-04,ba856a5b7b9cc0f0729fde1d8498464388c017f55a614ee9ead6857c1ac295c9
2025,07134000,"Dried, shelled lentils, whether or not skinned or split",1130,https://www.ksh.hu/docs/osztalyozasok/kn/kn2025_structure.xlsx,Hungarian Central Statistical Office,2026-10-04,ba856a5b7b9cc0f0729fde1d8498464388c017f55a614ee9ead6857c1ac295c9
2025,07135000,"Dried, shelled broad beans ""Vicia faba var. major"" and horse beans ""Vicia faba var. equina and Vicia faba var. minor"", whether or not skinned or split",1131,https://www.ksh.hu/docs/osztalyozasok/kn/kn2025_structure.xlsx,Hungarian Central Statistical Office,2026-10-04,ba856a5b7b9cc0f0729fde1d8498464388c017f55a614ee9ead6857c1ac295c9
2025,07136000,"Dried, shelled pigeon peas ""Cajanus cajan"", whether or not skinned or split",1132,https://www.ksh.hu/docs/osztalyozasok/kn/kn2025_structure.xlsx,Hungarian Central Statistical Office,2026-10-04,ba856a5b7b9cc0f0729fde1d8498464388c017f55a614ee9ead6857c1ac295c9
2025,07139000,"Dried, shelled leguminous vegetables, whether or not skinned or split (excl. peas, chickpeas, beans, lentils, broad beans, horse beans and pigeon peas)",1133,https://www.ksh.hu/docs/osztalyozasok/kn/kn2025_structure.xlsx,Hungarian Central Statistical Office,2026-10-04,ba856a5b7b9cc0f0729fde1d8498464388c017f55a614ee9ead6857c1ac295c9
2025,07141000,"Manioc (cassava) fresh, chilled, frozen or dried, whether or not sliced or in the form of pellets",1134,https://www.ksh.hu/docs/osztalyozasok/kn/kn2025_structure.xlsx,Hungarian Central Statistical Office,2026-10-04,ba856a5b7b9cc0f0729fde1d8498464388c017f55a614ee9ead6857c1ac295c9
2025,07142010,"Sweet potatoes, fresh, whole, for human consumption",1135,https://www.ksh.hu/docs/osztalyozasok/kn/kn2025_structure.xlsx,Hungarian Central Statistical Office,2026-10-04,ba856a5b7b9cc0f0729fde1d8498464388c017f55a614ee9ead6857c1ac295c9
2025,07142090,"Sweet potatoes, fresh, chilled, frozen or dried, whether or not sliced or in the form of pellets (excl. fresh whole sweet potatoes used for human consumption)",1136,https://www.ksh.hu/docs/osztalyozasok/kn/kn2025_structure.xlsx,Hungarian Central Statistical Office,2026-10-04,ba856a5b7b9cc0f0729fde1d8498464388c017f55a614ee9ead6857c1ac295c9
2025,07143000,"Yams (Dioscorea spp.), fresh, chilled, frozen or dried, whether or not sliced or in the form of pellets",1137,https://www.ksh.hu/docs/osztalyozasok/kn/kn2025_structure.xlsx,Hungarian Central Statistical Office,2026-10-04,ba856a5b7b9cc0f0729fde1d8498464388c017f55a614ee9ead6857c1ac295c9
2025,07144000,"Taro (Colocasia spp.), fresh, chilled, frozen or dried, whether or not sliced or in the form of pellets",1138,https://www.ksh.hu/docs/osztalyozasok/kn/kn2025_structure.xlsx,Hungarian Central Statistical Office,2026-10-04,ba856a5b7b9cc0f0729fde1d8498464388c017f55a614ee9ead6857c1ac295c9
2025,07145000,"Yautia (Xanthosoma spp), fresh, chilled, frozen or dried, whether or not sliced or in the form of pellets",1139,https://www.ksh.hu/docs/osztalyozasok/kn/kn2025_structure.xlsx,Hungarian Central Statistical Office,2026-10-04,ba856a5b7b9cc0f0729fde1d8498464388c017f55a614ee9ead6857c1ac295c9
2025,07149020,"Arrowroot, salep and similar roots and tubers with high starch or inulin content, fresh, chilled, frozen or dried, whether or not sliced or in the form of pellets (excl. manioc ""cassava"", sweet potatoes, yams, taro and yautia)",1140,https://www.ksh.hu/docs/osztalyozasok/kn/kn2025_structure.xlsx,Hungarian Central Statistical Office,2026-10-04,ba856a5b7b9cc0f0729fde1d8498464388c017f55a614ee9ead6857c1ac295c9
2025,07149090,"Jerusalem artichokes and similar roots and tubers with high inulin content, fresh, chilled, frozen or dried, even sliced or in the form of pellets, and sago pith (excl. manioc, arrowroot, salep, sweet potatoes, yams, taro and yautia)",1141,https://www.ksh.hu/docs/osztalyozasok/kn/kn2025_structure.xlsx,Hungarian Central Statistical Office,2026-10-04,ba856a5b7b9cc0f0729fde1d8498464388c017f55a614ee9ead6857c1ac295c9
2025,09011100,Coffee (excl. roasted and decaffeinated),1270,https://www.ksh.hu/docs/osztalyozasok/kn/kn2025_structure.xlsx,Hungarian Central Statistical Office,2026-10-04,ba856a5b7b9cc0f0729fde1d8498464388c017f55a614ee9ead6857c1ac295c9
2025,09011200,Decaffeinated coffee (excl. roasted),1271,https://www.ksh.hu/docs/osztalyozasok/kn/kn2025_structure.xlsx,Hungarian Central Statistical Office,2026-10-04,ba856a5b7b9cc0f0729fde1d8498464388c017f55a614ee9ead6857c1ac295c9
2025,09012100,Roasted coffee (excl. decaffeinated),1272,https://www.ksh.hu/docs/osztalyozasok/kn/kn2025_structure.xlsx,Hungarian Central Statistical Office,2026-10-04,ba856a5b7b9cc0f0729fde1d8498464388c017f55a614ee9ead6857c1ac295c9
2025,09012200,"Roasted, decaffeinated coffee",1273,https://www.ksh.hu/docs/osztalyozasok/kn/kn2025_structure.xlsx,Hungarian Central Statistical Office,2026-10-04,ba856a5b7b9cc0f0729fde1d8498464388c017f55a614ee9ead6857c1ac295c9
2025,09019010,Coffee husks and skins,1274,https://www.ksh.hu/docs/osztalyozasok/kn/kn2025_structure.xlsx,Hungarian Central Statistical Office,2026-10-04,ba856a5b7b9cc0f0729fde1d8498464388c017f55a614ee9ead6857c1ac295c9
2025,09019090,Coffee substitutes containing coffee in any proportion,1275,https://www.ksh.hu/docs/osztalyozasok/kn/kn2025_structure.xlsx,Hungarian Central Statistical Office,2026-10-04,ba856a5b7b9cc0f0729fde1d8498464388c017f55a614ee9ead6857c1ac295c9
2025,09021000,Green tea in immediate packings of <= 3 kg,1276,https://www.ksh.hu/docs/osztalyozasok/kn/kn2025_structure.xlsx,Hungarian Central Statistical Office,2026-10-04,ba856a5b7b9cc0f0729fde1d8498464388c017f55a614ee9ead6857c1ac295c9
2025,09022000,Green tea in immediate packings of > 3 kg,1277,https://www.ksh.hu/docs/osztalyozasok/kn/kn2025_structure.xlsx,Hungarian Central Statistical Office,2026-10-04,ba856a5b7b9cc0f0729fde1d8498464388c017f55a614ee9ead6857c1ac295c9
2025,09023000,"Black fermented tea and partly fermented tea, whether or not flavoured, in immediate packings of <= 3 kg",1278,https://www.ksh.hu/docs/osztalyozasok/kn/kn2025_structure.xlsx,Hungarian Central Statistical Office,2026-10-04,ba856a5b7b9cc0f0729fde1d8498464388c017f55a614ee9ead6857c1ac295c9
2025,09024000,"Black fermented tea and partly fermented tea, whether or not flavoured, in immediate packings of > 3 kg",1279,https://www.ksh.hu/docs/osztalyozasok/kn/kn2025_structure.xlsx,Hungarian Central Statistical Office,2026-10-04,ba856a5b7b9cc0f0729fde1d8498464388c017f55a614ee9ead6857c1ac295c9
2025,09030000,Mate,1280,https://www.ksh.hu/docs/osztalyozasok/kn/kn2025_structure.xlsx,Hungarian Central Statistical Office,2026-10-04,ba856a5b7b9cc0f0729fde1d8498464388c017f55a614ee9ead6857c1ac295c9
2025,09041100,"Pepper of the genus Piper, neither crushed nor ground",1281,https://www.ksh.hu/docs/osztalyozasok/kn/kn2025_structure.xlsx,Hungarian Central Statistical Office,2026-10-04,ba856a5b7b9cc0f0729fde1d8498464388c017f55a614ee9ead6857c1ac295c9
2025,09041200,"Pepper of the genus Piper, crushed or ground",1282,https://www.ksh.hu/docs/osztalyozasok/kn/kn2025_structure.xlsx,Hungarian Central Statistical Office,2026-10-04,ba856a5b7b9cc0f0729fde1d8498464388c017f55a614ee9ead6857c1ac295c9
2025,09042110,Dried sweet peppers (excl. crushed or ground),1283,https://www.ksh.hu/docs/osztalyozasok/kn/kn2025_structure.xlsx,Hungarian Central Statistical Office,2026-10-04,ba856a5b7b9cc0f0729fde1d8498464388c017f55a614ee9ead6857c1ac295c9
2025,09042190,"Dried fruit of genus Capsicum or Pimenta, neither crushed nor ground (excl. sweet peppers)",1284,https://www.ksh.hu/docs/osztalyozasok/kn/kn2025_structure.xlsx,Hungarian Central Statistical Office,2026-10-04,ba856a5b7b9cc0f0729fde1d8498464388c017f55a614ee9ead6857c1ac295c9
2025,09042200,"Fruits of the genus Capsicum or of the genus Pimenta, crushed or ground",1285,https://www.ksh.hu/docs/osztalyozasok/kn/kn2025_structure.xlsx,Hungarian Central Statistical Office,2026-10-04,ba856a5b7b9cc0f0729fde1d8498464388c017f55a614ee9ead6857c1ac295c9
2025,09051000,"Vanilla, neither crushed nor ground",1286,https://www.ksh.hu/docs/osztalyozasok/kn/kn2025_structure.xlsx,Hungarian Central Statistical Office,2026-10-04,ba856a5b7b9cc0f0729fde1d8498464388c017f55a614ee9ead6857c1ac295c9
2025,09052000,"Vanilla, crushed or ground",1287,https://www.ksh.hu/docs/osztalyozasok/kn/kn2025_structure.xlsx,Hungarian Central Statistical Office,2026-10-04,ba856a5b7b9cc0f0729fde1d8498464388c017f55a614ee9ead6857c1ac295c9
2025,09061100,"Cinnamon ""Cinnamomum zeylanicum Blume"" (excl. crushed and ground)",1288,https://www.ksh.hu/docs/osztalyozasok/kn/kn2025_structure.xlsx,Hungarian Central Statistical Office,2026-10-04,ba856a5b7b9cc0f0729fde1d8498464388c017f55a614ee9ead6857c1ac295c9
2025,09061900,"Cinnamon and cinnamon-tree flowers (excl. cinnamon ""Cinnamomum zeylanicum Blume"" and crushed and ground cinnamon)",1289,https://www.ksh.hu/docs/osztalyozasok/kn/kn2025_structure.xlsx,Hungarian Central Statistical Office,2026-10-04,ba856a5b7b9cc0f0729fde1d8498464388c017f55a614ee9ead6857c1ac295c9
2025,09062000,Crushed or ground cinnamon and cinnamon-tree flowers,1290,https://www.ksh.hu/docs/osztalyozasok/kn/kn2025_structure.xlsx,Hungarian Central Statistical Office,2026-10-04,ba856a5b7b9cc0f0729fde1d8498464388c017f55a614ee9ead6857c1ac295c9
2025,09071000,"Cloves, whole fruit, cloves and stems, neither crushed nor ground",1291,https://www.ksh.hu/docs/osztalyozasok/kn/kn2025_structure.xlsx,Hungarian Central Statistical Office,2026-10-04,ba856a5b7b9cc0f0729fde1d8498464388c017f55a614ee9ead6857c1ac295c9
2025,09072000,"Cloves, whole fruit, cloves and stems, crushed or ground",1292,https://www.ksh.hu/docs/osztalyozasok/kn/kn2025_structure.xlsx,Hungarian Central Statistical Office,2026-10-04,ba856a5b7b9cc0f0729fde1d8498464388c017f55a614ee9ead6857c1ac295c9
2025,09081100,"Nutmeg, neither crushed nor ground",1293,https://www.ksh.hu/docs/osztalyozasok/kn/kn2025_structure.xlsx,Hungarian Central Statistical Office,2026-10-04,ba856a5b7b9cc0f0729fde1d8498464388c017f55a614ee9ead6857c1ac295c9
2025,09081200,"Nutmeg, crushed or ground",1294,https://www.ksh.hu/docs/osztalyozasok/kn/kn2025_structure.xlsx,Hungarian Central Statistical Office,2026-10-04,ba856a5b7b9cc0f0729fde1d8498464388c017f55a614ee9ead6857c1ac295c9
2025,09082100,"Mace, neither crushed nor ground",1295,https://www.ksh.hu/docs/osztalyozasok/kn/kn2025_structure.xlsx,Hungarian Central Statistical Office,2026-10-04,ba856a5b7b9cc0f0729fde1d8498464388c017f55a614ee9ead6857c1ac295c9
2025,09082200,"Mace, crushed or ground",1296,https://www.ksh.hu/docs/osztalyozasok/kn/kn2025_structure.xlsx,Hungarian Central Statistical Office,2026-10-04,ba856a5b7b9cc0f0729fde1d8498464388c017f55a614ee9ead6857c1ac295c9
2025,09083100,"Cardamoms, neither crushed nor ground",1297,https://www.ksh.hu/docs/osztalyozasok/kn/kn2025_structure.xlsx,Hungarian Central Statistical Office,2026-10-04,ba856a5b7b9cc0f0729fde1d8498464388c017f55a614ee9ead6857c1ac295c9
2025,09083200,"Cardamoms, crushed or ground",1298,https://www.ksh.hu/docs/osztalyozasok/kn/kn2025_structure.xlsx,Hungarian Central Statistical Office,2026-10-04,ba856a5b7b9cc0f0729fde1d8498464388c017f55a614ee9ead6857c1ac295c9
2025,09092100,"Coriander seeds, neither crushed nor ground",1299,https://www.ksh.hu/docs/osztalyozasok/kn/kn2025_structure.xlsx,Hungarian Central Statistical Office,2026-10-04,ba856a5b7b9cc0f0729fde1d8498464388c017f55a614ee9ead6857c1ac295c9
2025,09092200,"Coriander seeds, crushed or ground",1300,https://www.ksh.hu/docs/osztalyozasok/kn/kn2025_structure.xlsx,Hungarian Central Statistical Office,2026-10-04,ba856a5b7b9cc0f0729fde1d8498464388c017f55a614ee9ead6857c1ac295c9
2025,09093100,"Cumin seeds, neither crushed nor ground",1301,https://www.ksh.hu/docs/osztalyozasok/kn/kn2025_structure.xlsx,Hungarian Central Statistical Office,2026-10-04,ba856a5b7b9cc0f0729fde1d8498464388c017f55a614ee9ead6857c1ac295c9
2025,09093200,"Cumin seeds, crushed or ground",1302,https://www.ksh.hu/docs/osztalyozasok/kn/kn2025_structure.xlsx,Hungarian Central Statistical Office,2026-10-04,ba856a5b7b9cc0f0729fde1d8498464388c017f55a614ee9ead6857c1ac295c9
2025,09096100,"Juniper berries and seeds of anise, badian, caraway or fennel, neither crushed nor ground",1303,https://www.ksh.hu/docs/osztalyozasok/kn/kn2025_structure.xlsx,Hungarian Central Statistical Office,2026-10-04,ba856a5b7b9cc0f0729fde1d8498464388c017f55a614ee9ead6857c1ac295c9
2025,09096200,"Juniper berries and seeds of anise, badian, caraway or fennel, crushed or ground",1304,https://www.ksh.hu/docs/osztalyozasok/kn/kn2025_structure.xlsx,Hungarian Central Statistical Office,2026-10-04,ba856a5b7b9cc0f0729fde1d8498464388c017f55a614ee9ead6857c1ac295c9
2025,09101100,"Ginger, neither crushed nor ground",1305,https://www.ksh.hu/docs/osztalyozasok/kn/kn2025_structure.xlsx,Hungarian Central Statistical Office,2026-10-04,ba856a5b7b9cc0f0729fde1d8498464388c017f55a614ee9ead6857c1ac295c9
2025,09101200,"Ginger, crushed or ground",1306,https://www.ksh.hu/docs/osztalyozasok/kn/kn2025_structure.xlsx,Hungarian Central Statistical Office,2026-10-04,ba856a5b7b9cc0f0729fde1d8498464388c017f55a614ee9ead6857c1ac295c9
2025,09102010,Saffron (excl. crushed or ground),1307,https://www.ksh.hu/docs/osztalyozasok/kn/kn2025_structure.xlsx,Hungarian Central Statistical Office,2026-10-04,ba856a5b7b9cc0f0729fde1d8498464388c017f55a614ee9ead6857c1ac295c9
2025,09102090,Crushed or ground saffron,1308,https://www.ksh.hu/docs/osztalyozasok/kn/kn2025_structure.xlsx,Hungarian Central Statistical Office,2026-10-04,ba856a5b7b9cc0f0729fde1d8498464388c017f55a614ee9ead6857c1ac295c9
2025,09103000,"Turmeric ""curcuma""",1309,https://www.ksh.hu/docs/osztalyozasok/kn/kn2025_structure.xlsx,Hungarian Central Statistical Office,2026-10-04,ba856a5b7b9cc0f0729fde1d8498464388c017f55a614ee9ead6857c1ac295c9
2025,09109105,Curry,1310,https://www.ksh.hu/docs/osztalyozasok/kn/kn2025_structure.xlsx,Hungarian Central Statistical Office,2026-10-04,ba856a5b7b9cc0f0729fde1d8498464388c017f55a614ee9ead6857c1ac295c9
2025,09109110,Mixtures of different types of spices (excl. crushed or ground),1311,https://www.ksh.hu/docs/osztalyozasok/kn/kn2025_structure.xlsx,Hungarian Central Statistical Office,2026-10-04,ba856a5b7b9cc0f0729fde1d8498464388c017f55a614ee9ead6857c1ac295c9
2025,09109190,Crushed or ground mixtures of different types of spices,1312,https://www.ksh.hu/docs/osztalyozasok/kn/kn2025_structure.xlsx,Hungarian Central Statistical Office,2026-10-04,ba856a5b7b9cc0f0729fde1d8498464388c017f55a614ee9ead6857c1ac295c9
2025,09109910,Fenugreek seed,1313,https://www.ksh.hu/docs/osztalyozasok/kn/kn2025_structure.xlsx,Hungarian Central Statistical Office,2026-10-04,ba856a5b7b9cc0f0729fde1d8498464388c017f55a614ee9ead6857c1ac295c9
2025,09109931,"Wild thyme ""Thymus serpyllum"" (excl. crushed or ground)",1314,https://www.ksh.hu/docs/osztalyozasok/kn/kn2025_structure.xlsx,Hungarian Central Statistical Office,2026-10-04,ba856a5b7b9cc0f0729fde1d8498464388c017f55a614ee9ead6857c1ac295c9
2025,09109933,Thyme (excl. crushed or ground and wild thyme),1315,https://www.ksh.hu/docs/osztalyozasok/kn/kn2025_structure.xlsx,Hungarian Central Statistical Office,2026-10-04,ba856a5b7b9cc0f0729fde1d8498464388c017f55a614ee9ead6857c1ac295c9
2025,09109939,Crushed or ground thyme,1316,https://www.ksh.hu/docs/osztalyozasok/kn/kn2025_structure.xlsx,Hungarian Central Statistical Office,2026-10-04,ba856a5b7b9cc0f0729fde1d8498464388c017f55a614ee9ead6857c1ac295c9
2025,09109950,Bay leaves,1317,https://www.ksh.hu/docs/osztalyozasok/kn/kn2025_structure.xlsx,Hungarian Central Statistical Office,2026-10-04,ba856a5b7b9cc0f0729fde1d8498464388c017f55a614ee9ead6857c1ac295c9
2025,09109991,"Spices, neither crushed nor ground (excl. pepper of the genus Piper, fruit of the genus Capsicum or of the genus Pimenta, vanilla, cinnamon, cinnamontree flowers, cloves ""wholefruit"", clove stems, nutmeg, mace, cardamoms, seeds of anise, badian, fennel, coriander, cumin and caraway, and juniper berries, ginger, saffron, turmeric ""curcuma"", thyme, bay leaves, curry and seeds of fenugreek, and mixtures of various types of spices)",1318,https://www.ksh.hu/docs/osztalyozasok/kn/kn2025_structure.xlsx,Hungarian Central Statistical Office,2026-10-04,ba856a5b7b9cc0f0729fde1d8498464388c017f55a614ee9ead6857c1ac295c9
2025,09109999,"Spices, crushed or ground (excl. pepper of the genus Piper, fruit of the genus Capsicum or of the genus Pimenta, vanilla, cinnamon, cinnamontree flowers, clove ""wholefruit"", clove stems, nutmeg, mace, cardamoms, seeds of anise, badian, fennel, coriander, cumin and caraway, and juniper berries, ginger, saffron, turmeric ""curcuma"", thyme, bay leaves, curry and seeds of fenugreek, and mixtures of various types of spices)",1319,https://www.ksh.hu/docs/osztalyozasok/kn/kn2025_structure.xlsx,Hungarian Central Statistical Office,2026-10-04,ba856a5b7b9cc0f0729fde1d8498464388c017f55a614ee9ead6857c1ac295c9
2025,10011100,Durum wheat seed for sowing,1320,https://www.ksh.hu/docs/osztalyozasok/kn/kn2025_structure.xlsx,Hungarian Central Statistical Office,2026-10-04,ba856a5b7b9cc0f0729fde1d8498464388c017f55a614ee9ead6857c1ac295c9
2025,10011900,Durum wheat (excl. seed for sowing),1321,https://www.ksh.hu/docs/osztalyozasok/kn/kn2025_structure.xlsx,Hungarian Central Statistical Office,2026-10-04,ba856a5b7b9cc0f0729fde1d8498464388c017f55a614ee9ead6857c1ac295c9
2025,10019110,Spelt seed for sowing,1322,https://www.ksh.hu/docs/osztalyozasok/kn/kn2025_structure.xlsx,Hungarian Central Statistical Office,2026-10-04,ba856a5b7b9cc0f0729fde1d8498464388c017f55a614ee9ead6857c1ac295c9
2025,10019120,"Seed of common wheat or meslin, for sowing",1323,https://www.ksh.hu/docs/osztalyozasok/kn/kn2025_structure.xlsx,Hungarian Central Statistical Office,2026-10-04,ba856a5b7b9cc0f0729fde1d8498464388c017f55a614ee9ead6857c1ac295c9
2025,10019190,"Wheat seed for sowing (excl. durum, common wheat and spelt)",1324,https://www.ksh.hu/docs/osztalyozasok/kn/kn2025_structure.xlsx,Hungarian Central Statistical Office,2026-10-04,ba856a5b7b9cc0f0729fde1d8498464388c017f55a614ee9ead6857c1ac295c9
2025,10019900,"Wheat and meslin (excl. seed for sowing, and durum wheat)",1325,https://www.ksh.hu/docs/osztalyozasok/kn/kn2025_structure.xlsx,Hungarian Central Statistical Office,2026-10-04,ba856a5b7b9cc0f0729fde1d8498464388c017f55a614ee9ead6857c1ac295c9
2025,10021000,Rye seed for sowing,1326,https://www.ksh.hu/docs/osztalyozasok/kn/kn2025_structure.xlsx,Hungarian Central Statistical Office,2026-10-04,ba856a5b7b9cc0f0729fde1d8498464388c017f55a614ee9ead6857c1ac295c9
2025,10029000,Rye (excl. seed for sowing),1327,https://www.ksh.hu/docs/osztalyozasok/kn/kn2025_structure.xlsx,Hungarian Central Statistical Office,2026-10-04,ba856a5b7b9cc0f0729fde1d8498464388c017f55a614ee9ead6857c1ac295c9
2025,10031000,Barley seed for sowing,1328,https://www.ksh.hu/docs/osztalyozasok/kn/kn2025_structure.xlsx,Hungarian Central Statistical Office,2026-10-04,ba856a5b7b9cc0f0729fde1d8498464388c017f55a614ee9ead6857c1ac295c9
2025,10039000,Barley (excl. seed for sowing),1329,https://www.ksh.hu/docs/osztalyozasok/kn/kn2025_structure.xlsx,Hungarian Central Statistical Office,2026-10-04,ba856a5b7b9cc0f0729fde1d8498464388c017f55a614ee9ead6857c1ac295c9
2025,10041000,Oats seed for sowing,1330,https://www.ksh.hu/docs/osztalyozasok/kn/kn2025_structure.xlsx,Hungarian Central Statistical Office,2026-10-04,ba856a5b7b9cc0f0729fde1d8498464388c017f55a614ee9ead6857c1ac295c9
2025,10049000,Oats (excl. seed for sowing),1331,https://www.ksh.hu/docs/osztalyozasok/kn/kn2025_structure.xlsx,Hungarian Central Statistical Office,2026-10-04,ba856a5b7b9cc0f0729fde1d8498464388c017f55a614ee9ead6857c1ac295c9
2025,10051013,Three-cross hybrid maize seed for sowing,1332,https://www.ksh.hu/docs/osztalyozasok/kn/kn2025_structure.xlsx,Hungarian Central Statistical Office,2026-10-04,ba856a5b7b9cc0f0729fde1d8498464388c017f55a614ee9ead6857c1ac295c9
2025,10051015,Simple hybrid maize seed for sowing,1333,https://www.ksh.hu/docs/osztalyozasok/kn/kn2025_structure.xlsx,Hungarian Central Statistical Office,2026-10-04,ba856a5b7b9cc0f0729fde1d8498464388c017f55a614ee9ead6857c1ac295c9
2025,10051018,Hybrid maize seed for sowing (excl. three-cross and simple hybrid seed),1334,https://www.ksh.hu/docs/osztalyozasok/kn/kn2025_structure.xlsx,Hungarian Central Statistical Office,2026-10-04,ba856a5b7b9cc0f0729fde1d8498464388c017f55a614ee9ead6857c1ac295c9
2025,10051090,Maize seed for sowing (excl. hybrid),1335,https://www.ksh.hu/docs/osztalyozasok/kn/kn2025_structure.xlsx,Hungarian Central Statistical Office,2026-10-04,ba856a5b7b9cc0f0729fde1d8498464388c017f55a614ee9ead6857c1ac295c9
2025,10059000,Maize (excl. seed for sowing),1336,https://www.ksh.hu/docs/osztalyozasok/kn/kn2025_structure.xlsx,Hungarian Central Statistical Office,2026-10-04,ba856a5b7b9cc0f0729fde1d8498464388c017f55a614ee9ead6857c1ac295c9
2025,10061010,Rice in husk for sowing,1337,https://www.ksh.hu/docs/osztalyozasok/kn/kn2025_structure.xlsx,Hungarian Central Statistical Office,2026-10-04,ba856a5b7b9cc0f0729fde1d8498464388c017f55a614ee9ead6857c1ac295c9
2025,10061030,Round grain rice in husk,1338,https://www.ksh.hu/docs/osztalyozasok/kn/kn2025_structure.xlsx,Hungarian Central Statistical Office,2026-10-04,ba856a5b7b9cc0f0729fde1d8498464388c017f55a614ee9ead6857c1ac295c9
2025,10061050,Medium grain rice in husk,1339,https://www.ksh.hu/docs/osztalyozasok/kn/kn2025_structure.xlsx,Hungarian Central Statistical Office,2026-10-04,ba856a5b7b9cc0f0729fde1d8498464388c017f55a614ee9ead6857c1ac295c9
2025,10061071,"Long grain rice in husk, length-width ratio > 2 but < 3",1340,https://www.ksh.hu/docs/osztalyozasok/kn/kn2025_structure.xlsx,Hungarian Central Statistical Office,2026-10-04,ba856a5b7b9cc0f0729fde1d8498464388c017f55a614ee9ead6857c1ac295c9
2025,10061079,"Long grain rice in husk, length-width ratio >= 3",1341,https://www.ksh.hu/docs/osztalyozasok/kn/kn2025_structure.xlsx,Hungarian Central Statistical Office,2026-10-04,ba856a5b7b9cc0f0729fde1d8498464388c017f55a614ee9ead6857c1ac295c9
2025,10061090,"Rice in husk (excl. round, medium and long grain)",1342,https://www.ksh.hu/docs/osztalyozasok/kn/kn2025_structure.xlsx,Hungarian Central Statistical Office,2026-10-04,ba856a5b7b9cc0f0729fde1d8498464388c017f55a614ee9ead6857c1ac295c9
2025,10062011,"Round grain husked [brown] rice, parboiled",1343,https://www.ksh.hu/docs/osztalyozasok/kn/kn2025_structure.xlsx,Hungarian Central Statistical Office,2026-10-04,ba856a5b7b9cc0f0729fde1d8498464388c017f55a614ee9ead6857c1ac295c9
2025,10062013,"Medium grain husked [brown] rice, parboiled",1344,https://www.ksh.hu/docs/osztalyozasok/kn/kn2025_structure.xlsx,Hungarian Central Statistical Office,2026-10-04,ba856a5b7b9cc0f0729fde1d8498464388c017f55a614ee9ead6857c1ac295c9
2025,10062015,"Long grain husked [brown] rice, length-width ratio > 2 but < 3, parboiled",1345,https://www.ksh.hu/docs/osztalyozasok/kn/kn2025_structure.xlsx,Hungarian Central Statistical Office,2026-10-04,ba856a5b7b9cc0f0729fde1d8498464388c017f55a614ee9ead6857c1ac295c9
2025,10062017,"Long grain husked [brown] rice, length-width ratio >= 3, parboiled",1346,https://www.ksh.hu/docs/osztalyozasok/kn/kn2025_structure.xlsx,Hungarian Central Statistical Office,2026-10-04,ba856a5b7b9cc0f0729fde1d8498464388c017f55a614ee9ead6857c1ac295c9
2025,10062019,"Husked [brown] rice, parboiled (excl. round, medium and long grain)",1347,https://www.ksh.hu/docs/osztalyozasok/kn/kn2025_structure.xlsx,Hungarian Central Statistical Office,2026-10-04,ba856a5b7b9cc0f0729fde1d8498464388c017f55a614ee9ead6857c1ac295c9
2025,10062092,Round grain husked [brown] rice (excl. parboiled),1348,https://www.ksh.hu/docs/osztalyozasok/kn/kn2025_structure.xlsx,Hungarian Central Statistical Office,2026-10-04,ba856a5b7b9cc0f0729fde1d8498464388c017f55a614ee9ead6857c1ac295c9
2025,10062094,Medium grain husked [brown] rice (excl. parboiled),1349,https://www.ksh.hu/docs/osztalyozasok/kn/kn2025_structure.xlsx,Hungarian Central Statistical Office,2026-10-04,ba856a5b7b9cc0f0729fde1d8498464388c017f55a614ee9ead6857c1ac295c9
2025,10062096,"Long grain husked [brown] rice, length-width ratio > 2 but < 3 (excl. parboiled)",1350,https://www.ksh.hu/docs/osztalyozasok/kn/kn2025_structure.xlsx,Hungarian Central Statistical Office,2026-10-04,ba856a5b7b9cc0f0729fde1d8498464388c017f55a614ee9ead6857c1ac295c9
2025,10062098,"Long grain husked [brown] rice, length-width ratio >= 3 (excl. parboiled)",1351,https://www.ksh.hu/docs/osztalyozasok/kn/kn2025_structure.xlsx,Hungarian Central Statistical Office,2026-10-04,ba856a5b7b9cc0f0729fde1d8498464388c017f55a614ee9ead6857c1ac295c9
2025,10062099,"Husked [brown] rice (excl. round, medium and long grain, and parboiled)",1352,https://www.ksh.hu/docs/osztalyozasok/kn/kn2025_structure.xlsx,Hungarian Central Statistical Office,2026-10-04,ba856a5b7b9cc0f0729fde1d8498464388c017f55a614ee9ead6857c1ac295c9
2025,10063021,"Semi-milled round grain rice, parboiled",1353,https://www.ksh.hu/docs/osztalyozasok/kn/kn2025_structure.xlsx,Hungarian Central Statistical Office,2026-10-04,ba856a5b7b9cc0f0729fde1d8498464388c017f55a614ee9ead6857c1ac295c9
2025,10063023,"Semi-milled medium grain rice, parboiled",1354,https://www.ksh.hu/docs/osztalyozasok/kn/kn2025_structure.xlsx,Hungarian Central Statistical Office,2026-10-04,ba856a5b7b9cc0f0729fde1d8498464388c017f55a614ee9ead6857c1ac295c9
2025,10063025,"Semi-milled long grain rice, length-width ratio > 2 but < 3, parboiled",1355,https://www.ksh.hu/docs/osztalyozasok/kn/kn2025_structure.xlsx,Hungarian Central Statistical Office,2026-10-04,ba856a5b7b9cc0f0729fde1d8498464388c017f55a614ee9ead6857c1ac295c9
2025,10063027,"Semi-milled long grain rice, length-width ratio >= 3, parboiled",1356,https://www.ksh.hu/docs/osztalyozasok/kn/kn2025_structure.xlsx,Hungarian Central Statistical Office,2026-10-04,ba856a5b7b9cc0f0729fde1d8498464388c017f55a614ee9ead6857c1ac295c9
2025,10063029,"Semi-milled rice, parboiled (excl. round, medium and long grain)",1357,https://www.ksh.hu/docs/osztalyozasok/kn/kn2025_structure.xlsx,Hungarian Central Statistical Office,2026-10-04,ba856a5b7b9cc0f0729fde1d8498464388c017f55a614ee9ead6857c1ac295c9
2025,10063042,Semi-milled round grain rice (excl. parboiled),1358,https://www.ksh.hu/docs/osztalyozasok/kn/kn2025_structure.xlsx,Hungarian Central Statistical Office,2026-10-04,ba856a5b7b9cc0f0729fde1d8498464388c017f55a614ee9ead6857c1ac295c9
2025,10063044,Semi-milled medium grain rice (excl. parboiled),1359,https://www.ksh.hu/docs/osztalyozasok/kn/kn2025_structure.xlsx,Hungarian Central Statistical Office,2026-10-04,ba856a5b7b9cc0f0729fde1d8498464388c017f55a614ee9ead6857c1ac295c9
2025,10063046,"Semi-milled long grain rice, length-width ratio > 2 but < 3 (excl. parboiled)",1360,https://www.ksh.hu/docs/osztalyozasok/kn/kn2025_structure.xlsx,Hungarian Central Statistical Office,2026-10-04,ba856a5b7b9cc0f0729fde1d8498464388c017f55a614ee9ead6857c1ac295c9
2025,10063048,"Semi-milled long grain rice, length-width ratio >= 3 (excl. parboiled)",1361,https://www.ksh.hu/docs/osztalyozasok/kn/kn2025_structure.xlsx,Hungarian Central Statistical Office,2026-10-04,ba856a5b7b9cc0f0729fde1d8498464388c017f55a614ee9ead6857c1ac295c9
2025,10063049,"Semi-milled rice (excl. round, medium and long grain, and parboiled)",1362,https://www.ksh.hu/docs/osztalyozasok/kn/kn2025_structure.xlsx,Hungarian Central Statistical Office,2026-10-04,ba856a5b7b9cc0f0729fde1d8498464388c017f55a614ee9ead6857c1ac295c9
2025,10063061,"Wholly milled round grain rice, parboiled, whether or not polished or glazed",1363,https://www.ksh.hu/docs/osztalyozasok/kn/kn2025_structure.xlsx,Hungarian Central Statistical Office,2026-10-04,ba856a5b7b9cc0f0729fde1d8498464388c017f55a614ee9ead6857c1ac295c9
2025,10063063,"Wholly milled medium grain rice, parboiled, whether or not polished or glazed",1364,https://www.ksh.hu/docs/osztalyozasok/kn/kn2025_structure.xlsx,Hungarian Central Statistical Office,2026-10-04,ba856a5b7b9cc0f0729fde1d8498464388c017f55a614ee9ead6857c1ac295c9
2025,10063065,"Wholly milled long grain rice, length-width ratio > 2 but < 3, parboiled, whether or not polished or glazed",1365,https://www.ksh.hu/docs/osztalyozasok/kn/kn2025_structure.xlsx,Hungarian Central Statistical Office,2026-10-04,ba856a5b7b9cc0f0729fde1d8498464388c017f55a614ee9ead6857c1ac295c9
2025,10063067,"Wholly milled long grain rice, length-width ratio >= 3, parboiled, whether or not polished or glazed",1366,https://www.ksh.hu/docs/osztalyozasok/kn/kn2025_structure.xlsx,Hungarian Central Statistical Office,2026-10-04,ba856a5b7b9cc0f0729fde1d8498464388c017f55a614ee9ead6857c1ac295c9
2025,10063069,"Wholly milled rice, parboiled, whether or not polished or glazed (excl. round, medium and long grain)",1367,https://www.ksh.hu/docs/osztalyozasok/kn/kn2025_structure.xlsx,Hungarian Central Statistical Office,2026-10-04,ba856a5b7b9cc0f0729fde1d8498464388c017f55a614ee9ead6857c1ac295c9
2025,10063092,"Wholly milled round grain rice, whether or not polished or glazed (excl. parboiled)",1368,https://www.ksh.hu/docs/osztalyozasok/kn/kn2025_structure.xlsx,Hungarian Central Statistical Office,2026-10-04,ba856a5b7b9cc0f0729fde1d8498464388c017f55a614ee9ead6857c1ac295c9
2025,10063094,"Wholly milled medium grain rice, whether or not polished or glazed (excl. parboiled)",1369,https://www.ksh.hu/docs/osztalyozasok/kn/kn2025_structure.xlsx,Hungarian Central Statistical Office,2026-10-04,ba856a5b7b9cc0f0729fde1d8498464388c017f55a614ee9ead6857c1ac295c9
2025,10063096,"Wholly milled long grain rice, length-width > 2 but < 3, whether or not polished or glazed (excl. parboiled)",1370,https://www.ksh.hu/docs/osztalyozasok/kn/kn2025_structure.xlsx,Hungarian Central Statistical Office,2026-10-04,ba856a5b7b9cc0f0729fde1d8498464388c017f55a614ee9ead6857c1ac295c9
2025,10063098,"Wholly milled long grain rice, length-width ratio >= 3, whether or not polished or glazed (excl. parboiled)",1371,https://www.ksh.hu/docs/osztalyozasok/kn/kn2025_structure.xlsx,Hungarian Central Statistical Office,2026-10-04,ba856a5b7b9cc0f0729fde1d8498464388c017f55a614ee9ead6857c1ac295c9
2025,10063099,"Wholly milled rice, whether or not polished or glazed (excl. round, medium and long grain, and parboiled)",1372,https://www.ksh.hu/docs/osztalyozasok/kn/kn2025_structure.xlsx,Hungarian Central Statistical Office,2026-10-04,ba856a5b7b9cc0f0729fde1d8498464388c017f55a614ee9ead6857c1ac295c9
2025,10064000,Broken rice,1373,https://www.ksh.hu/docs/osztalyozasok/kn/kn2025_structure.xlsx,Hungarian Central Statistical Office,2026-10-04,ba856a5b7b9cc0f0729fde1d8498464388c017f55a614ee9ead6857c1ac295c9
2025,10071010,"Hybrid grain sorghum, for sowing",1374,https://www.ksh.hu/docs/osztalyozasok/kn/kn2025_structure.xlsx,Hungarian Central Statistical Office,2026-10-04,ba856a5b7b9cc0f0729fde1d8498464388c017f55a614ee9ead6857c1ac295c9
2025,10071090,"Grain sorghum, for sowing (excl. hybrids)",1375,https://www.ksh.hu/docs/osztalyozasok/kn/kn2025_structure.xlsx,Hungarian Central Statistical Office,2026-10-04,ba856a5b7b9cc0f0729fde1d8498464388c017f55a614ee9ead6857c1ac295c9
2025,10079000,Grain sorghum (excl. for sowing),1376,https://www.ksh.hu/docs/osztalyozasok/kn/kn2025_structure.xlsx,Hungarian Central Statistical Office,2026-10-04,ba856a5b7b9cc0f0729fde1d8498464388c017f55a614ee9ead6857c1ac295c9
2025,10081000,Buckwheat,1377,https://www.ksh.hu/docs/osztalyozasok/kn/kn2025_structure.xlsx,Hungarian Central Statistical Office,2026-10-04,ba856a5b7b9cc0f0729fde1d8498464388c017f55a614ee9ead6857c1ac295c9
2025,10082100,Millet seed for sowing (excl. grain sorghum),1378,https://www.ksh.hu/docs/osztalyozasok/kn/kn2025_structure.xlsx,Hungarian Central Statistical Office,2026-10-04,ba856a5b7b9cc0f0729fde1d8498464388c017f55a614ee9ead6857c1ac295c9
2025,10082900,"Millet (excl. grain sorghum, and seed for sowing)",1379,https://www.ksh.hu/docs/osztalyozasok/kn/kn2025_structure.xlsx,Hungarian Central Statistical Office,2026-10-04,ba856a5b7b9cc0f0729fde1d8498464388c017f55a614ee9ead6857c1ac295c9
2025,10083000,Canary seed,1380,https://www.ksh.hu/docs/osztalyozasok/kn/kn2025_structure.xlsx,Hungarian Central Statistical Office,2026-10-04,ba856a5b7b9cc0f0729fde1d8498464388c017f55a614ee9ead6857c1ac295c9
2025,10084000,"Fonio ""Digitaria spp.""",1381,https://www.ksh.hu/docs/osztalyozasok/kn/kn2025_structure.xlsx,Hungarian Central Statistical Office,2026-10-04,ba856a5b7b9cc0f0729fde1d8498464388c017f55a614ee9ead6857c1ac295c9
2025,10085000,"Quinoa ""Chenopodium quinoa""",1382,https://www.ksh.hu/docs/osztalyozasok/kn/kn2025_structure.xlsx,Hungarian Central Statistical Office,2026-10-04,ba856a5b7b9cc0f0729fde1d8498464388c017f55a614ee9ead6857c1ac295c9
2025,10086000,Triticale,1383,https://www.ksh.hu/docs/osztalyozasok/kn/kn2025_structure.xlsx,Hungarian Central Statistical Office,2026-10-04,ba856a5b7b9cc0f0729fde1d8498464388c017f55a614ee9ead6857c1ac295c9
2025,10089000,"Cereals (excl. wheat and meslin, rye, barley, oats, maize, rice, grain sorghum, buckwheat, millet, canary seeds, fonio, quinoa and triticale)",1384,https://www.ksh.hu/docs/osztalyozasok/kn/kn2025_structure.xlsx,Hungarian Central Statistical Office,2026-10-04,ba856a5b7b9cc0f0729fde1d8498464388c017f55a614ee9ead6857c1ac295c9
2025,12011000,"Soya bean seed, for sowing",1456,https://www.ksh.hu/docs/osztalyozasok/kn/kn2025_structure.xlsx,Hungarian Central Statistical Office,2026-10-04,ba856a5b7b9cc0f0729fde1d8498464388c017f55a614ee9ead6857c1ac295c9
2025,12019000,"Soya beans, whether or not broken (excl. seed for sowing)",1457,https://www.ksh.hu/docs/osztalyozasok/kn/kn2025_structure.xlsx,Hungarian Central Statistical Office,2026-10-04,ba856a5b7b9cc0f0729fde1d8498464388c017f55a614ee9ead6857c1ac295c9
2025,12023000,"Groundnut seed, for sowing",1458,https://www.ksh.hu/docs/osztalyozasok/kn/kn2025_structure.xlsx,Hungarian Central Statistical Office,2026-10-04,ba856a5b7b9cc0f0729fde1d8498464388c017f55a614ee9ead6857c1ac295c9
2025,12024100,"Groundnuts, in shell (excl. seed for sowing, roasted or otherwise cooked)",1459,https://www.ksh.hu/docs/osztalyozasok/kn/kn2025_structure.xlsx,Hungarian Central Statistical Office,2026-10-04,ba856a5b7b9cc0f0729fde1d8498464388c017f55a614ee9ead6857c1ac295c9
2025,12024200,"Groundnuts, shelled, whether or not broken (excl. seed for sowing, roasted or otherwise cooked)",1460,https://www.ksh.hu/docs/osztalyozasok/kn/kn2025_structure.xlsx,Hungarian Central Statistical Office,2026-10-04,ba856a5b7b9cc0f0729fde1d8498464388c017f55a614ee9ead6857c1ac295c9
2025,12030000,Copra,1461,https://www.ksh.hu/docs/osztalyozasok/kn/kn2025_structure.xlsx,Hungarian Central Statistical Office,2026-10-04,ba856a5b7b9cc0f0729fde1d8498464388c017f55a614ee9ead6857c1ac295c9
2025,12040010,Linseed for sowing,1462,https://www.ksh.hu/docs/osztalyozasok/kn/kn2025_structure.xlsx,Hungarian Central Statistical Office,2026-10-04,ba856a5b7b9cc0f0729fde1d8498464388c017f55a614ee9ead6857c1ac295c9
2025,12040090,Linseed (excl. for sowing),1463,https://www.ksh.hu/docs/osztalyozasok/kn/kn2025_structure.xlsx,Hungarian Central Statistical Office,2026-10-04,ba856a5b7b9cc0f0729fde1d8498464388c017f55a614ee9ead6857c1ac295c9
2025,12051010,"Low erucic acid rape or colza seeds ""yielding a fixed oil which has an erucic acid content of < 2% and yielding a solid component of glucosinolates of < 30 micromoles/g"", for sowing",1464,https://www.ksh.hu/docs/osztalyozasok/kn/kn2025_structure.xlsx,Hungarian Central Statistical Office,2026-10-04,ba856a5b7b9cc0f0729fde1d8498464388c017f55a614ee9ead6857c1ac295c9
2025,12051090,"Low erucic rape or colza seeds ""yielding a fixed oil which has an erucic acid content of < 2% and yielding a solid component of glucosinolates of < 30 micromoles/g"", whether or not broken (excl. for sowing)",1465,https://www.ksh.hu/docs/osztalyozasok/kn/kn2025_structure.xlsx,Hungarian Central Statistical Office,2026-10-04,ba856a5b7b9cc0f0729fde1d8498464388c017f55a614ee9ead6857c1ac295c9
2025,12059000,"High erucic rape or colza seeds ""yielding a fixed oil which has an erucic acid content of >= 2% and yielding a solid component of glucosinolates of >= 30 micromoles/g"", whether or not broken",1466,https://www.ksh.hu/docs/osztalyozasok/kn/kn2025_structure.xlsx,Hungarian Central Statistical Office,2026-10-04,ba856a5b7b9cc0f0729fde1d8498464388c017f55a614ee9ead6857c1ac295c9
2025,12060010,Sunflower seeds for sowing,1467,https://www.ksh.hu/docs/osztalyozasok/kn/kn2025_structure.xlsx,Hungarian Central Statistical Office,2026-10-04,ba856a5b7b9cc0f0729fde1d8498464388c017f55a614ee9ead6857c1ac295c9
2025,12060091,"Sunflower seeds, whether or not broken, shelled or in grey and white striped shell (excl. for sowing)",1468,https://www.ksh.hu/docs/osztalyozasok/kn/kn2025_structure.xlsx,Hungarian Central Statistical Office,2026-10-04,ba856a5b7b9cc0f0729fde1d8498464388c017f55a614ee9ead6857c1ac295c9
2025,12060099,"Sunflower seeds, whether or not broken (excl. for sowing, shelled and in grey and white striped shell)",1469,https://www.ksh.hu/docs/osztalyozasok/kn/kn2025_structure.xlsx,Hungarian Central Statistical Office,2026-10-04,ba856a5b7b9cc0f0729fde1d8498464388c017f55a614ee9ead6857c1ac295c9
2025,12071000,Palm nuts and kernels,1470,https://www.ksh.hu/docs/osztalyozasok/kn/kn2025_structure.xlsx,Hungarian Central Statistical Office,2026-10-04,ba856a5b7b9cc0f0729fde1d8498464388c017f55a614ee9ead6857c1ac295c9
2025,12072100,Cotton seeds for sowing,1471,https://www.ksh.hu/docs/osztalyozasok/kn/kn2025_structure.xlsx,Hungarian Central Statistical Office,2026-10-04,ba856a5b7b9cc0f0729fde1d8498464388c017f55a614ee9ead6857c1ac295c9
2025,12072900,Cotton seeds (excl. for sowing),1472,https://www.ksh.hu/docs/osztalyozasok/kn/kn2025_structure.xlsx,Hungarian Central Statistical Office,2026-10-04,ba856a5b7b9cc0f0729fde1d8498464388c017f55a614ee9ead6857c1ac295c9
2025,12073000,Castor oil seeds,1473,https://www.ksh.hu/docs/osztalyozasok/kn/kn2025_structure.xlsx,Hungarian Central Statistical Office,2026-10-04,ba856a5b7b9cc0f0729fde1d8498464388c017f55a614ee9ead6857c1ac295c9
2025,12074010,Sesamum seeds for sowing,1474,https://www.ksh.hu/docs/osztalyozasok/kn/kn2025_structure.xlsx,Hungarian Central Statistical Office,2026-10-04,ba856a5b7b9cc0f0729fde1d8498464388c017f55a614ee9ead6857c1ac295c9
2025,12074090,"Sesamum seeds, whether or not broken (excl. for sowing)",1475,https://www.ksh.hu/docs/osztalyozasok/kn/kn2025_structure.xlsx,Hungarian Central Statistical Office,2026-10-04,ba856a5b7b9cc0f0729fde1d8498464388c017f55a614ee9ead6857c1ac295c9
2025,12075010,Mustard seeds for sowing,1476,https://www.ksh.hu/docs/osztalyozasok/kn/kn2025_structure.xlsx,Hungarian Central Statistical Office,2026-10-04,ba856a5b7b9cc0f0729fde1d8498464388c017f55a614ee9ead6857c1ac295c9
2025,12075090,"Mustard seeds, whether or not broken (excl. for sowing)",1477,https://www.ksh.hu/docs/osztalyozasok/kn/kn2025_structure.xlsx,Hungarian Central Statistical Office,2026-10-04,ba856a5b7b9cc0f0729fde1d8498464388c017f55a614ee9ead6857c1ac295c9
2025,12076000,"Safflower ""Carthamus tinctorius"" seeds",1478,https://www.ksh.hu/docs/osztalyozasok/kn/kn2025_structure.xlsx,Hungarian Central Statistical Office,2026-10-04,ba856a5b7b9cc0f0729fde1d8498464388c017f55a614ee9ead6857c1ac295c9
2025,12077000,Melon seeds,1479,https://www.ksh.hu/docs/osztalyozasok/kn/kn2025_structure.xlsx,Hungarian Central Statistical Office,2026-10-04,ba856a5b7b9cc0f0729fde1d8498464388c017f55a614ee9ead6857c1ac295c9
2025,12079110,Poppy seeds for sowing,1480,https://www.ksh.hu/docs/osztalyozasok/kn/kn2025_structure.xlsx,Hungarian Central Statistical Office,2026-10-04,ba856a5b7b9cc0f0729fde1d8498464388c017f55a614ee9ead6857c1ac295c9
2025,12079190,"Poppy seeds, whether or not broken (excl. for sowing)",1481,https://www.ksh.hu/docs/osztalyozasok/kn/kn2025_structure.xlsx,Hungarian Central Statistical Office,2026-10-04,ba856a5b7b9cc0f0729fde1d8498464388c017f55a614ee9ead6857c1ac295c9
2025,12079920,"Oil seeds and oleaginous fruits, for sowing (excl. edible nuts, olives, soya beans, groundnuts, copra, linseed, rape or colza seeds, sunflower seeds, palm nuts and kernels, cotton, castor oil, sesamum, mustard, safflower, melon and poppy seeds)",1482,https://www.ksh.hu/docs/osztalyozasok/kn/kn2025_structure.xlsx,Hungarian Central Statistical Office,2026-10-04,ba856a5b7b9cc0f0729fde1d8498464388c017f55a614ee9ead6857c1ac295c9
2025,12079991,"Hemp seeds, whether or not broken (excl. for sowing)",1483,https://www.ksh.hu/docs/osztalyozasok/kn/kn2025_structure.xlsx,Hungarian Central Statistical Office,2026-10-04,ba856a5b7b9cc0f0729fde1d8498464388c017f55a614ee9ead6857c1ac295c9
2025,12079996,"Oil seeds and oleaginous fruits, whether or not broken (excl. for sowing and edible nuts, olives, soya beans, groundnuts, copra, linseed, rape or colza seeds, sunflower seeds, palm nuts and kernels, cotton, castor oil, sesamum, mustard, safflower, melon, poppy and hemp seeds)",1484,https://www.ksh.hu/docs/osztalyozasok/kn/kn2025_structure.xlsx,Hungarian Central Statistical Office,2026-10-04,ba856a5b7b9cc0f0729fde1d8498464388c017f55a614ee9ead6857c1ac295c9
2025,12081000,Soya bean flour and meal,1485,https://www.ksh.hu/docs/osztalyozasok/kn/kn2025_structure.xlsx,Hungarian Central Statistical Office,2026-10-04,ba856a5b7b9cc0f0729fde1d8498464388c017f55a614ee9ead6857c1ac295c9
2025,12089000,Flours and meal of oil seeds or oleaginous fruit (excl. soya and mustard),1486,https://www.ksh.hu/docs/osztalyozasok/kn/kn2025_structure.xlsx,Hungarian Central Statistical Office,2026-10-04,ba856a5b7b9cc0f0729fde1d8498464388c017f55a614ee9ead6857c1ac295c9
2025,12091000,"Sugar beet seed, for sowing",1487,https://www.ksh.hu/docs/osztalyozasok/kn/kn2025_structure.xlsx,Hungarian Central Statistical Office,2026-10-04,ba856a5b7b9cc0f0729fde1d8498464388c017f55a614ee9ead6857c1ac295c9
2025,12092100,Alfalfa seed for sowing,1488,https://www.ksh.hu/docs/osztalyozasok/kn/kn2025_structure.xlsx,Hungarian Central Statistical Office,2026-10-04,ba856a5b7b9cc0f0729fde1d8498464388c017f55a614ee9ead6857c1ac295c9
2025,12092210,"Red clover ""Trifolium pratense L."" seed for sowing",1489,https://www.ksh.hu/docs/osztalyozasok/kn/kn2025_structure.xlsx,Hungarian Central Statistical Office,2026-10-04,ba856a5b7b9cc0f0729fde1d8498464388c017f55a614ee9ead6857c1ac295c9
2025,12092280,"Clover ""Trifolium spp."" seed for sowing (excl. red clover [Trifolium pratense L.])",1490,https://www.ksh.hu/docs/osztalyozasok/kn/kn2025_structure.xlsx,Hungarian Central Statistical Office,2026-10-04,ba856a5b7b9cc0f0729fde1d8498464388c017f55a614ee9ead6857c1ac295c9
2025,12092311,Meadow fescue seed for sowing,1491,https://www.ksh.hu/docs/osztalyozasok/kn/kn2025_structure.xlsx,Hungarian Central Statistical Office,2026-10-04,ba856a5b7b9cc0f0729fde1d8498464388c017f55a614ee9ead6857c1ac295c9
2025,12092315,"Red fescue seed ""Festuca rubra L."" for sowing",1492,https://www.ksh.hu/docs/osztalyozasok/kn/kn2025_structure.xlsx,Hungarian Central Statistical Office,2026-10-04,ba856a5b7b9cc0f0729fde1d8498464388c017f55a614ee9ead6857c1ac295c9
2025,12092380,"Fescue seed, for sowing (excl. meadow fescue ""Festuca pratensis Huds"" seed and red fescue ""Festuca rubra L."" seed)",1493,https://www.ksh.hu/docs/osztalyozasok/kn/kn2025_structure.xlsx,Hungarian Central Statistical Office,2026-10-04,ba856a5b7b9cc0f0729fde1d8498464388c017f55a614ee9ead6857c1ac295c9
2025,12092400,"Kentucky blue grass ""Poa pratensis L."" seed for sowing",1494,https://www.ksh.hu/docs/osztalyozasok/kn/kn2025_structure.xlsx,Hungarian Central Statistical Office,2026-10-04,ba856a5b7b9cc0f0729fde1d8498464388c017f55a614ee9ead6857c1ac295c9
2025,12092510,"Italian ryegrass, incl. westerwolds ""Lolium multiflorum L."", seed for sowing",1495,https://www.ksh.hu/docs/osztalyozasok/kn/kn2025_structure.xlsx,Hungarian Central Statistical Office,2026-10-04,ba856a5b7b9cc0f0729fde1d8498464388c017f55a614ee9ead6857c1ac295c9
2025,12092590,"Perennial ryegrass ""Lolium perenne L."", seed for sowing",1496,https://www.ksh.hu/docs/osztalyozasok/kn/kn2025_structure.xlsx,Hungarian Central Statistical Office,2026-10-04,ba856a5b7b9cc0f0729fde1d8498464388c017f55a614ee9ead6857c1ac295c9
2025,12092945,"Timothy grass seed, vetch seed, seeds of the genus Poa palustris L. and Poa trivialis L., seeds of cocksfoot grass ""Dactylis glomerata L."", and seeds of bent grass ""Agrostis"", for sowing",1497,https://www.ksh.hu/docs/osztalyozasok/kn/kn2025_structure.xlsx,Hungarian Central Statistical Office,2026-10-04,ba856a5b7b9cc0f0729fde1d8498464388c017f55a614ee9ead6857c1ac295c9
2025,12092950,Lupine seed for sowing,1498,https://www.ksh.hu/docs/osztalyozasok/kn/kn2025_structure.xlsx,Hungarian Central Statistical Office,2026-10-04,ba856a5b7b9cc0f0729fde1d8498464388c017f55a614ee9ead6857c1ac295c9
2025,12092960,"Fodder beet seed ""Beta vulgaris var. alba"", for sowing",1499,https://www.ksh.hu/docs/osztalyozasok/kn/kn2025_structure.xlsx,Hungarian Central Statistical Office,2026-10-04,ba856a5b7b9cc0f0729fde1d8498464388c017f55a614ee9ead6857c1ac295c9
2025,12092980,"Seeds of forage plants, for sowing (excl. cereals and fodder beet seed ""Beta vulgaris var. alba"", sugar beet seed, lucerne seed, clover ""Trifolium spp."" seed, fesque seed, Kentucky blue grass ""Poa pratensis L."" seed, ryegrass ""Lolium multiflorum lam., Lolium perenne L."" seed, Timothy grass seed, vetch seed, seeds of the genus Poa palustris L and Poa trivialis L., cocksfoot grass ""Dactylis glomerata L."" seed, bent grass ""Agrostis"" seed and lupine seed)",1500,https://www.ksh.hu/docs/osztalyozasok/kn/kn2025_structure.xlsx,Hungarian Central Statistical Office,2026-10-04,ba856a5b7b9cc0f0729fde1d8498464388c017f55a614ee9ead6857c1ac295c9
2025,12093000,"Seeds of herbaceous plants cultivated mainly for flowers, for sowing",1501,https://www.ksh.hu/docs/osztalyozasok/kn/kn2025_structure.xlsx,Hungarian Central Statistical Office,2026-10-04,ba856a5b7b9cc0f0729fde1d8498464388c017f55a614ee9ead6857c1ac295c9
2025,12099130,"Salad beet seed or beetroot seed ""Beta vulgaris var. conditiva"", for sowing",1502,https://www.ksh.hu/docs/osztalyozasok/kn/kn2025_structure.xlsx,Hungarian Central Statistical Office,2026-10-04,ba856a5b7b9cc0f0729fde1d8498464388c017f55a614ee9ead6857c1ac295c9
2025,12099180,"Vegetable seeds for sowing (excl. salad beet or beetroot ""Beta vulgaris var. conditiva"")",1503,https://www.ksh.hu/docs/osztalyozasok/kn/kn2025_structure.xlsx,Hungarian Central Statistical Office,2026-10-04,ba856a5b7b9cc0f0729fde1d8498464388c017f55a614ee9ead6857c1ac295c9
2025,12099910,Forest-tree seed for sowing,1504,https://www.ksh.hu/docs/osztalyozasok/kn/kn2025_structure.xlsx,Hungarian Central Statistical Office,2026-10-04,ba856a5b7b9cc0f0729fde1d8498464388c017f55a614ee9ead6857c1ac295c9
2025,12099991,"Seeds of non-herbaceous plants cultivated mainly for flowers, for sowing",1505,https://www.ksh.hu/docs/osztalyozasok/kn/kn2025_structure.xlsx,Hungarian Central Statistical Office,2026-10-04,ba856a5b7b9cc0f0729fde1d8498464388c017f55a614ee9ead6857c1ac295c9
2025,12099999,"Seeds, fruit and spores, for sowing (excl. leguminous vegetables and sweetcorn, coffee, tea, maté and spices, cereals, oil seeds and oleaginous fruits, beets, forage plants, vegetable seeds, forest-tree seeds and seeds of plants cultivated mainly for flowers or used primarily in perfumery, medicaments or for insecticidal, fungicidal or similar purposes)",1506,https://www.ksh.hu/docs/osztalyozasok/kn/kn2025_structure.xlsx,Hungarian Central Statistical Office,2026-10-04,ba856a5b7b9cc0f0729fde1d8498464388c017f55a614ee9ead6857c1ac295c9
2025,12101000,"Hop cones, fresh or dried (excl. ground, powdered or in the form of pellets)",1507,https://www.ksh.hu/docs/osztalyozasok/kn/kn2025_structure.xlsx,Hungarian Central Statistical Office,2026-10-04,ba856a5b7b9cc0f0729fde1d8498464388c017f55a614ee9ead6857c1ac295c9
2025,12102010,"Hop cones, ground, powdered or in the form of pellets, with higher lupulin content, lupulin",1508,https://www.ksh.hu/docs/osztalyozasok/kn/kn2025_structure.xlsx,Hungarian Central Statistical Office,2026-10-04,ba856a5b7b9cc0f0729fde1d8498464388c017f55a614ee9ead6857c1ac295c9
2025,12102090,"Hop cones, ground powdered or in the form of pellets (excl. with higher lupulin content)",1509,https://www.ksh.hu/docs/osztalyozasok/kn/kn2025_structure.xlsx,Hungarian Central Statistical Office,2026-10-04,ba856a5b7b9cc0f0729fde1d8498464388c017f55a614ee9ead6857c1ac295c9
2025,12112000,"Ginseng roots, fresh or dried, whether or not cut, crushed or powdered",1510,https://www.ksh.hu/docs/osztalyozasok/kn/kn2025_structure.xlsx,Hungarian Central Statistical Office,2026-10-04,ba856a5b7b9cc0f0729fde1d8498464388c017f55a614ee9ead6857c1ac295c9
2025,12113000,"Coca leaf, fresh or dried, whether or not cut, crushed or powdered",1511,https://www.ksh.hu/docs/osztalyozasok/kn/kn2025_structure.xlsx,Hungarian Central Statistical Office,2026-10-04,ba856a5b7b9cc0f0729fde1d8498464388c017f55a614ee9ead6857c1ac295c9
2025,12114000,"Poppy straw, fresh or dried, whether or not cut, crushed or powdered",1512,https://www.ksh.hu/docs/osztalyozasok/kn/kn2025_structure.xlsx,Hungarian Central Statistical Office,2026-10-04,ba856a5b7b9cc0f0729fde1d8498464388c017f55a614ee9ead6857c1ac295c9
2025,12115000,"Ephedra of a kind used primarily in perfumery, in pharmacy or for insecticidal, fungicidal or similar purposes, fresh, chilled, frozen or dried, whether or not cut, crushed or powdered",1513,https://www.ksh.hu/docs/osztalyozasok/kn/kn2025_structure.xlsx,Hungarian Central Statistical Office,2026-10-04,ba856a5b7b9cc0f0729fde1d8498464388c017f55a614ee9ead6857c1ac295c9
2025,12116000,"Bark of African cherry ""Prunus africana"", fresh, chilled, frozen or dried, whether or not cut, crushed or powdered",1514,https://www.ksh.hu/docs/osztalyozasok/kn/kn2025_structure.xlsx,Hungarian Central Statistical Office,2026-10-04,ba856a5b7b9cc0f0729fde1d8498464388c017f55a614ee9ead6857c1ac295c9
2025,12119030,"Tonquin beans, fresh or dried, whether or not cut, crushed or powdered",1515,https://www.ksh.hu/docs/osztalyozasok/kn/kn2025_structure.xlsx,Hungarian Central Statistical Office,2026-10-04,ba856a5b7b9cc0f0729fde1d8498464388c017f55a614ee9ead6857c1ac295c9
2025,12119086,"Plants and parts of plants, incl. seeds and fruits, used primarily in perfumery, in pharmacy or for insecticidal, fungicidal or similar purposes, fresh or dried, whether or not cut, crushed or powdered (excl. ginseng roots, coca leaf, poppy straw, genus Ephedra and tonquin beans)",1516,https://www.ksh.hu/docs/osztalyozasok/kn/kn2025_structure.xlsx,Hungarian Central Statistical Office,2026-10-04,ba856a5b7b9cc0f0729fde1d8498464388c017f55a614ee9ead6857c1ac295c9
2025,12122100,"Seaweeds and other algae, fresh, chilled, frozen or dried, whether or not ground, fit for human consumption",1517,https://www.ksh.hu/docs/osztalyozasok/kn/kn2025_structure.xlsx,Hungarian Central Statistical Office,2026-10-04,ba856a5b7b9cc0f0729fde1d8498464388c017f55a614ee9ead6857c1ac295c9
2025,12122900,"Seaweeds and other algae, fresh, chilled, frozen or dried, whether or not ground, unfit for human consumption",1518,https://www.ksh.hu/docs/osztalyozasok/kn/kn2025_structure.xlsx,Hungarian Central Statistical Office,2026-10-04,ba856a5b7b9cc0f0729fde1d8498464388c017f55a614ee9ead6857c1ac295c9
2025,12129120,"Sugar beet, dried, whether or not ground",1519,https://www.ksh.hu/docs/osztalyozasok/kn/kn2025_structure.xlsx,Hungarian Central Statistical Office,2026-10-04,ba856a5b7b9cc0f0729fde1d8498464388c017f55a614ee9ead6857c1ac295c9
2025,12129180,"Sugar beet, fresh, chilled or frozen",1520,https://www.ksh.hu/docs/osztalyozasok/kn/kn2025_structure.xlsx,Hungarian Central Statistical Office,2026-10-04,ba856a5b7b9cc0f0729fde1d8498464388c017f55a614ee9ead6857c1ac295c9
2025,12129200,"Locust beans ""carob"", fresh, chilled, frozen or dried, whether or not ground",1521,https://www.ksh.hu/docs/osztalyozasok/kn/kn2025_structure.xlsx,Hungarian Central Statistical Office,2026-10-04,ba856a5b7b9cc0f0729fde1d8498464388c017f55a614ee9ead6857c1ac295c9
2025,12129300,"Sugar cane, fresh, chilled, frozen or dried, whether or not ground",1522,https://www.ksh.hu/docs/osztalyozasok/kn/kn2025_structure.xlsx,Hungarian Central Statistical Office,2026-10-04,ba856a5b7b9cc0f0729fde1d8498464388c017f55a614ee9ead6857c1ac295c9
2025,12129400,"Chicory roots, fresh, chilled, frozen or dried, whether or not ground",1523,https://www.ksh.hu/docs/osztalyozasok/kn/kn2025_structure.xlsx,Hungarian Central Statistical Office,2026-10-04,ba856a5b7b9cc0f0729fde1d8498464388c017f55a614ee9ead6857c1ac295c9
2025,12129941,"Locust bean seed, fresh or dried (excl. decorticated, crushed or ground)",1524,https://www.ksh.hu/docs/osztalyozasok/kn/kn2025_structure.xlsx,Hungarian Central Statistical Office,2026-10-04,ba856a5b7b9cc0f0729fde1d8498464388c017f55a614ee9ead6857c1ac295c9
2025,12129949,"Locust bean seed, decorticated, crushed or ground, fresh or dried",1525,https://www.ksh.hu/docs/osztalyozasok/kn/kn2025_structure.xlsx,Hungarian Central Statistical Office,2026-10-04,ba856a5b7b9cc0f0729fde1d8498464388c017f55a614ee9ead6857c1ac295c9
2025,12129995,"Fruit stones and kernels and other vegetable products, of a kind used primarily for human consumption, n.e.s.",1526,https://www.ksh.hu/docs/osztalyozasok/kn/kn2025_structure.xlsx,Hungarian Central Statistical Office,2026-10-04,ba856a5b7b9cc0f0729fde1d8498464388c017f55a614ee9ead6857c1ac295c9
2025,12130000,"Cereal straw and husks, unprepared, whether or not chopped, ground, pressed or in the form of pellets",1527,https://www.ksh.hu/docs/osztalyozasok/kn/kn2025_structure.xlsx,Hungarian Central Statistical Office,2026-10-04,ba856a5b7b9cc0f0729fde1d8498464388c017f55a614ee9ead6857c1ac295c9
2025,12141000,Alfalfa meal and pellets,1528,https://www.ksh.hu/docs/osztalyozasok/kn/kn2025_structure.xlsx,Hungarian Central Statistical Office,2026-10-04,ba856a5b7b9cc0f0729fde1d8498464388c017f55a614ee9ead6857c1ac295c9
2025,12149010,"Swedes, mangolds, fodder roots",1529,https://www.ksh.hu/docs/osztalyozasok/kn/kn2025_structure.xlsx,Hungarian Central Statistical Office,2026-10-04,ba856a5b7b9cc0f0729fde1d8498464388c017f55a614ee9ead6857c1ac295c9
2025,12149090,"Hay, lucerne, clover, sainfoin, forage kale, lupines, vetches and similar forage products (excl. swedes, mangolds and other fodder roots and lucerne meal)",1530,https://www.ksh.hu/docs/osztalyozasok/kn/kn2025_structure.xlsx,Hungarian Central Statistical Office,2026-10-04,ba856a5b7b9cc0f0729fde1d8498464388c017f55a614ee9ead6857c1ac295c9
2026,07011000,Seed potatoes,1025,https://www.ksh.hu/docs/osztalyozasok/kn/kn2026_structure.xlsx,Hungarian Central Statistical Office,2026-10-04,083d065994fd2b41037aae21dc26087300a3a013e948e1884117abdd9d87ac56
2026,07019010,"Potatoes for manufacture of starch, fresh or chilled",1026,https://www.ksh.hu/docs/osztalyozasok/kn/kn2026_structure.xlsx,Hungarian Central Statistical Office,2026-10-04,083d065994fd2b41037aae21dc26087300a3a013e948e1884117abdd9d87ac56
2026,07019050,Fresh or chilled new potatoes from 1 January to 30 June,1027,https://www.ksh.hu/docs/osztalyozasok/kn/kn2026_structure.xlsx,Hungarian Central Statistical Office,2026-10-04,083d065994fd2b41037aae21dc26087300a3a013e948e1884117abdd9d87ac56
2026,07019090,"Potatoes, fresh or chilled (excl. new potatoes from 1 January to 30 June, seed potatoes and potatoes for manufacture of starch)",1028,https://www.ksh.hu/docs/osztalyozasok/kn/kn2026_structure.xlsx,Hungarian Central Statistical Office,2026-10-04,083d065994fd2b41037aae21dc26087300a3a013e948e1884117abdd9d87ac56
2026,07020010,Whole tomatoes with greatest diameter of less than 47 mm - fresh or chilled,1029,https://www.ksh.hu/docs/osztalyozasok/kn/kn2026_structure.xlsx,Hungarian Central Statistical Office,2026-10-04,083d065994fd2b41037aae21dc26087300a3a013e948e1884117abdd9d87ac56
2026,07020091,"Tomatoes in trusses, fresh or chilled",1030,https://www.ksh.hu/docs/osztalyozasok/kn/kn2026_structure.xlsx,Hungarian Central Statistical Office,2026-10-04,083d065994fd2b41037aae21dc26087300a3a013e948e1884117abdd9d87ac56
2026,07020099,"Tomatoes, n.e.s. fresh or chilled",1031,https://www.ksh.hu/docs/osztalyozasok/kn/kn2026_structure.xlsx,Hungarian Central Statistical Office,2026-10-04,083d065994fd2b41037aae21dc26087300a3a013e948e1884117abdd9d87ac56
2026,07031011,"Onion sets, fresh or chilled",1032,https://www.ksh.hu/docs/osztalyozasok/kn/kn2026_structure.xlsx,Hungarian Central Statistical Office,2026-10-04,083d065994fd2b41037aae21dc26087300a3a013e948e1884117abdd9d87ac56
2026,07031019,"Onions, fresh or chilled (excl. sets)",1033,https://www.ksh.hu/docs/osztalyozasok/kn/kn2026_structure.xlsx,Hungarian Central Statistical Office,2026-10-04,083d065994fd2b41037aae21dc26087300a3a013e948e1884117abdd9d87ac56
2026,07031090,"Shallots, fresh or chilled",1034,https://www.ksh.hu/docs/osztalyozasok/kn/kn2026_structure.xlsx,Hungarian Central Statistical Office,2026-10-04,083d065994fd2b41037aae21dc26087300a3a013e948e1884117abdd9d87ac56
2026,07032000,"Garlic, fresh or chilled",1035,https://www.ksh.hu/docs/osztalyozasok/kn/kn2026_structure.xlsx,Hungarian Central Statistical Office,2026-10-04,083d065994fd2b41037aae21dc26087300a3a013e948e1884117abdd9d87ac56
2026,07039000,"Leeks and other alliaceous vegetables, fresh or chilled (excl. onions, shallots and garlic)",1036,https://www.ksh.hu/docs/osztalyozasok/kn/kn2026_structure.xlsx,Hungarian Central Statistical Office,2026-10-04,083d065994fd2b41037aae21dc26087300a3a013e948e1884117abdd9d87ac56
2026,07041010,Fresh or chilled cauliflowers and headed broccoli,1037,https://www.ksh.hu/docs/osztalyozasok/kn/kn2026_structure.xlsx,Hungarian Central Statistical Office,2026-10-04,083d065994fd2b41037aae21dc26087300a3a013e948e1884117abdd9d87ac56
2026,07041090,Fresh or chilled broccoli (excl. headed broccoli),1038,https://www.ksh.hu/docs/osztalyozasok/kn/kn2026_structure.xlsx,Hungarian Central Statistical Office,2026-10-04,083d065994fd2b41037aae21dc26087300a3a013e948e1884117abdd9d87ac56
2026,07042000,"Brussels sprouts, fresh or chilled",1039,https://www.ksh.hu/docs/osztalyozasok/kn/kn2026_structure.xlsx,Hungarian Central Statistical Office,2026-10-04,083d065994fd2b41037aae21dc26087300a3a013e948e1884117abdd9d87ac56
2026,07049010,"White and red cabbages, fresh or chilled",1040,https://www.ksh.hu/docs/osztalyozasok/kn/kn2026_structure.xlsx,Hungarian Central Statistical Office,2026-10-04,083d065994fd2b41037aae21dc26087300a3a013e948e1884117abdd9d87ac56
2026,07049090,"Kohlrabi, kale and similar edible brassicas, fresh or chilled (excl. cauliflowers, headed broccoli, Brussels sprouts, white and red cabbages)",1041,https://www.ksh.hu/docs/osztalyozasok/kn/kn2026_structure.xlsx,Hungarian Central Statistical Office,2026-10-04,083d065994fd2b41037aae21dc26087300a3a013e948e1884117abdd9d87ac56
2026,07051100,Fresh or chilled cabbage lettuce,1042,https://www.ksh.hu/docs/osztalyozasok/kn/kn2026_structure.xlsx,Hungarian Central Statistical Office,2026-10-04,083d065994fd2b41037aae21dc26087300a3a013e948e1884117abdd9d87ac56
2026,07051900,Fresh or chilled lettuce (excl. cabbage lettuce),1043,https://www.ksh.hu/docs/osztalyozasok/kn/kn2026_structure.xlsx,Hungarian Central Statistical Office,2026-10-04,083d065994fd2b41037aae21dc26087300a3a013e948e1884117abdd9d87ac56
2026,07052100,Fresh or chilled witloof chicory,1044,https://www.ksh.hu/docs/osztalyozasok/kn/kn2026_structure.xlsx,Hungarian Central Statistical Office,2026-10-04,083d065994fd2b41037aae21dc26087300a3a013e948e1884117abdd9d87ac56
2026,07052900,Fresh or chilled chicory (excl. witloof chicory),1045,https://www.ksh.hu/docs/osztalyozasok/kn/kn2026_structure.xlsx,Hungarian Central Statistical Office,2026-10-04,083d065994fd2b41037aae21dc26087300a3a013e948e1884117abdd9d87ac56
2026,07061000,Fresh or chilled carrots and turnips,1046,https://www.ksh.hu/docs/osztalyozasok/kn/kn2026_structure.xlsx,Hungarian Central Statistical Office,2026-10-04,083d065994fd2b41037aae21dc26087300a3a013e948e1884117abdd9d87ac56
2026,07069010,"Fresh or chilled celeriac ""rooted celery or German celery""",1047,https://www.ksh.hu/docs/osztalyozasok/kn/kn2026_structure.xlsx,Hungarian Central Statistical Office,2026-10-04,083d065994fd2b41037aae21dc26087300a3a013e948e1884117abdd9d87ac56
2026,07069030,"Fresh or chilled horse-radish ""Cochlearia armoracia""",1048,https://www.ksh.hu/docs/osztalyozasok/kn/kn2026_structure.xlsx,Hungarian Central Statistical Office,2026-10-04,083d065994fd2b41037aae21dc26087300a3a013e948e1884117abdd9d87ac56
2026,07069090,"Fresh or chilled salad beetroot, salsify, radishes and similar edible roots (excl. carrots, turnips, celeriac and horse-radish)",1049,https://www.ksh.hu/docs/osztalyozasok/kn/kn2026_structure.xlsx,Hungarian Central Statistical Office,2026-10-04,083d065994fd2b41037aae21dc26087300a3a013e948e1884117abdd9d87ac56
2026,07070005,"Cucumbers, fresh or chilled",1050,https://www.ksh.hu/docs/osztalyozasok/kn/kn2026_structure.xlsx,Hungarian Central Statistical Office,2026-10-04,083d065994fd2b41037aae21dc26087300a3a013e948e1884117abdd9d87ac56
2026,07070090,Fresh or chilled gherkins,1051,https://www.ksh.hu/docs/osztalyozasok/kn/kn2026_structure.xlsx,Hungarian Central Statistical Office,2026-10-04,083d065994fd2b41037aae21dc26087300a3a013e948e1884117abdd9d87ac56
2026,07081000,"Fresh or chilled peas ""Pisum sativum"", shelled or unshelled",1052,https://www.ksh.hu/docs/osztalyozasok/kn/kn2026_structure.xlsx,Hungarian Central Statistical Office,2026-10-04,083d065994fd2b41037aae21dc26087300a3a013e948e1884117abdd9d87ac56
2026,07082000,"Fresh or chilled beans ""Vigna spp., Phaseolus spp."", shelled or unshelled",1053,https://www.ksh.hu/docs/osztalyozasok/kn/kn2026_structure.xlsx,Hungarian Central Statistical Office,2026-10-04,083d065994fd2b41037aae21dc26087300a3a013e948e1884117abdd9d87ac56
2026,07089000,"Fresh or chilled leguminous vegetables, shelled or unshelled (excl. peas ""Pisum sativum"" and beans ""Vigna spp., Phaseolus spp."")",1054,https://www.ksh.hu/docs/osztalyozasok/kn/kn2026_structure.xlsx,Hungarian Central Statistical Office,2026-10-04,083d065994fd2b41037aae21dc26087300a3a013e948e1884117abdd9d87ac56
2026,07092000,Fresh or chilled asparagus,1055,https://www.ksh.hu/docs/osztalyozasok/kn/kn2026_structure.xlsx,Hungarian Central Statistical Office,2026-10-04,083d065994fd2b41037aae21dc26087300a3a013e948e1884117abdd9d87ac56
2026,07093000,"Fresh or chilled aubergines ""eggplants""",1056,https://www.ksh.hu/docs/osztalyozasok/kn/kn2026_structure.xlsx,Hungarian Central Statistical Office,2026-10-04,083d065994fd2b41037aae21dc26087300a3a013e948e1884117abdd9d87ac56
2026,07094000,Fresh or chilled celery (excl. celeriac),1057,https://www.ksh.hu/docs/osztalyozasok/kn/kn2026_structure.xlsx,Hungarian Central Statistical Office,2026-10-04,083d065994fd2b41037aae21dc26087300a3a013e948e1884117abdd9d87ac56
2026,07095100,"Fresh or chilled mushrooms of the genus ""Agaricus""",1058,https://www.ksh.hu/docs/osztalyozasok/kn/kn2026_structure.xlsx,Hungarian Central Statistical Office,2026-10-04,083d065994fd2b41037aae21dc26087300a3a013e948e1884117abdd9d87ac56
2026,07095200,Fresh or chilled mushrooms of the genus Boletus,1059,https://www.ksh.hu/docs/osztalyozasok/kn/kn2026_structure.xlsx,Hungarian Central Statistical Office,2026-10-04,083d065994fd2b41037aae21dc26087300a3a013e948e1884117abdd9d87ac56
2026,07095300,Fresh or chilled mushrooms of the genus Cantharellus,1060,https://www.ksh.hu/docs/osztalyozasok/kn/kn2026_structure.xlsx,Hungarian Central Statistical Office,2026-10-04,083d065994fd2b41037aae21dc26087300a3a013e948e1884117abdd9d87ac56
2026,07095400,"Fresh or chilled shiitake ""Lentinus edodes""",1061,https://www.ksh.hu/docs/osztalyozasok/kn/kn2026_structure.xlsx,Hungarian Central Statistical Office,2026-10-04,083d065994fd2b41037aae21dc26087300a3a013e948e1884117abdd9d87ac56
2026,07095500,"Fresh or chilled matsutake ""Tricholoma matsutake, Tricholoma magnivelare, Tricholoma anatolicum, Tricholoma dulciolens, Tricholoma caligatum""",1062,https://www.ksh.hu/docs/osztalyozasok/kn/kn2026_structure.xlsx,Hungarian Central Statistical Office,2026-10-04,083d065994fd2b41037aae21dc26087300a3a013e948e1884117abdd9d87ac56
2026,07095600,"Fresh or chilled truffles ""Tuber spp.""",1063,https://www.ksh.hu/docs/osztalyozasok/kn/kn2026_structure.xlsx,Hungarian Central Statistical Office,2026-10-04,083d065994fd2b41037aae21dc26087300a3a013e948e1884117abdd9d87ac56
2026,07095900,"Fresh or chilled edible mushrooms and truffles (excl. Agaricus, Boletus, Cantharellus, shiitake, matsutake and Tuber spp.)",1064,https://www.ksh.hu/docs/osztalyozasok/kn/kn2026_structure.xlsx,Hungarian Central Statistical Office,2026-10-04,083d065994fd2b41037aae21dc26087300a3a013e948e1884117abdd9d87ac56
2026,07096010,Fresh or chilled sweet peppers,1065,https://www.ksh.hu/docs/osztalyozasok/kn/kn2026_structure.xlsx,Hungarian Central Statistical Office,2026-10-04,083d065994fd2b41037aae21dc26087300a3a013e948e1884117abdd9d87ac56
2026,07096091,Fresh or chilled fruits of genus Capsicum for industrial manufacture of capsicin or capsicum oleoresin dyes,1066,https://www.ksh.hu/docs/osztalyozasok/kn/kn2026_structure.xlsx,Hungarian Central Statistical Office,2026-10-04,083d065994fd2b41037aae21dc26087300a3a013e948e1884117abdd9d87ac56
2026,07096095,Fresh or chilled fruits of genus Capsicum or Pimenta for industrial manufacture of essential oils or resinoids,1067,https://www.ksh.hu/docs/osztalyozasok/kn/kn2026_structure.xlsx,Hungarian Central Statistical Office,2026-10-04,083d065994fd2b41037aae21dc26087300a3a013e948e1884117abdd9d87ac56
2026,07096099,"Fresh or chilled fruits of genus Capsicum or Pimenta (excl. for industrial manufacture of capsicin or capsicum oleoresin dyes, for industrial manufacture of essential oils or resinoids, and sweet peppers)",1068,https://www.ksh.hu/docs/osztalyozasok/kn/kn2026_structure.xlsx,Hungarian Central Statistical Office,2026-10-04,083d065994fd2b41037aae21dc26087300a3a013e948e1884117abdd9d87ac56
2026,07097000,"Fresh or chilled spinach, New Zealand spinach and orache spinach",1069,https://www.ksh.hu/docs/osztalyozasok/kn/kn2026_structure.xlsx,Hungarian Central Statistical Office,2026-10-04,083d065994fd2b41037aae21dc26087300a3a013e948e1884117abdd9d87ac56
2026,07099100,Fresh or chilled globe artichokes,1070,https://www.ksh.hu/docs/osztalyozasok/kn/kn2026_structure.xlsx,Hungarian Central Statistical Office,2026-10-04,083d065994fd2b41037aae21dc26087300a3a013e948e1884117abdd9d87ac56
2026,07099210,Fresh or chilled olives (excl. for oil production),1071,https://www.ksh.hu/docs/osztalyozasok/kn/kn2026_structure.xlsx,Hungarian Central Statistical Office,2026-10-04,083d065994fd2b41037aae21dc26087300a3a013e948e1884117abdd9d87ac56
2026,07099290,Fresh or chilled olives for oil production,1072,https://www.ksh.hu/docs/osztalyozasok/kn/kn2026_structure.xlsx,Hungarian Central Statistical Office,2026-10-04,083d065994fd2b41037aae21dc26087300a3a013e948e1884117abdd9d87ac56
2026,07099310,Fresh or chilled courgettes,1073,https://www.ksh.hu/docs/osztalyozasok/kn/kn2026_structure.xlsx,Hungarian Central Statistical Office,2026-10-04,083d065994fd2b41037aae21dc26087300a3a013e948e1884117abdd9d87ac56
2026,07099390,"Fresh or chilled pumpkins, squash and gourds ""Cucurbita spp."" (excl. courgettes)",1074,https://www.ksh.hu/docs/osztalyozasok/kn/kn2026_structure.xlsx,Hungarian Central Statistical Office,2026-10-04,083d065994fd2b41037aae21dc26087300a3a013e948e1884117abdd9d87ac56
2026,07099910,Fresh or chilled salad vegetables (excl. lettuce and chicory),1075,https://www.ksh.hu/docs/osztalyozasok/kn/kn2026_structure.xlsx,Hungarian Central Statistical Office,2026-10-04,083d065994fd2b41037aae21dc26087300a3a013e948e1884117abdd9d87ac56
2026,07099920,"Fresh or chilled chard ""white beet"" and cardoons",1076,https://www.ksh.hu/docs/osztalyozasok/kn/kn2026_structure.xlsx,Hungarian Central Statistical Office,2026-10-04,083d065994fd2b41037aae21dc26087300a3a013e948e1884117abdd9d87ac56
2026,07099940,Fresh or chilled capers,1077,https://www.ksh.hu/docs/osztalyozasok/kn/kn2026_structure.xlsx,Hungarian Central Statistical Office,2026-10-04,083d065994fd2b41037aae21dc26087300a3a013e948e1884117abdd9d87ac56
2026,07099950,Fresh or chilled fennel,1078,https://www.ksh.hu/docs/osztalyozasok/kn/kn2026_structure.xlsx,Hungarian Central Statistical Office,2026-10-04,083d065994fd2b41037aae21dc26087300a3a013e948e1884117abdd9d87ac56
2026,07099960,Fresh or chilled sweetcorn,1079,https://www.ksh.hu/docs/osztalyozasok/kn/kn2026_structure.xlsx,Hungarian Central Statistical Office,2026-10-04,083d065994fd2b41037aae21dc26087300a3a013e948e1884117abdd9d87ac56
2026,07099990,Fresh or chilled vegetables n.e.s.,1080,https://www.ksh.hu/docs/osztalyozasok/kn/kn2026_structure.xlsx,Hungarian Central Statistical Office,2026-10-04,083d065994fd2b41037aae21dc26087300a3a013e948e1884117abdd9d87ac56
2026,07101000,"Potatoes, uncooked or cooked by steaming or by boiling in water, frozen",1081,https://www.ksh.hu/docs/osztalyozasok/kn/kn2026_structure.xlsx,Hungarian Central Statistical Office,2026-10-04,083d065994fd2b41037aae21dc26087300a3a013e948e1884117abdd9d87ac56
2026,07102100,"Shelled or unshelled peas ""Pisum sativum"", uncooked or cooked by steaming or by boiling in water, frozen",1082,https://www.ksh.hu/docs/osztalyozasok/kn/kn2026_structure.xlsx,Hungarian Central Statistical Office,2026-10-04,083d065994fd2b41037aae21dc26087300a3a013e948e1884117abdd9d87ac56
2026,07102200,"Shelled or unshelled beans ""Vigna spp., Phaseolus spp."", uncooked or cooked by steaming or by boiling in water, frozen",1083,https://www.ksh.hu/docs/osztalyozasok/kn/kn2026_structure.xlsx,Hungarian Central Statistical Office,2026-10-04,083d065994fd2b41037aae21dc26087300a3a013e948e1884117abdd9d87ac56
2026,07102900,"Leguminous vegetables, shelled or unshelled, uncooked or cooked by steaming or by boiling in water, frozen (excl. peas and beans)",1084,https://www.ksh.hu/docs/osztalyozasok/kn/kn2026_structure.xlsx,Hungarian Central Statistical Office,2026-10-04,083d065994fd2b41037aae21dc26087300a3a013e948e1884117abdd9d87ac56
2026,07103000,"Spinach, New Zealand spinach and orache spinach, uncooked or cooked by steaming or by boiling in water, frozen",1085,https://www.ksh.hu/docs/osztalyozasok/kn/kn2026_structure.xlsx,Hungarian Central Statistical Office,2026-10-04,083d065994fd2b41037aae21dc26087300a3a013e948e1884117abdd9d87ac56
2026,07104000,"Sweetcorn, uncooked or cooked by steaming or by boiling in water, frozen",1086,https://www.ksh.hu/docs/osztalyozasok/kn/kn2026_structure.xlsx,Hungarian Central Statistical Office,2026-10-04,083d065994fd2b41037aae21dc26087300a3a013e948e1884117abdd9d87ac56
2026,07108010,"Olives, uncooked or cooked by steaming or by boiling in water, frozen",1087,https://www.ksh.hu/docs/osztalyozasok/kn/kn2026_structure.xlsx,Hungarian Central Statistical Office,2026-10-04,083d065994fd2b41037aae21dc26087300a3a013e948e1884117abdd9d87ac56
2026,07108051,"Sweet peppers, uncooked or cooked by steaming or by boiling in water, frozen",1088,https://www.ksh.hu/docs/osztalyozasok/kn/kn2026_structure.xlsx,Hungarian Central Statistical Office,2026-10-04,083d065994fd2b41037aae21dc26087300a3a013e948e1884117abdd9d87ac56
2026,07108059,"Fruits of genus Capsicum or Pimenta, uncooked or cooked by steaming or by boiling in water, frozen (excl. sweet peppers)",1089,https://www.ksh.hu/docs/osztalyozasok/kn/kn2026_structure.xlsx,Hungarian Central Statistical Office,2026-10-04,083d065994fd2b41037aae21dc26087300a3a013e948e1884117abdd9d87ac56
2026,07108061,"Frozen mushrooms of the genus Agaricus, uncooked or cooked by steaming or by boiling in water",1090,https://www.ksh.hu/docs/osztalyozasok/kn/kn2026_structure.xlsx,Hungarian Central Statistical Office,2026-10-04,083d065994fd2b41037aae21dc26087300a3a013e948e1884117abdd9d87ac56
2026,07108069,"Frozen mushrooms, uncooked or cooked by steaming or by boiling in water (excl. of the genus Agaricus)",1091,https://www.ksh.hu/docs/osztalyozasok/kn/kn2026_structure.xlsx,Hungarian Central Statistical Office,2026-10-04,083d065994fd2b41037aae21dc26087300a3a013e948e1884117abdd9d87ac56
2026,07108070,"Tomatoes, uncooked or cooked by steaming or by boiling in water, frozen",1092,https://www.ksh.hu/docs/osztalyozasok/kn/kn2026_structure.xlsx,Hungarian Central Statistical Office,2026-10-04,083d065994fd2b41037aae21dc26087300a3a013e948e1884117abdd9d87ac56
2026,07108080,"Artichokes, uncooked or cooked by steaming or by boiling in water, frozen",1093,https://www.ksh.hu/docs/osztalyozasok/kn/kn2026_structure.xlsx,Hungarian Central Statistical Office,2026-10-04,083d065994fd2b41037aae21dc26087300a3a013e948e1884117abdd9d87ac56
2026,07108085,"Asparagus, whether or not cooked by boiling in water or by steaming, frozen",1094,https://www.ksh.hu/docs/osztalyozasok/kn/kn2026_structure.xlsx,Hungarian Central Statistical Office,2026-10-04,083d065994fd2b41037aae21dc26087300a3a013e948e1884117abdd9d87ac56
2026,07108095,"Vegetables, whether or not cooked by boiling in water or by steaming, frozen (excl. potatoes, leguminous vegetables, spinach, New Zealand spinach, orache spinach, sweetcorn, olives, fruits of the genus Capsicum or of the genus Pimenta, mushrooms, tomatoes, globe artichokes and asparagus)",1095,https://www.ksh.hu/docs/osztalyozasok/kn/kn2026_structure.xlsx,Hungarian Central Statistical Office,2026-10-04,083d065994fd2b41037aae21dc26087300a3a013e948e1884117abdd9d87ac56
2026,07109000,"Mixtures of vegetables, uncooked or cooked by steaming or by boiling in water, frozen",1096,https://www.ksh.hu/docs/osztalyozasok/kn/kn2026_structure.xlsx,Hungarian Central Statistical Office,2026-10-04,083d065994fd2b41037aae21dc26087300a3a013e948e1884117abdd9d87ac56
2026,07112010,"Olives provisionally preserved, e.g. by sulphur dioxide gas, in brine, in sulphur water or in other preservative solutions, but unsuitable in that state for immediate consumption (excl. for oil production)",1097,https://www.ksh.hu/docs/osztalyozasok/kn/kn2026_structure.xlsx,Hungarian Central Statistical Office,2026-10-04,083d065994fd2b41037aae21dc26087300a3a013e948e1884117abdd9d87ac56
2026,07112090,"Olives provisionally preserved, e.g. by sulphur dioxide gas, in brine, in sulphur water or in other preservative solutions, but unsuitable in that state for immediate consumption, for oil production",1098,https://www.ksh.hu/docs/osztalyozasok/kn/kn2026_structure.xlsx,Hungarian Central Statistical Office,2026-10-04,083d065994fd2b41037aae21dc26087300a3a013e948e1884117abdd9d87ac56
2026,07114000,"Cucumbers and gherkins provisionally preserved, e.g. by sulphur dioxide gas, in brine, in sulphur water or in other preservative solutions, but unsuitable in that state for immediate consumption",1099,https://www.ksh.hu/docs/osztalyozasok/kn/kn2026_structure.xlsx,Hungarian Central Statistical Office,2026-10-04,083d065994fd2b41037aae21dc26087300a3a013e948e1884117abdd9d87ac56
2026,07115100,"Mushrooms of the genus ""Agaricus"", provisionally preserved, e.g., by sulphur dioxide gas, in brine, in sulphur water or in other preservative solutions, but unsuitable in that state for immediate consumption",1100,https://www.ksh.hu/docs/osztalyozasok/kn/kn2026_structure.xlsx,Hungarian Central Statistical Office,2026-10-04,083d065994fd2b41037aae21dc26087300a3a013e948e1884117abdd9d87ac56
2026,07115900,"Mushrooms and truffles, provisionally preserved, e.g., by sulphur dioxide gas, in brine, in sulphur water or in other preservative solutions, but unsuitable in that state for immediate consumption (excl. mushrooms of the genus ""Agaricus"")",1101,https://www.ksh.hu/docs/osztalyozasok/kn/kn2026_structure.xlsx,Hungarian Central Statistical Office,2026-10-04,083d065994fd2b41037aae21dc26087300a3a013e948e1884117abdd9d87ac56
2026,07119010,"Fruits of genus Capsicum or Pimenta provisionally preserved, e.g. by sulphur dioxide gas, in brine, in sulphur water or in other preservative solutions, but unsuitable in that state for immediate consumption (excl. sweet pepper)",1102,https://www.ksh.hu/docs/osztalyozasok/kn/kn2026_structure.xlsx,Hungarian Central Statistical Office,2026-10-04,083d065994fd2b41037aae21dc26087300a3a013e948e1884117abdd9d87ac56
2026,07119030,"Sweetcorn provisionally preserved, e.g. by sulphur dioxide gas, in brine, in sulphur water or in other preservative solutions, but unsuitable in that state for immediate consumption",1103,https://www.ksh.hu/docs/osztalyozasok/kn/kn2026_structure.xlsx,Hungarian Central Statistical Office,2026-10-04,083d065994fd2b41037aae21dc26087300a3a013e948e1884117abdd9d87ac56
2026,07119050,"Onions provisionally preserved, e.g. by sulphur dioxide gas, in brine, in sulphur water or in other preservative solutions, but unsuitable in that state for immediate consumption",1104,https://www.ksh.hu/docs/osztalyozasok/kn/kn2026_structure.xlsx,Hungarian Central Statistical Office,2026-10-04,083d065994fd2b41037aae21dc26087300a3a013e948e1884117abdd9d87ac56
2026,07119070,"Capers provisionally preserved, e.g. by sulphur dioxide gas, in brine, in sulphur water or in other preservative solutions, but unsuitable in that state for immediate consumption",1105,https://www.ksh.hu/docs/osztalyozasok/kn/kn2026_structure.xlsx,Hungarian Central Statistical Office,2026-10-04,083d065994fd2b41037aae21dc26087300a3a013e948e1884117abdd9d87ac56
2026,07119080,"Vegetables provisionally preserved, e.g., by sulphur dioxide gas, in brine, in sulphur water or in other preservative solutions, but unsuitable in that state for immediate consumption (excl. olives, capers, cucumbers and gherkins, mushrooms, truffles, fruits of the genus Capsicum or of the genus Pimenta, other than sweet peppers, sweetcorn, onions and mixtures of vegetables)",1106,https://www.ksh.hu/docs/osztalyozasok/kn/kn2026_structure.xlsx,Hungarian Central Statistical Office,2026-10-04,083d065994fd2b41037aae21dc26087300a3a013e948e1884117abdd9d87ac56
2026,07119090,"Mixture of vegetables provisionally preserved, e.g. by sulphur dioxide gas, in brine, in sulphur water or in other preservative solutions, but unsuitable in that state for immediate consumption",1107,https://www.ksh.hu/docs/osztalyozasok/kn/kn2026_structure.xlsx,Hungarian Central Statistical Office,2026-10-04,083d065994fd2b41037aae21dc26087300a3a013e948e1884117abdd9d87ac56
2026,07122000,"Dried onions, whole, cut, sliced, broken or in powder, but not further prepared",1108,https://www.ksh.hu/docs/osztalyozasok/kn/kn2026_structure.xlsx,Hungarian Central Statistical Office,2026-10-04,083d065994fd2b41037aae21dc26087300a3a013e948e1884117abdd9d87ac56
2026,07123100,"Dried mushrooms of the genus ""Agaricus"", whole, cut, sliced, broken or in powder, but not further prepared",1109,https://www.ksh.hu/docs/osztalyozasok/kn/kn2026_structure.xlsx,Hungarian Central Statistical Office,2026-10-04,083d065994fd2b41037aae21dc26087300a3a013e948e1884117abdd9d87ac56
2026,07123200,"Dried wood ears ""Auricularia spp."", whole, cut, sliced, broken or in powder, but not further prepared",1110,https://www.ksh.hu/docs/osztalyozasok/kn/kn2026_structure.xlsx,Hungarian Central Statistical Office,2026-10-04,083d065994fd2b41037aae21dc26087300a3a013e948e1884117abdd9d87ac56
2026,07123300,"Dried jelly fungi ""Tremella spp."", whole, cut, sliced, broken or in powder, but not further prepared",1111,https://www.ksh.hu/docs/osztalyozasok/kn/kn2026_structure.xlsx,Hungarian Central Statistical Office,2026-10-04,083d065994fd2b41037aae21dc26087300a3a013e948e1884117abdd9d87ac56
2026,07123400,"Dried shiitake ""Lentinus edodes"", whole, cut, sliced, broken or in powder, but not further prepared",1112,https://www.ksh.hu/docs/osztalyozasok/kn/kn2026_structure.xlsx,Hungarian Central Statistical Office,2026-10-04,083d065994fd2b41037aae21dc26087300a3a013e948e1884117abdd9d87ac56
2026,07123900,"Dried mushrooms and truffles, whole, cut, sliced, broken or in powder, but not further prepared (excl. mushrooms of the genus ""Agaricus"", wood ears ""Auricularia spp."" and jelly fungi ""Tremella spp."")",1113,https://www.ksh.hu/docs/osztalyozasok/kn/kn2026_structure.xlsx,Hungarian Central Statistical Office,2026-10-04,083d065994fd2b41037aae21dc26087300a3a013e948e1884117abdd9d87ac56
2026,07129005,"Dried potatoes, whether or not cut or sliced, but not further prepared",1114,https://www.ksh.hu/docs/osztalyozasok/kn/kn2026_structure.xlsx,Hungarian Central Statistical Office,2026-10-04,083d065994fd2b41037aae21dc26087300a3a013e948e1884117abdd9d87ac56
2026,07129011,"Dried sweetcorn, hybrid, for sowing",1115,https://www.ksh.hu/docs/osztalyozasok/kn/kn2026_structure.xlsx,Hungarian Central Statistical Office,2026-10-04,083d065994fd2b41037aae21dc26087300a3a013e948e1884117abdd9d87ac56
2026,07129019,"Dried sweetcorn ""Zea mays var. saccharata"", whether or nor cut or sliced, but not further prepared (excl. hybrids for sowing)",1116,https://www.ksh.hu/docs/osztalyozasok/kn/kn2026_structure.xlsx,Hungarian Central Statistical Office,2026-10-04,083d065994fd2b41037aae21dc26087300a3a013e948e1884117abdd9d87ac56
2026,07129030,"Dried tomatoes, whole, cut, sliced, broken or in powder, but not further prepared",1117,https://www.ksh.hu/docs/osztalyozasok/kn/kn2026_structure.xlsx,Hungarian Central Statistical Office,2026-10-04,083d065994fd2b41037aae21dc26087300a3a013e948e1884117abdd9d87ac56
2026,07129050,"Dried carrots, whole, cut, sliced, broken or in powder, but not further prepared",1118,https://www.ksh.hu/docs/osztalyozasok/kn/kn2026_structure.xlsx,Hungarian Central Statistical Office,2026-10-04,083d065994fd2b41037aae21dc26087300a3a013e948e1884117abdd9d87ac56
2026,07129090,"Dried vegetables and mixtures of vegetables, whole, cut, sliced, broken or in powder, but not further prepared (excl. potatoes, onions, mushrooms, truffles, sweetcorn, tomatoes and carrots)",1119,https://www.ksh.hu/docs/osztalyozasok/kn/kn2026_structure.xlsx,Hungarian Central Statistical Office,2026-10-04,083d065994fd2b41037aae21dc26087300a3a013e948e1884117abdd9d87ac56
2026,07131010,"Peas, ""Pisum sativum"", dried and shelled, for sowing",1120,https://www.ksh.hu/docs/osztalyozasok/kn/kn2026_structure.xlsx,Hungarian Central Statistical Office,2026-10-04,083d065994fd2b41037aae21dc26087300a3a013e948e1884117abdd9d87ac56
2026,07131090,"Peas, ""Pisum sativum"", dried and shelled, whether or not skinned or split (excl. peas for sowing)",1121,https://www.ksh.hu/docs/osztalyozasok/kn/kn2026_structure.xlsx,Hungarian Central Statistical Office,2026-10-04,083d065994fd2b41037aae21dc26087300a3a013e948e1884117abdd9d87ac56
2026,07132000,"Dried, shelled chickpeas ""garbanzos"", whether or not skinned or split",1122,https://www.ksh.hu/docs/osztalyozasok/kn/kn2026_structure.xlsx,Hungarian Central Statistical Office,2026-10-04,083d065994fd2b41037aae21dc26087300a3a013e948e1884117abdd9d87ac56
2026,07133100,"Dried, shelled beans of species ""Vigna mungo [L.] Hepper or Vigna radiata [L.] Wilczek"", whether or not skinned or split",1123,https://www.ksh.hu/docs/osztalyozasok/kn/kn2026_structure.xlsx,Hungarian Central Statistical Office,2026-10-04,083d065994fd2b41037aae21dc26087300a3a013e948e1884117abdd9d87ac56
2026,07133200,"Dried, shelled small red ""Adzuki"" beans ""Phaseolus or Vigna angularis"", whether or not skinned or split",1124,https://www.ksh.hu/docs/osztalyozasok/kn/kn2026_structure.xlsx,Hungarian Central Statistical Office,2026-10-04,083d065994fd2b41037aae21dc26087300a3a013e948e1884117abdd9d87ac56
2026,07133310,"Dried, shelled kidney beans ""Phaseolus vulgaris"", for sowing",1125,https://www.ksh.hu/docs/osztalyozasok/kn/kn2026_structure.xlsx,Hungarian Central Statistical Office,2026-10-04,083d065994fd2b41037aae21dc26087300a3a013e948e1884117abdd9d87ac56
2026,07133390,"Dried, shelled kidney beans ""Phaseolus vulgaris"", whether or not skinned or split (excl. for sowing)",1126,https://www.ksh.hu/docs/osztalyozasok/kn/kn2026_structure.xlsx,Hungarian Central Statistical Office,2026-10-04,083d065994fd2b41037aae21dc26087300a3a013e948e1884117abdd9d87ac56
2026,07133400,"Dried, shelled bambara beans ""Vigna subterranea or Voandzeia subterranea"", whether or not skinned or split",1127,https://www.ksh.hu/docs/osztalyozasok/kn/kn2026_structure.xlsx,Hungarian Central Statistical Office,2026-10-04,083d065994fd2b41037aae21dc26087300a3a013e948e1884117abdd9d87ac56
2026,07133500,"Dried, shelled cow peas ""Vigna unguiculata"", whether or not skinned or split",1128,https://www.ksh.hu/docs/osztalyozasok/kn/kn2026_structure.xlsx,Hungarian Central Statistical Office,2026-10-04,083d065994fd2b41037aae21dc26087300a3a013e948e1884117abdd9d87ac56
2026,07133900,"Dried, shelled beans ""Vigna and Phaseolus"", whether or not skinned or split (excl. beans of species ""Vigna mungo [L.] Hepper or Vigna radiata [L.] Wilczek"", small red ""Adzuki"" beans, kidney beans, Bambara beans and cow peas)",1129,https://www.ksh.hu/docs/osztalyozasok/kn/kn2026_structure.xlsx,Hungarian Central Statistical Office,2026-10-04,083d065994fd2b41037aae21dc26087300a3a013e948e1884117abdd9d87ac56
2026,07134000,"Dried, shelled lentils, whether or not skinned or split",1130,https://www.ksh.hu/docs/osztalyozasok/kn/kn2026_structure.xlsx,Hungarian Central Statistical Office,2026-10-04,083d065994fd2b41037aae21dc26087300a3a013e948e1884117abdd9d87ac56
2026,07135000,"Dried, shelled broad beans ""Vicia faba var. major"" and horse beans ""Vicia faba var. equina and Vicia faba var. minor"", whether or not skinned or split",1131,https://www.ksh.hu/docs/osztalyozasok/kn/kn2026_structure.xlsx,Hungarian Central Statistical Office,2026-10-04,083d065994fd2b41037aae21dc26087300a3a013e948e1884117abdd9d87ac56
2026,07136000,"Dried, shelled pigeon peas ""Cajanus cajan"", whether or not skinned or split",1132,https://www.ksh.hu/docs/osztalyozasok/kn/kn2026_structure.xlsx,Hungarian Central Statistical Office,2026-10-04,083d065994fd2b41037aae21dc26087300a3a013e948e1884117abdd9d87ac56
2026,07139000,"Dried, shelled leguminous vegetables, whether or not skinned or split (excl. peas, chickpeas, beans, lentils, broad beans, horse beans and pigeon peas)",1133,https://www.ksh.hu/docs/osztalyozasok/kn/kn2026_structure.xlsx,Hungarian Central Statistical Office,2026-10-04,083d065994fd2b41037aae21dc26087300a3a013e948e1884117abdd9d87ac56
2026,07141000,"Manioc (cassava) fresh, chilled, frozen or dried, whether or not sliced or in the form of pellets",1134,https://www.ksh.hu/docs/osztalyozasok/kn/kn2026_structure.xlsx,Hungarian Central Statistical Office,2026-10-04,083d065994fd2b41037aae21dc26087300a3a013e948e1884117abdd9d87ac56
2026,07142010,"Sweet potatoes, fresh, whole, for human consumption",1135,https://www.ksh.hu/docs/osztalyozasok/kn/kn2026_structure.xlsx,Hungarian Central Statistical Office,2026-10-04,083d065994fd2b41037aae21dc26087300a3a013e948e1884117abdd9d87ac56
2026,07142090,"Sweet potatoes, fresh, chilled, frozen or dried, whether or not sliced or in the form of pellets (excl. fresh whole sweet potatoes used for human consumption)",1136,https://www.ksh.hu/docs/osztalyozasok/kn/kn2026_structure.xlsx,Hungarian Central Statistical Office,2026-10-04,083d065994fd2b41037aae21dc26087300a3a013e948e1884117abdd9d87ac56
2026,07143000,"Yams (Dioscorea spp.), fresh, chilled, frozen or dried, whether or not sliced or in the form of pellets",1137,https://www.ksh.hu/docs/osztalyozasok/kn/kn2026_structure.xlsx,Hungarian Central Statistical Office,2026-10-04,083d065994fd2b41037aae21dc26087300a3a013e948e1884117abdd9d87ac56
2026,07144000,"Taro (Colocasia spp.), fresh, chilled, frozen or dried, whether or not sliced or in the form of pellets",1138,https://www.ksh.hu/docs/osztalyozasok/kn/kn2026_structure.xlsx,Hungarian Central Statistical Office,2026-10-04,083d065994fd2b41037aae21dc26087300a3a013e948e1884117abdd9d87ac56
2026,07145000,"Yautia (Xanthosoma spp), fresh, chilled, frozen or dried, whether or not sliced or in the form of pellets",1139,https://www.ksh.hu/docs/osztalyozasok/kn/kn2026_structure.xlsx,Hungarian Central Statistical Office,2026-10-04,083d065994fd2b41037aae21dc26087300a3a013e948e1884117abdd9d87ac56
2026,07149020,"Arrowroot, salep and similar roots and tubers with high starch or inulin content, fresh, chilled, frozen or dried, whether or not sliced or in the form of pellets (excl. manioc ""cassava"", sweet potatoes, yams, taro and yautia)",1140,https://www.ksh.hu/docs/osztalyozasok/kn/kn2026_structure.xlsx,Hungarian Central Statistical Office,2026-10-04,083d065994fd2b41037aae21dc26087300a3a013e948e1884117abdd9d87ac56
2026,07149090,"Jerusalem artichokes and similar roots and tubers with high inulin content, fresh, chilled, frozen or dried, even sliced or in the form of pellets, and sago pith (excl. manioc, arrowroot, salep, sweet potatoes, yams, taro and yautia)",1141,https://www.ksh.hu/docs/osztalyozasok/kn/kn2026_structure.xlsx,Hungarian Central Statistical Office,2026-10-04,083d065994fd2b41037aae21dc26087300a3a013e948e1884117abdd9d87ac56
2026,09011100,Coffee (excl. roasted and decaffeinated),1270,https://www.ksh.hu/docs/osztalyozasok/kn/kn2026_structure.xlsx,Hungarian Central Statistical Office,2026-10-04,083d065994fd2b41037aae21dc26087300a3a013e948e1884117abdd9d87ac56
2026,09011200,Decaffeinated coffee (excl. roasted),1271,https://www.ksh.hu/docs/osztalyozasok/kn/kn2026_structure.xlsx,Hungarian Central Statistical Office,2026-10-04,083d065994fd2b41037aae21dc26087300a3a013e948e1884117abdd9d87ac56
2026,09012100,Roasted coffee (excl. decaffeinated),1272,https://www.ksh.hu/docs/osztalyozasok/kn/kn2026_structure.xlsx,Hungarian Central Statistical Office,2026-10-04,083d065994fd2b41037aae21dc26087300a3a013e948e1884117abdd9d87ac56
2026,09012200,"Roasted, decaffeinated coffee",1273,https://www.ksh.hu/docs/osztalyozasok/kn/kn2026_structure.xlsx,Hungarian Central Statistical Office,2026-10-04,083d065994fd2b41037aae21dc26087300a3a013e948e1884117abdd9d87ac56
2026,09019010,Coffee husks and skins,1274,https://www.ksh.hu/docs/osztalyozasok/kn/kn2026_structure.xlsx,Hungarian Central Statistical Office,2026-10-04,083d065994fd2b41037aae21dc26087300a3a013e948e1884117abdd9d87ac56
2026,09019090,Coffee substitutes containing coffee in any proportion,1275,https://www.ksh.hu/docs/osztalyozasok/kn/kn2026_structure.xlsx,Hungarian Central Statistical Office,2026-10-04,083d065994fd2b41037aae21dc26087300a3a013e948e1884117abdd9d87ac56
2026,09021000,Green tea in immediate packings of <= 3 kg,1276,https://www.ksh.hu/docs/osztalyozasok/kn/kn2026_structure.xlsx,Hungarian Central Statistical Office,2026-10-04,083d065994fd2b41037aae21dc26087300a3a013e948e1884117abdd9d87ac56
2026,09022000,Green tea in immediate packings of > 3 kg,1277,https://www.ksh.hu/docs/osztalyozasok/kn/kn2026_structure.xlsx,Hungarian Central Statistical Office,2026-10-04,083d065994fd2b41037aae21dc26087300a3a013e948e1884117abdd9d87ac56
2026,09023000,"Black fermented tea and partly fermented tea, whether or not flavoured, in immediate packings of <= 3 kg",1278,https://www.ksh.hu/docs/osztalyozasok/kn/kn2026_structure.xlsx,Hungarian Central Statistical Office,2026-10-04,083d065994fd2b41037aae21dc26087300a3a013e948e1884117abdd9d87ac56
2026,09024000,"Black fermented tea and partly fermented tea, whether or not flavoured, in immediate packings of > 3 kg",1279,https://www.ksh.hu/docs/osztalyozasok/kn/kn2026_structure.xlsx,Hungarian Central Statistical Office,2026-10-04,083d065994fd2b41037aae21dc26087300a3a013e948e1884117abdd9d87ac56
2026,09030000,Mate,1280,https://www.ksh.hu/docs/osztalyozasok/kn/kn2026_structure.xlsx,Hungarian Central Statistical Office,2026-10-04,083d065994fd2b41037aae21dc26087300a3a013e948e1884117abdd9d87ac56
2026,09041100,"Pepper of the genus Piper, neither crushed nor ground",1281,https://www.ksh.hu/docs/osztalyozasok/kn/kn2026_structure.xlsx,Hungarian Central Statistical Office,2026-10-04,083d065994fd2b41037aae21dc26087300a3a013e948e1884117abdd9d87ac56
2026,09041200,"Pepper of the genus Piper, crushed or ground",1282,https://www.ksh.hu/docs/osztalyozasok/kn/kn2026_structure.xlsx,Hungarian Central Statistical Office,2026-10-04,083d065994fd2b41037aae21dc26087300a3a013e948e1884117abdd9d87ac56
2026,09042110,Dried sweet peppers (excl. crushed or ground),1283,https://www.ksh.hu/docs/osztalyozasok/kn/kn2026_structure.xlsx,Hungarian Central Statistical Office,2026-10-04,083d065994fd2b41037aae21dc26087300a3a013e948e1884117abdd9d87ac56
2026,09042190,"Dried fruit of genus Capsicum or Pimenta, neither crushed nor ground (excl. sweet peppers)",1284,https://www.ksh.hu/docs/osztalyozasok/kn/kn2026_structure.xlsx,Hungarian Central Statistical Office,2026-10-04,083d065994fd2b41037aae21dc26087300a3a013e948e1884117abdd9d87ac56
2026,09042200,"Fruits of the genus Capsicum or of the genus Pimenta, crushed or ground",1285,https://www.ksh.hu/docs/osztalyozasok/kn/kn2026_structure.xlsx,Hungarian Central Statistical Office,2026-10-04,083d065994fd2b41037aae21dc26087300a3a013e948e1884117abdd9d87ac56
2026,09051000,"Vanilla, neither crushed nor ground",1286,https://www.ksh.hu/docs/osztalyozasok/kn/kn2026_structure.xlsx,Hungarian Central Statistical Office,2026-10-04,083d065994fd2b41037aae21dc26087300a3a013e948e1884117abdd9d87ac56
2026,09052000,"Vanilla, crushed or ground",1287,https://www.ksh.hu/docs/osztalyozasok/kn/kn2026_structure.xlsx,Hungarian Central Statistical Office,2026-10-04,083d065994fd2b41037aae21dc26087300a3a013e948e1884117abdd9d87ac56
2026,09061100,"Cinnamon ""Cinnamomum zeylanicum Blume"" (excl. crushed and ground)",1288,https://www.ksh.hu/docs/osztalyozasok/kn/kn2026_structure.xlsx,Hungarian Central Statistical Office,2026-10-04,083d065994fd2b41037aae21dc26087300a3a013e948e1884117abdd9d87ac56
2026,09061900,"Cinnamon and cinnamon-tree flowers (excl. cinnamon ""Cinnamomum zeylanicum Blume"" and crushed and ground cinnamon)",1289,https://www.ksh.hu/docs/osztalyozasok/kn/kn2026_structure.xlsx,Hungarian Central Statistical Office,2026-10-04,083d065994fd2b41037aae21dc26087300a3a013e948e1884117abdd9d87ac56
2026,09062000,Crushed or ground cinnamon and cinnamon-tree flowers,1290,https://www.ksh.hu/docs/osztalyozasok/kn/kn2026_structure.xlsx,Hungarian Central Statistical Office,2026-10-04,083d065994fd2b41037aae21dc26087300a3a013e948e1884117abdd9d87ac56
2026,09071000,"Cloves, whole fruit, cloves and stems, neither crushed nor ground",1291,https://www.ksh.hu/docs/osztalyozasok/kn/kn2026_structure.xlsx,Hungarian Central Statistical Office,2026-10-04,083d065994fd2b41037aae21dc26087300a3a013e948e1884117abdd9d87ac56
2026,09072000,"Cloves, whole fruit, cloves and stems, crushed or ground",1292,https://www.ksh.hu/docs/osztalyozasok/kn/kn2026_structure.xlsx,Hungarian Central Statistical Office,2026-10-04,083d065994fd2b41037aae21dc26087300a3a013e948e1884117abdd9d87ac56
2026,09081100,"Nutmeg, neither crushed nor ground",1293,https://www.ksh.hu/docs/osztalyozasok/kn/kn2026_structure.xlsx,Hungarian Central Statistical Office,2026-10-04,083d065994fd2b41037aae21dc26087300a3a013e948e1884117abdd9d87ac56
2026,09081200,"Nutmeg, crushed or ground",1294,https://www.ksh.hu/docs/osztalyozasok/kn/kn2026_structure.xlsx,Hungarian Central Statistical Office,2026-10-04,083d065994fd2b41037aae21dc26087300a3a013e948e1884117abdd9d87ac56
2026,09082100,"Mace, neither crushed nor ground",1295,https://www.ksh.hu/docs/osztalyozasok/kn/kn2026_structure.xlsx,Hungarian Central Statistical Office,2026-10-04,083d065994fd2b41037aae21dc26087300a3a013e948e1884117abdd9d87ac56
2026,09082200,"Mace, crushed or ground",1296,https://www.ksh.hu/docs/osztalyozasok/kn/kn2026_structure.xlsx,Hungarian Central Statistical Office,2026-10-04,083d065994fd2b41037aae21dc26087300a3a013e948e1884117abdd9d87ac56
2026,09083100,"Cardamoms, neither crushed nor ground",1297,https://www.ksh.hu/docs/osztalyozasok/kn/kn2026_structure.xlsx,Hungarian Central Statistical Office,2026-10-04,083d065994fd2b41037aae21dc26087300a3a013e948e1884117abdd9d87ac56
2026,09083200,"Cardamoms, crushed or ground",1298,https://www.ksh.hu/docs/osztalyozasok/kn/kn2026_structure.xlsx,Hungarian Central Statistical Office,2026-10-04,083d065994fd2b41037aae21dc26087300a3a013e948e1884117abdd9d87ac56
2026,09092100,"Coriander seeds, neither crushed nor ground",1299,https://www.ksh.hu/docs/osztalyozasok/kn/kn2026_structure.xlsx,Hungarian Central Statistical Office,2026-10-04,083d065994fd2b41037aae21dc26087300a3a013e948e1884117abdd9d87ac56
2026,09092200,"Coriander seeds, crushed or ground",1300,https://www.ksh.hu/docs/osztalyozasok/kn/kn2026_structure.xlsx,Hungarian Central Statistical Office,2026-10-04,083d065994fd2b41037aae21dc26087300a3a013e948e1884117abdd9d87ac56
2026,09093100,"Cumin seeds, neither crushed nor ground",1301,https://www.ksh.hu/docs/osztalyozasok/kn/kn2026_structure.xlsx,Hungarian Central Statistical Office,2026-10-04,083d065994fd2b41037aae21dc26087300a3a013e948e1884117abdd9d87ac56
2026,09093200,"Cumin seeds, crushed or ground",1302,https://www.ksh.hu/docs/osztalyozasok/kn/kn2026_structure.xlsx,Hungarian Central Statistical Office,2026-10-04,083d065994fd2b41037aae21dc26087300a3a013e948e1884117abdd9d87ac56
2026,09096100,"Juniper berries and seeds of anise, badian, caraway or fennel, neither crushed nor ground",1303,https://www.ksh.hu/docs/osztalyozasok/kn/kn2026_structure.xlsx,Hungarian Central Statistical Office,2026-10-04,083d065994fd2b41037aae21dc26087300a3a013e948e1884117abdd9d87ac56
2026,09096200,"Juniper berries and seeds of anise, badian, caraway or fennel, crushed or ground",1304,https://www.ksh.hu/docs/osztalyozasok/kn/kn2026_structure.xlsx,Hungarian Central Statistical Office,2026-10-04,083d065994fd2b41037aae21dc26087300a3a013e948e1884117abdd9d87ac56
2026,09101100,"Ginger, neither crushed nor ground",1305,https://www.ksh.hu/docs/osztalyozasok/kn/kn2026_structure.xlsx,Hungarian Central Statistical Office,2026-10-04,083d065994fd2b41037aae21dc26087300a3a013e948e1884117abdd9d87ac56
2026,09101200,"Ginger, crushed or ground",1306,https://www.ksh.hu/docs/osztalyozasok/kn/kn2026_structure.xlsx,Hungarian Central Statistical Office,2026-10-04,083d065994fd2b41037aae21dc26087300a3a013e948e1884117abdd9d87ac56
2026,09102010,Saffron (excl. crushed or ground),1307,https://www.ksh.hu/docs/osztalyozasok/kn/kn2026_structure.xlsx,Hungarian Central Statistical Office,2026-10-04,083d065994fd2b41037aae21dc26087300a3a013e948e1884117abdd9d87ac56
2026,09102090,Crushed or ground saffron,1308,https://www.ksh.hu/docs/osztalyozasok/kn/kn2026_structure.xlsx,Hungarian Central Statistical Office,2026-10-04,083d065994fd2b41037aae21dc26087300a3a013e948e1884117abdd9d87ac56
2026,09103000,"Turmeric ""curcuma""",1309,https://www.ksh.hu/docs/osztalyozasok/kn/kn2026_structure.xlsx,Hungarian Central Statistical Office,2026-10-04,083d065994fd2b41037aae21dc26087300a3a013e948e1884117abdd9d87ac56
2026,09109105,Curry,1310,https://www.ksh.hu/docs/osztalyozasok/kn/kn2026_structure.xlsx,Hungarian Central Statistical Office,2026-10-04,083d065994fd2b41037aae21dc26087300a3a013e948e1884117abdd9d87ac56
2026,09109110,Mixtures of different types of spices (excl. crushed or ground),1311,https://www.ksh.hu/docs/osztalyozasok/kn/kn2026_structure.xlsx,Hungarian Central Statistical Office,2026-10-04,083d065994fd2b41037aae21dc26087300a3a013e948e1884117abdd9d87ac56
2026,09109190,Crushed or ground mixtures of different types of spices,1312,https://www.ksh.hu/docs/osztalyozasok/kn/kn2026_structure.xlsx,Hungarian Central Statistical Office,2026-10-04,083d065994fd2b41037aae21dc26087300a3a013e948e1884117abdd9d87ac56
2026,09109910,Fenugreek seed,1313,https://www.ksh.hu/docs/osztalyozasok/kn/kn2026_structure.xlsx,Hungarian Central Statistical Office,2026-10-04,083d065994fd2b41037aae21dc26087300a3a013e948e1884117abdd9d87ac56
2026,09109931,"Wild thyme ""Thymus serpyllum"" (excl. crushed or ground)",1314,https://www.ksh.hu/docs/osztalyozasok/kn/kn2026_structure.xlsx,Hungarian Central Statistical Office,2026-10-04,083d065994fd2b41037aae21dc26087300a3a013e948e1884117abdd9d87ac56
2026,09109933,Thyme (excl. crushed or ground and wild thyme),1315,https://www.ksh.hu/docs/osztalyozasok/kn/kn2026_structure.xlsx,Hungarian Central Statistical Office,2026-10-04,083d065994fd2b41037aae21dc26087300a3a013e948e1884117abdd9d87ac56
2026,09109939,Crushed or ground thyme,1316,https://www.ksh.hu/docs/osztalyozasok/kn/kn2026_structure.xlsx,Hungarian Central Statistical Office,2026-10-04,083d065994fd2b41037aae21dc26087300a3a013e948e1884117abdd9d87ac56
2026,09109950,Bay leaves,1317,https://www.ksh.hu/docs/osztalyozasok/kn/kn2026_structure.xlsx,Hungarian Central Statistical Office,2026-10-04,083d065994fd2b41037aae21dc26087300a3a013e948e1884117abdd9d87ac56
2026,09109991,"Spices, neither crushed nor ground (excl. pepper of the genus Piper, fruit of the genus Capsicum or of the genus Pimenta, vanilla, cinnamon, cinnamontree flowers, cloves ""wholefruit"", clove stems, nutmeg, mace, cardamoms, seeds of anise, badian, fennel, coriander, cumin and caraway, and juniper berries, ginger, saffron, turmeric ""curcuma"", thyme, bay leaves, curry and seeds of fenugreek, and mixtures of various types of spices)",1318,https://www.ksh.hu/docs/osztalyozasok/kn/kn2026_structure.xlsx,Hungarian Central Statistical Office,2026-10-04,083d065994fd2b41037aae21dc26087300a3a013e948e1884117abdd9d87ac56
2026,09109999,"Spices, crushed or ground (excl. pepper of the genus Piper, fruit of the genus Capsicum or of the genus Pimenta, vanilla, cinnamon, cinnamontree flowers, clove ""wholefruit"", clove stems, nutmeg, mace, cardamoms, seeds of anise, badian, fennel, coriander, cumin and caraway, and juniper berries, ginger, saffron, turmeric ""curcuma"", thyme, bay leaves, curry and seeds of fenugreek, and mixtures of various types of spices)",1319,https://www.ksh.hu/docs/osztalyozasok/kn/kn2026_structure.xlsx,Hungarian Central Statistical Office,2026-10-04,083d065994fd2b41037aae21dc26087300a3a013e948e1884117abdd9d87ac56
2026,10011100,Durum wheat seed for sowing,1320,https://www.ksh.hu/docs/osztalyozasok/kn/kn2026_structure.xlsx,Hungarian Central Statistical Office,2026-10-04,083d065994fd2b41037aae21dc26087300a3a013e948e1884117abdd9d87ac56
2026,10011900,Durum wheat (excl. seed for sowing),1321,https://www.ksh.hu/docs/osztalyozasok/kn/kn2026_structure.xlsx,Hungarian Central Statistical Office,2026-10-04,083d065994fd2b41037aae21dc26087300a3a013e948e1884117abdd9d87ac56
2026,10019110,Spelt seed for sowing,1322,https://www.ksh.hu/docs/osztalyozasok/kn/kn2026_structure.xlsx,Hungarian Central Statistical Office,2026-10-04,083d065994fd2b41037aae21dc26087300a3a013e948e1884117abdd9d87ac56
2026,10019120,"Seed of common wheat or meslin, for sowing",1323,https://www.ksh.hu/docs/osztalyozasok/kn/kn2026_structure.xlsx,Hungarian Central Statistical Office,2026-10-04,083d065994fd2b41037aae21dc26087300a3a013e948e1884117abdd9d87ac56
2026,10019190,"Wheat seed for sowing (excl. durum, common wheat and spelt)",1324,https://www.ksh.hu/docs/osztalyozasok/kn/kn2026_structure.xlsx,Hungarian Central Statistical Office,2026-10-04,083d065994fd2b41037aae21dc26087300a3a013e948e1884117abdd9d87ac56
2026,10019900,"Wheat and meslin (excl. seed for sowing, and durum wheat)",1325,https://www.ksh.hu/docs/osztalyozasok/kn/kn2026_structure.xlsx,Hungarian Central Statistical Office,2026-10-04,083d065994fd2b41037aae21dc26087300a3a013e948e1884117abdd9d87ac56
2026,10021000,Rye seed for sowing,1326,https://www.ksh.hu/docs/osztalyozasok/kn/kn2026_structure.xlsx,Hungarian Central Statistical Office,2026-10-04,083d065994fd2b41037aae21dc26087300a3a013e948e1884117abdd9d87ac56
2026,10029000,Rye (excl. seed for sowing),1327,https://www.ksh.hu/docs/osztalyozasok/kn/kn2026_structure.xlsx,Hungarian Central Statistical Office,2026-10-04,083d065994fd2b41037aae21dc26087300a3a013e948e1884117abdd9d87ac56
2026,10031000,Barley seed for sowing,1328,https://www.ksh.hu/docs/osztalyozasok/kn/kn2026_structure.xlsx,Hungarian Central Statistical Office,2026-10-04,083d065994fd2b41037aae21dc26087300a3a013e948e1884117abdd9d87ac56
2026,10039000,Barley (excl. seed for sowing),1329,https://www.ksh.hu/docs/osztalyozasok/kn/kn2026_structure.xlsx,Hungarian Central Statistical Office,2026-10-04,083d065994fd2b41037aae21dc26087300a3a013e948e1884117abdd9d87ac56
2026,10041000,Oats seed for sowing,1330,https://www.ksh.hu/docs/osztalyozasok/kn/kn2026_structure.xlsx,Hungarian Central Statistical Office,2026-10-04,083d065994fd2b41037aae21dc26087300a3a013e948e1884117abdd9d87ac56
2026,10049000,Oats (excl. seed for sowing),1331,https://www.ksh.hu/docs/osztalyozasok/kn/kn2026_structure.xlsx,Hungarian Central Statistical Office,2026-10-04,083d065994fd2b41037aae21dc26087300a3a013e948e1884117abdd9d87ac56
2026,10051013,Three-cross hybrid maize seed for sowing,1332,https://www.ksh.hu/docs/osztalyozasok/kn/kn2026_structure.xlsx,Hungarian Central Statistical Office,2026-10-04,083d065994fd2b41037aae21dc26087300a3a013e948e1884117abdd9d87ac56
2026,10051015,Simple hybrid maize seed for sowing,1333,https://www.ksh.hu/docs/osztalyozasok/kn/kn2026_structure.xlsx,Hungarian Central Statistical Office,2026-10-04,083d065994fd2b41037aae21dc26087300a3a013e948e1884117abdd9d87ac56
2026,10051018,Hybrid maize seed for sowing (excl. three-cross and simple hybrid seed),1334,https://www.ksh.hu/docs/osztalyozasok/kn/kn2026_structure.xlsx,Hungarian Central Statistical Office,2026-10-04,083d065994fd2b41037aae21dc26087300a3a013e948e1884117abdd9d87ac56
2026,10051090,Maize seed for sowing (excl. hybrid),1335,https://www.ksh.hu/docs/osztalyozasok/kn/kn2026_structure.xlsx,Hungarian Central Statistical Office,2026-10-04,083d065994fd2b41037aae21dc26087300a3a013e948e1884117abdd9d87ac56
2026,10059000,Maize (excl. seed for sowing),1336,https://www.ksh.hu/docs/osztalyozasok/kn/kn2026_structure.xlsx,Hungarian Central Statistical Office,2026-10-04,083d065994fd2b41037aae21dc26087300a3a013e948e1884117abdd9d87ac56
2026,10061010,Rice in husk for sowing,1337,https://www.ksh.hu/docs/osztalyozasok/kn/kn2026_structure.xlsx,Hungarian Central Statistical Office,2026-10-04,083d065994fd2b41037aae21dc26087300a3a013e948e1884117abdd9d87ac56
2026,10061030,Round grain rice in husk,1338,https://www.ksh.hu/docs/osztalyozasok/kn/kn2026_structure.xlsx,Hungarian Central Statistical Office,2026-10-04,083d065994fd2b41037aae21dc26087300a3a013e948e1884117abdd9d87ac56
2026,10061050,Medium grain rice in husk,1339,https://www.ksh.hu/docs/osztalyozasok/kn/kn2026_structure.xlsx,Hungarian Central Statistical Office,2026-10-04,083d065994fd2b41037aae21dc26087300a3a013e948e1884117abdd9d87ac56
2026,10061071,"Long grain rice in husk, length-width ratio > 2 but < 3",1340,https://www.ksh.hu/docs/osztalyozasok/kn/kn2026_structure.xlsx,Hungarian Central Statistical Office,2026-10-04,083d065994fd2b41037aae21dc26087300a3a013e948e1884117abdd9d87ac56
2026,10061079,"Long grain rice in husk, length-width ratio >= 3",1341,https://www.ksh.hu/docs/osztalyozasok/kn/kn2026_structure.xlsx,Hungarian Central Statistical Office,2026-10-04,083d065994fd2b41037aae21dc26087300a3a013e948e1884117abdd9d87ac56
2026,10061090,"Rice in husk (excl. round, medium and long grain)",1342,https://www.ksh.hu/docs/osztalyozasok/kn/kn2026_structure.xlsx,Hungarian Central Statistical Office,2026-10-04,083d065994fd2b41037aae21dc26087300a3a013e948e1884117abdd9d87ac56
2026,10062011,"Round grain husked [brown] rice, parboiled",1343,https://www.ksh.hu/docs/osztalyozasok/kn/kn2026_structure.xlsx,Hungarian Central Statistical Office,2026-10-04,083d065994fd2b41037aae21dc26087300a3a013e948e1884117abdd9d87ac56
2026,10062013,"Medium grain husked [brown] rice, parboiled",1344,https://www.ksh.hu/docs/osztalyozasok/kn/kn2026_structure.xlsx,Hungarian Central Statistical Office,2026-10-04,083d065994fd2b41037aae21dc26087300a3a013e948e1884117abdd9d87ac56
2026,10062015,"Long grain husked [brown] rice, length-width ratio > 2 but < 3, parboiled",1345,https://www.ksh.hu/docs/osztalyozasok/kn/kn2026_structure.xlsx,Hungarian Central Statistical Office,2026-10-04,083d065994fd2b41037aae21dc26087300a3a013e948e1884117abdd9d87ac56
2026,10062017,"Long grain husked [brown] rice, length-width ratio >= 3, parboiled",1346,https://www.ksh.hu/docs/osztalyozasok/kn/kn2026_structure.xlsx,Hungarian Central Statistical Office,2026-10-04,083d065994fd2b41037aae21dc26087300a3a013e948e1884117abdd9d87ac56
2026,10062019,"Husked [brown] rice, parboiled (excl. round, medium and long grain)",1347,https://www.ksh.hu/docs/osztalyozasok/kn/kn2026_structure.xlsx,Hungarian Central Statistical Office,2026-10-04,083d065994fd2b41037aae21dc26087300a3a013e948e1884117abdd9d87ac56
2026,10062092,Round grain husked [brown] rice (excl. parboiled),1348,https://www.ksh.hu/docs/osztalyozasok/kn/kn2026_structure.xlsx,Hungarian Central Statistical Office,2026-10-04,083d065994fd2b41037aae21dc26087300a3a013e948e1884117abdd9d87ac56
2026,10062094,Medium grain husked [brown] rice (excl. parboiled),1349,https://www.ksh.hu/docs/osztalyozasok/kn/kn2026_structure.xlsx,Hungarian Central Statistical Office,2026-10-04,083d065994fd2b41037aae21dc26087300a3a013e948e1884117abdd9d87ac56
2026,10062096,"Long grain husked [brown] rice, length-width ratio > 2 but < 3 (excl. parboiled)",1350,https://www.ksh.hu/docs/osztalyozasok/kn/kn2026_structure.xlsx,Hungarian Central Statistical Office,2026-10-04,083d065994fd2b41037aae21dc26087300a3a013e948e1884117abdd9d87ac56
2026,10062098,"Long grain husked [brown] rice, length-width ratio >= 3 (excl. parboiled)",1351,https://www.ksh.hu/docs/osztalyozasok/kn/kn2026_structure.xlsx,Hungarian Central Statistical Office,2026-10-04,083d065994fd2b41037aae21dc26087300a3a013e948e1884117abdd9d87ac56
2026,10062099,"Husked [brown] rice (excl. round, medium and long grain, and parboiled)",1352,https://www.ksh.hu/docs/osztalyozasok/kn/kn2026_structure.xlsx,Hungarian Central Statistical Office,2026-10-04,083d065994fd2b41037aae21dc26087300a3a013e948e1884117abdd9d87ac56
2026,10063021,"Semi-milled round grain rice, parboiled",1353,https://www.ksh.hu/docs/osztalyozasok/kn/kn2026_structure.xlsx,Hungarian Central Statistical Office,2026-10-04,083d065994fd2b41037aae21dc26087300a3a013e948e1884117abdd9d87ac56
2026,10063023,"Semi-milled medium grain rice, parboiled",1354,https://www.ksh.hu/docs/osztalyozasok/kn/kn2026_structure.xlsx,Hungarian Central Statistical Office,2026-10-04,083d065994fd2b41037aae21dc26087300a3a013e948e1884117abdd9d87ac56
2026,10063025,"Semi-milled long grain rice, length-width ratio > 2 but < 3, parboiled",1355,https://www.ksh.hu/docs/osztalyozasok/kn/kn2026_structure.xlsx,Hungarian Central Statistical Office,2026-10-04,083d065994fd2b41037aae21dc26087300a3a013e948e1884117abdd9d87ac56
2026,10063027,"Semi-milled long grain rice, length-width ratio >= 3, parboiled",1356,https://www.ksh.hu/docs/osztalyozasok/kn/kn2026_structure.xlsx,Hungarian Central Statistical Office,2026-10-04,083d065994fd2b41037aae21dc26087300a3a013e948e1884117abdd9d87ac56
2026,10063029,"Semi-milled rice, parboiled (excl. round, medium and long grain)",1357,https://www.ksh.hu/docs/osztalyozasok/kn/kn2026_structure.xlsx,Hungarian Central Statistical Office,2026-10-04,083d065994fd2b41037aae21dc26087300a3a013e948e1884117abdd9d87ac56
2026,10063042,Semi-milled round grain rice (excl. parboiled),1358,https://www.ksh.hu/docs/osztalyozasok/kn/kn2026_structure.xlsx,Hungarian Central Statistical Office,2026-10-04,083d065994fd2b41037aae21dc26087300a3a013e948e1884117abdd9d87ac56
2026,10063044,Semi-milled medium grain rice (excl. parboiled),1359,https://www.ksh.hu/docs/osztalyozasok/kn/kn2026_structure.xlsx,Hungarian Central Statistical Office,2026-10-04,083d065994fd2b41037aae21dc26087300a3a013e948e1884117abdd9d87ac56
2026,10063046,"Semi-milled long grain rice, length-width ratio > 2 but < 3 (excl. parboiled)",1360,https://www.ksh.hu/docs/osztalyozasok/kn/kn2026_structure.xlsx,Hungarian Central Statistical Office,2026-10-04,083d065994fd2b41037aae21dc26087300a3a013e948e1884117abdd9d87ac56
2026,10063048,"Semi-milled long grain rice, length-width ratio >= 3 (excl. parboiled)",1361,https://www.ksh.hu/docs/osztalyozasok/kn/kn2026_structure.xlsx,Hungarian Central Statistical Office,2026-10-04,083d065994fd2b41037aae21dc26087300a3a013e948e1884117abdd9d87ac56
2026,10063049,"Semi-milled rice (excl. round, medium and long grain, and parboiled)",1362,https://www.ksh.hu/docs/osztalyozasok/kn/kn2026_structure.xlsx,Hungarian Central Statistical Office,2026-10-04,083d065994fd2b41037aae21dc26087300a3a013e948e1884117abdd9d87ac56
2026,10063061,"Wholly milled round grain rice, parboiled, whether or not polished or glazed",1363,https://www.ksh.hu/docs/osztalyozasok/kn/kn2026_structure.xlsx,Hungarian Central Statistical Office,2026-10-04,083d065994fd2b41037aae21dc26087300a3a013e948e1884117abdd9d87ac56
2026,10063063,"Wholly milled medium grain rice, parboiled, whether or not polished or glazed",1364,https://www.ksh.hu/docs/osztalyozasok/kn/kn2026_structure.xlsx,Hungarian Central Statistical Office,2026-10-04,083d065994fd2b41037aae21dc26087300a3a013e948e1884117abdd9d87ac56
2026,10063065,"Wholly milled long grain rice, length-width ratio > 2 but < 3, parboiled, whether or not polished or glazed",1365,https://www.ksh.hu/docs/osztalyozasok/kn/kn2026_structure.xlsx,Hungarian Central Statistical Office,2026-10-04,083d065994fd2b41037aae21dc26087300a3a013e948e1884117abdd9d87ac56
2026,10063067,"Wholly milled long grain rice, length-width ratio >= 3, parboiled, whether or not polished or glazed",1366,https://www.ksh.hu/docs/osztalyozasok/kn/kn2026_structure.xlsx,Hungarian Central Statistical Office,2026-10-04,083d065994fd2b41037aae21dc26087300a3a013e948e1884117abdd9d87ac56
2026,10063069,"Wholly milled rice, parboiled, whether or not polished or glazed (excl. round, medium and long grain)",1367,https://www.ksh.hu/docs/osztalyozasok/kn/kn2026_structure.xlsx,Hungarian Central Statistical Office,2026-10-04,083d065994fd2b41037aae21dc26087300a3a013e948e1884117abdd9d87ac56
2026,10063092,"Wholly milled round grain rice, whether or not polished or glazed (excl. parboiled)",1368,https://www.ksh.hu/docs/osztalyozasok/kn/kn2026_structure.xlsx,Hungarian Central Statistical Office,2026-10-04,083d065994fd2b41037aae21dc26087300a3a013e948e1884117abdd9d87ac56
2026,10063094,"Wholly milled medium grain rice, whether or not polished or glazed (excl. parboiled)",1369,https://www.ksh.hu/docs/osztalyozasok/kn/kn2026_structure.xlsx,Hungarian Central Statistical Office,2026-10-04,083d065994fd2b41037aae21dc26087300a3a013e948e1884117abdd9d87ac56
2026,10063096,"Wholly milled long grain rice, length-width > 2 but < 3, whether or not polished or glazed (excl. parboiled)",1370,https://www.ksh.hu/docs/osztalyozasok/kn/kn2026_structure.xlsx,Hungarian Central Statistical Office,2026-10-04,083d065994fd2b41037aae21dc26087300a3a013e948e1884117abdd9d87ac56
2026,10063098,"Wholly milled long grain rice, length-width ratio >= 3, whether or not polished or glazed (excl. parboiled)",1371,https://www.ksh.hu/docs/osztalyozasok/kn/kn2026_structure.xlsx,Hungarian Central Statistical Office,2026-10-04,083d065994fd2b41037aae21dc26087300a3a013e948e1884117abdd9d87ac56
2026,10063099,"Wholly milled rice, whether or not polished or glazed (excl. round, medium and long grain, and parboiled)",1372,https://www.ksh.hu/docs/osztalyozasok/kn/kn2026_structure.xlsx,Hungarian Central Statistical Office,2026-10-04,083d065994fd2b41037aae21dc26087300a3a013e948e1884117abdd9d87ac56
2026,10064000,Broken rice,1373,https://www.ksh.hu/docs/osztalyozasok/kn/kn2026_structure.xlsx,Hungarian Central Statistical Office,2026-10-04,083d065994fd2b41037aae21dc26087300a3a013e948e1884117abdd9d87ac56
2026,10071010,"Hybrid grain sorghum, for sowing",1374,https://www.ksh.hu/docs/osztalyozasok/kn/kn2026_structure.xlsx,Hungarian Central Statistical Office,2026-10-04,083d065994fd2b41037aae21dc26087300a3a013e948e1884117abdd9d87ac56
2026,10071090,"Grain sorghum, for sowing (excl. hybrids)",1375,https://www.ksh.hu/docs/osztalyozasok/kn/kn2026_structure.xlsx,Hungarian Central Statistical Office,2026-10-04,083d065994fd2b41037aae21dc26087300a3a013e948e1884117abdd9d87ac56
2026,10079000,Grain sorghum (excl. for sowing),1376,https://www.ksh.hu/docs/osztalyozasok/kn/kn2026_structure.xlsx,Hungarian Central Statistical Office,2026-10-04,083d065994fd2b41037aae21dc26087300a3a013e948e1884117abdd9d87ac56
2026,10081000,Buckwheat,1377,https://www.ksh.hu/docs/osztalyozasok/kn/kn2026_structure.xlsx,Hungarian Central Statistical Office,2026-10-04,083d065994fd2b41037aae21dc26087300a3a013e948e1884117abdd9d87ac56
2026,10082100,Millet seed for sowing (excl. grain sorghum),1378,https://www.ksh.hu/docs/osztalyozasok/kn/kn2026_structure.xlsx,Hungarian Central Statistical Office,2026-10-04,083d065994fd2b41037aae21dc26087300a3a013e948e1884117abdd9d87ac56
2026,10082900,"Millet (excl. grain sorghum, and seed for sowing)",1379,https://www.ksh.hu/docs/osztalyozasok/kn/kn2026_structure.xlsx,Hungarian Central Statistical Office,2026-10-04,083d065994fd2b41037aae21dc26087300a3a013e948e1884117abdd9d87ac56
2026,10083000,Canary seed,1380,https://www.ksh.hu/docs/osztalyozasok/kn/kn2026_structure.xlsx,Hungarian Central Statistical Office,2026-10-04,083d065994fd2b41037aae21dc26087300a3a013e948e1884117abdd9d87ac56
2026,10084000,"Fonio ""Digitaria spp.""",1381,https://www.ksh.hu/docs/osztalyozasok/kn/kn2026_structure.xlsx,Hungarian Central Statistical Office,2026-10-04,083d065994fd2b41037aae21dc26087300a3a013e948e1884117abdd9d87ac56
2026,10085000,"Quinoa ""Chenopodium quinoa""",1382,https://www.ksh.hu/docs/osztalyozasok/kn/kn2026_structure.xlsx,Hungarian Central Statistical Office,2026-10-04,083d065994fd2b41037aae21dc26087300a3a013e948e1884117abdd9d87ac56
2026,10086000,Triticale,1383,https://www.ksh.hu/docs/osztalyozasok/kn/kn2026_structure.xlsx,Hungarian Central Statistical Office,2026-10-04,083d065994fd2b41037aae21dc26087300a3a013e948e1884117abdd9d87ac56
2026,10089000,"Cereals (excl. wheat and meslin, rye, barley, oats, maize, rice, grain sorghum, buckwheat, millet, canary seeds, fonio, quinoa and triticale)",1384,https://www.ksh.hu/docs/osztalyozasok/kn/kn2026_structure.xlsx,Hungarian Central Statistical Office,2026-10-04,083d065994fd2b41037aae21dc26087300a3a013e948e1884117abdd9d87ac56
2026,12011000,"Soya bean seed, for sowing",1456,https://www.ksh.hu/docs/osztalyozasok/kn/kn2026_structure.xlsx,Hungarian Central Statistical Office,2026-10-04,083d065994fd2b41037aae21dc26087300a3a013e948e1884117abdd9d87ac56
2026,12019000,"Soya beans, whether or not broken (excl. seed for sowing)",1457,https://www.ksh.hu/docs/osztalyozasok/kn/kn2026_structure.xlsx,Hungarian Central Statistical Office,2026-10-04,083d065994fd2b41037aae21dc26087300a3a013e948e1884117abdd9d87ac56
2026,12023000,"Groundnut seed, for sowing",1458,https://www.ksh.hu/docs/osztalyozasok/kn/kn2026_structure.xlsx,Hungarian Central Statistical Office,2026-10-04,083d065994fd2b41037aae21dc26087300a3a013e948e1884117abdd9d87ac56
2026,12024100,"Groundnuts, in shell (excl. seed for sowing, roasted or otherwise cooked)",1459,https://www.ksh.hu/docs/osztalyozasok/kn/kn2026_structure.xlsx,Hungarian Central Statistical Office,2026-10-04,083d065994fd2b41037aae21dc26087300a3a013e948e1884117abdd9d87ac56
2026,12024200,"Groundnuts, shelled, whether or not broken (excl. seed for sowing, roasted or otherwise cooked)",1460,https://www.ksh.hu/docs/osztalyozasok/kn/kn2026_structure.xlsx,Hungarian Central Statistical Office,2026-10-04,083d065994fd2b41037aae21dc26087300a3a013e948e1884117abdd9d87ac56
2026,12030000,Copra,1461,https://www.ksh.hu/docs/osztalyozasok/kn/kn2026_structure.xlsx,Hungarian Central Statistical Office,2026-10-04,083d065994fd2b41037aae21dc26087300a3a013e948e1884117abdd9d87ac56
2026,12040010,Linseed for sowing,1462,https://www.ksh.hu/docs/osztalyozasok/kn/kn2026_structure.xlsx,Hungarian Central Statistical Office,2026-10-04,083d065994fd2b41037aae21dc26087300a3a013e948e1884117abdd9d87ac56
2026,12040090,Linseed (excl. for sowing),1463,https://www.ksh.hu/docs/osztalyozasok/kn/kn2026_structure.xlsx,Hungarian Central Statistical Office,2026-10-04,083d065994fd2b41037aae21dc26087300a3a013e948e1884117abdd9d87ac56
2026,12051010,"Low erucic acid rape or colza seeds ""yielding a fixed oil which has an erucic acid content of < 2% and yielding a solid component of glucosinolates of < 30 micromoles/g"", for sowing",1464,https://www.ksh.hu/docs/osztalyozasok/kn/kn2026_structure.xlsx,Hungarian Central Statistical Office,2026-10-04,083d065994fd2b41037aae21dc26087300a3a013e948e1884117abdd9d87ac56
2026,12051090,"Low erucic rape or colza seeds ""yielding a fixed oil which has an erucic acid content of < 2% and yielding a solid component of glucosinolates of < 30 micromoles/g"", whether or not broken (excl. for sowing)",1465,https://www.ksh.hu/docs/osztalyozasok/kn/kn2026_structure.xlsx,Hungarian Central Statistical Office,2026-10-04,083d065994fd2b41037aae21dc26087300a3a013e948e1884117abdd9d87ac56
2026,12059000,"High erucic rape or colza seeds ""yielding a fixed oil which has an erucic acid content of >= 2% and yielding a solid component of glucosinolates of >= 30 micromoles/g"", whether or not broken",1466,https://www.ksh.hu/docs/osztalyozasok/kn/kn2026_structure.xlsx,Hungarian Central Statistical Office,2026-10-04,083d065994fd2b41037aae21dc26087300a3a013e948e1884117abdd9d87ac56
2026,12060010,Sunflower seeds for sowing,1467,https://www.ksh.hu/docs/osztalyozasok/kn/kn2026_structure.xlsx,Hungarian Central Statistical Office,2026-10-04,083d065994fd2b41037aae21dc26087300a3a013e948e1884117abdd9d87ac56
2026,12060091,"Sunflower seeds, whether or not broken, shelled or in grey and white striped shell (excl. for sowing)",1468,https://www.ksh.hu/docs/osztalyozasok/kn/kn2026_structure.xlsx,Hungarian Central Statistical Office,2026-10-04,083d065994fd2b41037aae21dc26087300a3a013e948e1884117abdd9d87ac56
2026,12060099,"Sunflower seeds, whether or not broken (excl. for sowing, shelled and in grey and white striped shell)",1469,https://www.ksh.hu/docs/osztalyozasok/kn/kn2026_structure.xlsx,Hungarian Central Statistical Office,2026-10-04,083d065994fd2b41037aae21dc26087300a3a013e948e1884117abdd9d87ac56
2026,12071000,Palm nuts and kernels,1470,https://www.ksh.hu/docs/osztalyozasok/kn/kn2026_structure.xlsx,Hungarian Central Statistical Office,2026-10-04,083d065994fd2b41037aae21dc26087300a3a013e948e1884117abdd9d87ac56
2026,12072100,Cotton seeds for sowing,1471,https://www.ksh.hu/docs/osztalyozasok/kn/kn2026_structure.xlsx,Hungarian Central Statistical Office,2026-10-04,083d065994fd2b41037aae21dc26087300a3a013e948e1884117abdd9d87ac56
2026,12072900,Cotton seeds (excl. for sowing),1472,https://www.ksh.hu/docs/osztalyozasok/kn/kn2026_structure.xlsx,Hungarian Central Statistical Office,2026-10-04,083d065994fd2b41037aae21dc26087300a3a013e948e1884117abdd9d87ac56
2026,12073000,Castor oil seeds,1473,https://www.ksh.hu/docs/osztalyozasok/kn/kn2026_structure.xlsx,Hungarian Central Statistical Office,2026-10-04,083d065994fd2b41037aae21dc26087300a3a013e948e1884117abdd9d87ac56
2026,12074010,Sesamum seeds for sowing,1474,https://www.ksh.hu/docs/osztalyozasok/kn/kn2026_structure.xlsx,Hungarian Central Statistical Office,2026-10-04,083d065994fd2b41037aae21dc26087300a3a013e948e1884117abdd9d87ac56
2026,12074090,"Sesamum seeds, whether or not broken (excl. for sowing)",1475,https://www.ksh.hu/docs/osztalyozasok/kn/kn2026_structure.xlsx,Hungarian Central Statistical Office,2026-10-04,083d065994fd2b41037aae21dc26087300a3a013e948e1884117abdd9d87ac56
2026,12075010,Mustard seeds for sowing,1476,https://www.ksh.hu/docs/osztalyozasok/kn/kn2026_structure.xlsx,Hungarian Central Statistical Office,2026-10-04,083d065994fd2b41037aae21dc26087300a3a013e948e1884117abdd9d87ac56
2026,12075090,"Mustard seeds, whether or not broken (excl. for sowing)",1477,https://www.ksh.hu/docs/osztalyozasok/kn/kn2026_structure.xlsx,Hungarian Central Statistical Office,2026-10-04,083d065994fd2b41037aae21dc26087300a3a013e948e1884117abdd9d87ac56
2026,12076000,"Safflower ""Carthamus tinctorius"" seeds",1478,https://www.ksh.hu/docs/osztalyozasok/kn/kn2026_structure.xlsx,Hungarian Central Statistical Office,2026-10-04,083d065994fd2b41037aae21dc26087300a3a013e948e1884117abdd9d87ac56
2026,12077000,Melon seeds,1479,https://www.ksh.hu/docs/osztalyozasok/kn/kn2026_structure.xlsx,Hungarian Central Statistical Office,2026-10-04,083d065994fd2b41037aae21dc26087300a3a013e948e1884117abdd9d87ac56
2026,12079110,Poppy seeds for sowing,1480,https://www.ksh.hu/docs/osztalyozasok/kn/kn2026_structure.xlsx,Hungarian Central Statistical Office,2026-10-04,083d065994fd2b41037aae21dc26087300a3a013e948e1884117abdd9d87ac56
2026,12079190,"Poppy seeds, whether or not broken (excl. for sowing)",1481,https://www.ksh.hu/docs/osztalyozasok/kn/kn2026_structure.xlsx,Hungarian Central Statistical Office,2026-10-04,083d065994fd2b41037aae21dc26087300a3a013e948e1884117abdd9d87ac56
2026,12079920,"Oil seeds and oleaginous fruits, for sowing (excl. edible nuts, olives, soya beans, groundnuts, copra, linseed, rape or colza seeds, sunflower seeds, palm nuts and kernels, cotton, castor oil, sesamum, mustard, safflower, melon and poppy seeds)",1482,https://www.ksh.hu/docs/osztalyozasok/kn/kn2026_structure.xlsx,Hungarian Central Statistical Office,2026-10-04,083d065994fd2b41037aae21dc26087300a3a013e948e1884117abdd9d87ac56
2026,12079991,"Hemp seeds, whether or not broken (excl. for sowing)",1483,https://www.ksh.hu/docs/osztalyozasok/kn/kn2026_structure.xlsx,Hungarian Central Statistical Office,2026-10-04,083d065994fd2b41037aae21dc26087300a3a013e948e1884117abdd9d87ac56
2026,12079996,"Oil seeds and oleaginous fruits, whether or not broken (excl. for sowing and edible nuts, olives, soya beans, groundnuts, copra, linseed, rape or colza seeds, sunflower seeds, palm nuts and kernels, cotton, castor oil, sesamum, mustard, safflower, melon, poppy and hemp seeds)",1484,https://www.ksh.hu/docs/osztalyozasok/kn/kn2026_structure.xlsx,Hungarian Central Statistical Office,2026-10-04,083d065994fd2b41037aae21dc26087300a3a013e948e1884117abdd9d87ac56
2026,12081000,Soya bean flour and meal,1485,https://www.ksh.hu/docs/osztalyozasok/kn/kn2026_structure.xlsx,Hungarian Central Statistical Office,2026-10-04,083d065994fd2b41037aae21dc26087300a3a013e948e1884117abdd9d87ac56
2026,12089000,Flours and meal of oil seeds or oleaginous fruit (excl. soya and mustard),1486,https://www.ksh.hu/docs/osztalyozasok/kn/kn2026_structure.xlsx,Hungarian Central Statistical Office,2026-10-04,083d065994fd2b41037aae21dc26087300a3a013e948e1884117abdd9d87ac56
2026,12091000,"Sugar beet seed, for sowing",1487,https://www.ksh.hu/docs/osztalyozasok/kn/kn2026_structure.xlsx,Hungarian Central Statistical Office,2026-10-04,083d065994fd2b41037aae21dc26087300a3a013e948e1884117abdd9d87ac56
2026,12092100,Alfalfa seed for sowing,1488,https://www.ksh.hu/docs/osztalyozasok/kn/kn2026_structure.xlsx,Hungarian Central Statistical Office,2026-10-04,083d065994fd2b41037aae21dc26087300a3a013e948e1884117abdd9d87ac56
2026,12092210,"Red clover ""Trifolium pratense L."" seed for sowing",1489,https://www.ksh.hu/docs/osztalyozasok/kn/kn2026_structure.xlsx,Hungarian Central Statistical Office,2026-10-04,083d065994fd2b41037aae21dc26087300a3a013e948e1884117abdd9d87ac56
2026,12092280,"Clover ""Trifolium spp."" seed for sowing (excl. red clover [Trifolium pratense L.])",1490,https://www.ksh.hu/docs/osztalyozasok/kn/kn2026_structure.xlsx,Hungarian Central Statistical Office,2026-10-04,083d065994fd2b41037aae21dc26087300a3a013e948e1884117abdd9d87ac56
2026,12092311,Meadow fescue seed for sowing,1491,https://www.ksh.hu/docs/osztalyozasok/kn/kn2026_structure.xlsx,Hungarian Central Statistical Office,2026-10-04,083d065994fd2b41037aae21dc26087300a3a013e948e1884117abdd9d87ac56
2026,12092315,"Red fescue seed ""Festuca rubra L."" for sowing",1492,https://www.ksh.hu/docs/osztalyozasok/kn/kn2026_structure.xlsx,Hungarian Central Statistical Office,2026-10-04,083d065994fd2b41037aae21dc26087300a3a013e948e1884117abdd9d87ac56
2026,12092380,"Fescue seed, for sowing (excl. meadow fescue ""Festuca pratensis Huds"" seed and red fescue ""Festuca rubra L."" seed)",1493,https://www.ksh.hu/docs/osztalyozasok/kn/kn2026_structure.xlsx,Hungarian Central Statistical Office,2026-10-04,083d065994fd2b41037aae21dc26087300a3a013e948e1884117abdd9d87ac56
2026,12092400,"Kentucky blue grass ""Poa pratensis L."" seed for sowing",1494,https://www.ksh.hu/docs/osztalyozasok/kn/kn2026_structure.xlsx,Hungarian Central Statistical Office,2026-10-04,083d065994fd2b41037aae21dc26087300a3a013e948e1884117abdd9d87ac56
2026,12092510,"Italian ryegrass, incl. westerwolds ""Lolium multiflorum L."", seed for sowing",1495,https://www.ksh.hu/docs/osztalyozasok/kn/kn2026_structure.xlsx,Hungarian Central Statistical Office,2026-10-04,083d065994fd2b41037aae21dc26087300a3a013e948e1884117abdd9d87ac56
2026,12092590,"Perennial ryegrass ""Lolium perenne L."", seed for sowing",1496,https://www.ksh.hu/docs/osztalyozasok/kn/kn2026_structure.xlsx,Hungarian Central Statistical Office,2026-10-04,083d065994fd2b41037aae21dc26087300a3a013e948e1884117abdd9d87ac56
2026,12092945,"Timothy grass seed, vetch seed, seeds of the genus Poa palustris L. and Poa trivialis L., seeds of cocksfoot grass ""Dactylis glomerata L."", and seeds of bent grass ""Agrostis"", for sowing",1497,https://www.ksh.hu/docs/osztalyozasok/kn/kn2026_structure.xlsx,Hungarian Central Statistical Office,2026-10-04,083d065994fd2b41037aae21dc26087300a3a013e948e1884117abdd9d87ac56
2026,12092950,Lupine seed for sowing,1498,https://www.ksh.hu/docs/osztalyozasok/kn/kn2026_structure.xlsx,Hungarian Central Statistical Office,2026-10-04,083d065994fd2b41037aae21dc26087300a3a013e948e1884117abdd9d87ac56
2026,12092960,"Fodder beet seed ""Beta vulgaris var. alba"", for sowing",1499,https://www.ksh.hu/docs/osztalyozasok/kn/kn2026_structure.xlsx,Hungarian Central Statistical Office,2026-10-04,083d065994fd2b41037aae21dc26087300a3a013e948e1884117abdd9d87ac56
2026,12092980,"Seeds of forage plants, for sowing (excl. cereals and fodder beet seed ""Beta vulgaris var. alba"", sugar beet seed, lucerne seed, clover ""Trifolium spp."" seed, fesque seed, Kentucky blue grass ""Poa pratensis L."" seed, ryegrass ""Lolium multiflorum lam., Lolium perenne L."" seed, Timothy grass seed, vetch seed, seeds of the genus Poa palustris L and Poa trivialis L., cocksfoot grass ""Dactylis glomerata L."" seed, bent grass ""Agrostis"" seed and lupine seed)",1500,https://www.ksh.hu/docs/osztalyozasok/kn/kn2026_structure.xlsx,Hungarian Central Statistical Office,2026-10-04,083d065994fd2b41037aae21dc26087300a3a013e948e1884117abdd9d87ac56
2026,12093000,"Seeds of herbaceous plants cultivated mainly for flowers, for sowing",1501,https://www.ksh.hu/docs/osztalyozasok/kn/kn2026_structure.xlsx,Hungarian Central Statistical Office,2026-10-04,083d065994fd2b41037aae21dc26087300a3a013e948e1884117abdd9d87ac56
2026,12099130,"Salad beet seed or beetroot seed ""Beta vulgaris var. conditiva"", for sowing",1502,https://www.ksh.hu/docs/osztalyozasok/kn/kn2026_structure.xlsx,Hungarian Central Statistical Office,2026-10-04,083d065994fd2b41037aae21dc26087300a3a013e948e1884117abdd9d87ac56
2026,12099180,"Vegetable seeds for sowing (excl. salad beet or beetroot ""Beta vulgaris var. conditiva"")",1503,https://www.ksh.hu/docs/osztalyozasok/kn/kn2026_structure.xlsx,Hungarian Central Statistical Office,2026-10-04,083d065994fd2b41037aae21dc26087300a3a013e948e1884117abdd9d87ac56
2026,12099910,Forest-tree seed for sowing,1504,https://www.ksh.hu/docs/osztalyozasok/kn/kn2026_structure.xlsx,Hungarian Central Statistical Office,2026-10-04,083d065994fd2b41037aae21dc26087300a3a013e948e1884117abdd9d87ac56
2026,12099991,"Seeds of non-herbaceous plants cultivated mainly for flowers, for sowing",1505,https://www.ksh.hu/docs/osztalyozasok/kn/kn2026_structure.xlsx,Hungarian Central Statistical Office,2026-10-04,083d065994fd2b41037aae21dc26087300a3a013e948e1884117abdd9d87ac56
2026,12099999,"Seeds, fruit and spores, for sowing (excl. leguminous vegetables and sweetcorn, coffee, tea, maté and spices, cereals, oil seeds and oleaginous fruits, beets, forage plants, vegetable seeds, forest-tree seeds and seeds of plants cultivated mainly for flowers or used primarily in perfumery, medicaments or for insecticidal, fungicidal or similar purposes)",1506,https://www.ksh.hu/docs/osztalyozasok/kn/kn2026_structure.xlsx,Hungarian Central Statistical Office,2026-10-04,083d065994fd2b41037aae21dc26087300a3a013e948e1884117abdd9d87ac56
2026,12101000,"Hop cones, fresh or dried (excl. ground, powdered or in the form of pellets)",1507,https://www.ksh.hu/docs/osztalyozasok/kn/kn2026_structure.xlsx,Hungarian Central Statistical Office,2026-10-04,083d065994fd2b41037aae21dc26087300a3a013e948e1884117abdd9d87ac56
2026,12102010,"Hop cones, ground, powdered or in the form of pellets, with higher lupulin content, lupulin",1508,https://www.ksh.hu/docs/osztalyozasok/kn/kn2026_structure.xlsx,Hungarian Central Statistical Office,2026-10-04,083d065994fd2b41037aae21dc26087300a3a013e948e1884117abdd9d87ac56
2026,12102090,"Hop cones, ground powdered or in the form of pellets (excl. with higher lupulin content)",1509,https://www.ksh.hu/docs/osztalyozasok/kn/kn2026_structure.xlsx,Hungarian Central Statistical Office,2026-10-04,083d065994fd2b41037aae21dc26087300a3a013e948e1884117abdd9d87ac56
2026,12112000,"Ginseng roots, fresh or dried, whether or not cut, crushed or powdered",1510,https://www.ksh.hu/docs/osztalyozasok/kn/kn2026_structure.xlsx,Hungarian Central Statistical Office,2026-10-04,083d065994fd2b41037aae21dc26087300a3a013e948e1884117abdd9d87ac56
2026,12113000,"Coca leaf, fresh or dried, whether or not cut, crushed or powdered",1511,https://www.ksh.hu/docs/osztalyozasok/kn/kn2026_structure.xlsx,Hungarian Central Statistical Office,2026-10-04,083d065994fd2b41037aae21dc26087300a3a013e948e1884117abdd9d87ac56
2026,12114000,"Poppy straw, fresh or dried, whether or not cut, crushed or powdered",1512,https://www.ksh.hu/docs/osztalyozasok/kn/kn2026_structure.xlsx,Hungarian Central Statistical Office,2026-10-04,083d065994fd2b41037aae21dc26087300a3a013e948e1884117abdd9d87ac56
2026,12115000,"Ephedra of a kind used primarily in perfumery, in pharmacy or for insecticidal, fungicidal or similar purposes, fresh, chilled, frozen or dried, whether or not cut, crushed or powdered",1513,https://www.ksh.hu/docs/osztalyozasok/kn/kn2026_structure.xlsx,Hungarian Central Statistical Office,2026-10-04,083d065994fd2b41037aae21dc26087300a3a013e948e1884117abdd9d87ac56
2026,12116000,"Bark of African cherry ""Prunus africana"", fresh, chilled, frozen or dried, whether or not cut, crushed or powdered",1514,https://www.ksh.hu/docs/osztalyozasok/kn/kn2026_structure.xlsx,Hungarian Central Statistical Office,2026-10-04,083d065994fd2b41037aae21dc26087300a3a013e948e1884117abdd9d87ac56
2026,12119030,"Tonquin beans, fresh or dried, whether or not cut, crushed or powdered",1515,https://www.ksh.hu/docs/osztalyozasok/kn/kn2026_structure.xlsx,Hungarian Central Statistical Office,2026-10-04,083d065994fd2b41037aae21dc26087300a3a013e948e1884117abdd9d87ac56
2026,12119086,"Plants and parts of plants, incl. seeds and fruits, used primarily in perfumery, in pharmacy or for insecticidal, fungicidal or similar purposes, fresh or dried, whether or not cut, crushed or powdered (excl. ginseng roots, coca leaf, poppy straw, genus Ephedra and tonquin beans)",1516,https://www.ksh.hu/docs/osztalyozasok/kn/kn2026_structure.xlsx,Hungarian Central Statistical Office,2026-10-04,083d065994fd2b41037aae21dc26087300a3a013e948e1884117abdd9d87ac56
2026,12122100,"Seaweeds and other algae, fresh, chilled, frozen or dried, whether or not ground, fit for human consumption",1517,https://www.ksh.hu/docs/osztalyozasok/kn/kn2026_structure.xlsx,Hungarian Central Statistical Office,2026-10-04,083d065994fd2b41037aae21dc26087300a3a013e948e1884117abdd9d87ac56
2026,12122900,"Seaweeds and other algae, fresh, chilled, frozen or dried, whether or not ground, unfit for human consumption",1518,https://www.ksh.hu/docs/osztalyozasok/kn/kn2026_structure.xlsx,Hungarian Central Statistical Office,2026-10-04,083d065994fd2b41037aae21dc26087300a3a013e948e1884117abdd9d87ac56
2026,12129120,"Sugar beet, dried, whether or not ground",1519,https://www.ksh.hu/docs/osztalyozasok/kn/kn2026_structure.xlsx,Hungarian Central Statistical Office,2026-10-04,083d065994fd2b41037aae21dc26087300a3a013e948e1884117abdd9d87ac56
2026,12129180,"Sugar beet, fresh, chilled or frozen",1520,https://www.ksh.hu/docs/osztalyozasok/kn/kn2026_structure.xlsx,Hungarian Central Statistical Office,2026-10-04,083d065994fd2b41037aae21dc26087300a3a013e948e1884117abdd9d87ac56
2026,12129200,"Locust beans ""carob"", fresh, chilled, frozen or dried, whether or not ground",1521,https://www.ksh.hu/docs/osztalyozasok/kn/kn2026_structure.xlsx,Hungarian Central Statistical Office,2026-10-04,083d065994fd2b41037aae21dc26087300a3a013e948e1884117abdd9d87ac56
2026,12129300,"Sugar cane, fresh, chilled, frozen or dried, whether or not ground",1522,https://www.ksh.hu/docs/osztalyozasok/kn/kn2026_structure.xlsx,Hungarian Central Statistical Office,2026-10-04,083d065994fd2b41037aae21dc26087300a3a013e948e1884117abdd9d87ac56
2026,12129400,"Chicory roots, fresh, chilled, frozen or dried, whether or not ground",1523,https://www.ksh.hu/docs/osztalyozasok/kn/kn2026_structure.xlsx,Hungarian Central Statistical Office,2026-10-04,083d065994fd2b41037aae21dc26087300a3a013e948e1884117abdd9d87ac56
2026,12129941,"Locust bean seed, fresh or dried (excl. decorticated, crushed or ground)",1524,https://www.ksh.hu/docs/osztalyozasok/kn/kn2026_structure.xlsx,Hungarian Central Statistical Office,2026-10-04,083d065994fd2b41037aae21dc26087300a3a013e948e1884117abdd9d87ac56
2026,12129949,"Locust bean seed, decorticated, crushed or ground, fresh or dried",1525,https://www.ksh.hu/docs/osztalyozasok/kn/kn2026_structure.xlsx,Hungarian Central Statistical Office,2026-10-04,083d065994fd2b41037aae21dc26087300a3a013e948e1884117abdd9d87ac56
2026,12129995,"Fruit stones and kernels and other vegetable products, of a kind used primarily for human consumption, n.e.s.",1526,https://www.ksh.hu/docs/osztalyozasok/kn/kn2026_structure.xlsx,Hungarian Central Statistical Office,2026-10-04,083d065994fd2b41037aae21dc26087300a3a013e948e1884117abdd9d87ac56
2026,12130000,"Cereal straw and husks, unprepared, whether or not chopped, ground, pressed or in the form of pellets",1527,https://www.ksh.hu/docs/osztalyozasok/kn/kn2026_structure.xlsx,Hungarian Central Statistical Office,2026-10-04,083d065994fd2b41037aae21dc26087300a3a013e948e1884117abdd9d87ac56
2026,12141000,Alfalfa meal and pellets,1528,https://www.ksh.hu/docs/osztalyozasok/kn/kn2026_structure.xlsx,Hungarian Central Statistical Office,2026-10-04,083d065994fd2b41037aae21dc26087300a3a013e948e1884117abdd9d87ac56
2026,12149010,"Swedes, mangolds, fodder roots",1529,https://www.ksh.hu/docs/osztalyozasok/kn/kn2026_structure.xlsx,Hungarian Central Statistical Office,2026-10-04,083d065994fd2b41037aae21dc26087300a3a013e948e1884117abdd9d87ac56
2026,12149090,"Hay, lucerne, clover, sainfoin, forage kale, lupines, vetches and similar forage products (excl. swedes, mangolds and other fodder roots and lucerne meal)",1530,https://www.ksh.hu/docs/osztalyozasok/kn/kn2026_structure.xlsx,Hungarian Central Statistical Office,2026-10-04,083d065994fd2b41037aae21dc26087300a3a013e948e1884117abdd9d87ac56
