source_taxon_id,source_taxon_name,source_botanical_name,canonical_species_id,mapping_status,source_urls,validation_scope
TAX001,Agrostis capillaris,Agrostis capillaris,browntop,MAPPED_EXACT,"[""https://baes.gv.at/fileadmin/baes/SaatundPflanzgut/Zulassung/Statistiken/Feldanerkennungsfl%C3%A4chen_Sommerungen_gesamt/Sommerungen_gesamt_ohne_Sorten_2025_BAES.pdf"",""https://ukzuz.gov.cz/public/portal/ukzuz/-a27404---i-m4miZL/prehled-prihlasenych-ploch-v-roce-2023-1.-a-2.-cast?_linka=a523324"",""https://ukzuz.gov.cz/public/portal/ukzuz/-a54700---fhG7n0PB/prehled-prihlasenych-ploch-v-roce-2024-1.-a-2.-cast?_linka=a602934"",""https://ukzuz.gov.cz/public/portal/ukzuz/-a81286---EOKIiika/prehled-prihlasenych-ploch-2025-1.-a-2.-cast?_linka=a679878""]","Original official seed nomenclature plus current/recovered canonical comparison; targeted Kew review where needed, not blanket accepted-name certification"
TAX002,Agrostis gigantea,Agrostis gigantea,null,UNMAPPED,"[""https://ukzuz.gov.cz/public/portal/ukzuz/-a27404---i-m4miZL/prehled-prihlasenych-ploch-v-roce-2023-1.-a-2.-cast?_linka=a523324"",""https://ukzuz.gov.cz/public/portal/ukzuz/-a81286---EOKIiika/prehled-prihlasenych-ploch-2025-1.-a-2.-cast?_linka=a679878""]","Original official seed nomenclature plus current/recovered canonical comparison; targeted Kew review where needed, not blanket accepted-name certification"
TAX003,Alopecurus pratensis,Alopecurus pratensis,meadow-foxtail,MAPPED_EXACT,"[""https://baes.gv.at/fileadmin/baes/SaatundPflanzgut/Zulassung/Statistiken/Feldanerkennungsfl%C3%A4chen_Sommerungen_gesamt/Sommerungen_gesamt_ohne_Sorten_2025_BAES.pdf"",""https://ukzuz.gov.cz/public/portal/ukzuz/-a27404---i-m4miZL/prehled-prihlasenych-ploch-v-roce-2023-1.-a-2.-cast?_linka=a523324"",""https://ukzuz.gov.cz/public/portal/ukzuz/-a54700---fhG7n0PB/prehled-prihlasenych-ploch-v-roce-2024-1.-a-2.-cast?_linka=a602934"",""https://ukzuz.gov.cz/public/portal/ukzuz/-a81286---EOKIiika/prehled-prihlasenych-ploch-2025-1.-a-2.-cast?_linka=a679878""]","Original official seed nomenclature plus current/recovered canonical comparison; targeted Kew review where needed, not blanket accepted-name certification"
TAX004,Amaranthus cruentus,Amaranthus cruentus,null,UNMAPPED,"[""https://ukzuz.gov.cz/public/portal/ukzuz/-a54700---fhG7n0PB/prehled-prihlasenych-ploch-v-roce-2024-1.-a-2.-cast?_linka=a602934""]","Original official seed nomenclature plus current/recovered canonical comparison; targeted Kew review where needed, not blanket accepted-name certification"
TAX005,Arachis hypogaea,Arachis hypogaea,null,UNMAPPED,"[""https://www.mapa.gob.es/dam/mapa/contenido/agricultura/estadisticas/superficiededicadaalaproduccionsemillascertificadascampana2020-2021.pdf""]","Original official seed nomenclature plus current/recovered canonical comparison; targeted Kew review where needed, not blanket accepted-name certification"
TAX006,Arrhenatherum elatius,Arrhenatherum elatius,tall-oatgrass,MAPPED_EXACT,"[""https://baes.gv.at/fileadmin/baes/SaatundPflanzgut/Zulassung/Statistiken/Feldanerkennungsfl%C3%A4chen_Sommerungen_gesamt/Sommerungen_gesamt_ohne_Sorten_2025_BAES.pdf"",""https://ukzuz.gov.cz/public/portal/ukzuz/-a27404---i-m4miZL/prehled-prihlasenych-ploch-v-roce-2023-1.-a-2.-cast?_linka=a523324"",""https://ukzuz.gov.cz/public/portal/ukzuz/-a54700---fhG7n0PB/prehled-prihlasenych-ploch-v-roce-2024-1.-a-2.-cast?_linka=a602934"",""https://ukzuz.gov.cz/public/portal/ukzuz/-a81286---EOKIiika/prehled-prihlasenych-ploch-2025-1.-a-2.-cast?_linka=a679878""]","Original official seed nomenclature plus current/recovered canonical comparison; targeted Kew review where needed, not blanket accepted-name certification"
TAX007,Avena nuda,Avena nuda,naked-oat,MAPPED_EXACT,"[""https://baes.gv.at/fileadmin/baes/SaatundPflanzgut/Zulassung/Statistiken/Feldanerkennungsfl%C3%A4chen_Sommerungen_gesamt/Sommerungen_gesamt_ohne_Sorten_2025_BAES.pdf"",""https://data.gov.lv/dati/dataset/43bd933a-92f2-4ecd-9c2e-6b2fba94b880/resource/cf3b0434-9df8-4038-9a6c-8d0e3fe3f094/download/2_seklaudz_lauku_platibas_kopsavil_pa_sugaam.xlsx"",""https://data.gov.lv/dati/dataset/dbd2b2ed-148e-426e-abbf-97f1d2fd9de1/resource/ae839ed9-5d09-4f29-be5e-4f8992d8dbbf/download/dati_sert_sekla_labibas.xlsx"",""https://ukzuz.gov.cz/public/portal/ukzuz/-a27404---i-m4miZL/prehled-prihlasenych-ploch-v-roce-2023-1.-a-2.-cast?_linka=a523324"",""https://ukzuz.gov.cz/public/portal/ukzuz/-a54700---fhG7n0PB/prehled-prihlasenych-ploch-v-roce-2024-1.-a-2.-cast?_linka=a602934"",""https://ukzuz.gov.cz/public/portal/ukzuz/-a81286---EOKIiika/prehled-prihlasenych-ploch-2025-1.-a-2.-cast?_linka=a679878"",""https://www.uksup.sk/storage/app/uploads/public/698/af6/14e/698af614ea5eb520737689.pdf""]","Original official seed nomenclature plus current/recovered canonical comparison; targeted Kew review where needed, not blanket accepted-name certification"
TAX008,Avena sativa,Avena sativa,oat,MAPPED_EXACT,"[""https://baes.gv.at/fileadmin/baes/SaatundPflanzgut/Zulassung/Statistiken/Feldanerkennungsfl%C3%A4chen_Sommerungen_gesamt/Sommerungen_gesamt_ohne_Sorten_2025_BAES.pdf"",""https://baes.gv.at/fileadmin/baes/SaatundPflanzgut/Zulassung/Statistiken/Feldanerkennungsfl%C3%A4chen_Winterungen_gesamt/Winterungen_gesamt_ohne_Sorte_2025_BAES.pdf"",""https://data.gov.lv/dati/dataset/43bd933a-92f2-4ecd-9c2e-6b2fba94b880/resource/cf3b0434-9df8-4038-9a6c-8d0e3fe3f094/download/2_seklaudz_lauku_platibas_kopsavil_pa_sugaam.xlsx"",""https://data.gov.lv/dati/dataset/dbd2b2ed-148e-426e-abbf-97f1d2fd9de1/resource/ae839ed9-5d09-4f29-be5e-4f8992d8dbbf/download/dati_sert_sekla_labibas.xlsx"",""https://download.data.public.lu/resources/seed-certification-in-luxembourg/20220225-093903/lu-seed-production-area-2021.csv"",""https://download.data.public.lu/resources/seed-certification-in-luxembourg/20230118-100128/lu-seed-production-area-2022.csv"",""https://download.data.public.lu/resources/seed-certification-in-luxembourg/20231206-145609/lu-seed-production-area-2023.csv"",""https://download.data.public.lu/resources/seed-certification-in-luxembourg/20250113-181136/lu-seed-production-area-2024.csv"",""https://ukzuz.gov.cz/public/portal/ukzuz/-a27404---i-m4miZL/prehled-prihlasenych-ploch-v-roce-2023-1.-a-2.-cast?_linka=a523324"",""https://ukzuz.gov.cz/public/portal/ukzuz/-a54700---fhG7n0PB/prehled-prihlasenych-ploch-v-roce-2024-1.-a-2.-cast?_linka=a602934"",""https://ukzuz.gov.cz/public/portal/ukzuz/-a81286---EOKIiika/prehled-prihlasenych-ploch-2025-1.-a-2.-cast?_linka=a679878"",""https://www.dgav.pt/plantas/conteudo/sementes-plantas-e-variedades/sementes/producao-e-certificacao-de-sementes/producao-e-certificacao-de-sementes-estatistica/"",""https://www.escaa.org/index/action/page/id/7/title/seed-production-in-eu---2025"",""https://www.gov.si/assets/organi-v-sestavi/UVHVVR/Rastlinski-semenski-material/Uradno-potrjevanje-in-naknadna-kontrola/Pregled-pridelave-uradno-potrjenega-semena_2024.docx"",""https://www.gov.si/assets/organi-v-sestavi/UVHVVR/Rastlinski-semenski-material/Uradno-potrjevanje-in-naknadna-kontrola/Pregled-pridelave-uradno-potrjenega-semena_2025.docx"",""https://www.mapa.gob.es/dam/mapa/contenido/agricultura/estadisticas/superficiededicadaalaproduccionsemillascertificadascampana2020-2021.pdf"",""https://www.mapa.gob.es/dam/mapa/contenido/agricultura/temas/medios-de-produccion/semillas-y-plantas-de-vivero/estadisticas/certificacion-semilla-producida-en-espana-por-especie-y-ccaa--precintado-campana-24-25.pdf"",""https://www.mapa.gob.es/dam/mapa/contenido/agricultura/temas/medios-de-produccion/semillas-y-plantas-de-vivero/estadisticas/superficie-dedicada-a-la-produccion-semillas-certificadas--campana-24-25.pdf"",""https://www.mapa.gob.es/dam/mapa/contenido/agricultura/temas/medios-de-produccion/semillas-y-plantas-de-vivero/estadisticas/superficiededicadaalaproducciondesemillacertificadacampana2023-2024.pdf"",""https://www.mapa.gob.es/dam/mapa/contenido/agricultura/temas/medios-de-produccion/semillas-y-plantas-de-vivero/estadisticas/superficiededicadaalaproduccionsemillascertificadascampana2022-2023.pdf"",""https://www.uksup.sk/storage/app/uploads/public/698/af6/14e/698af614ea5eb520737689.pdf""]","Original official seed nomenclature plus current/recovered canonical comparison; targeted Kew review where needed, not blanket accepted-name certification"
TAX009,Avena strigosa,Avena strigosa,black-oat,MAPPED_EXACT,"[""https://data.gov.lv/dati/dataset/43bd933a-92f2-4ecd-9c2e-6b2fba94b880/resource/cf3b0434-9df8-4038-9a6c-8d0e3fe3f094/download/2_seklaudz_lauku_platibas_kopsavil_pa_sugaam.xlsx"",""https://data.gov.lv/dati/dataset/dbd2b2ed-148e-426e-abbf-97f1d2fd9de1/resource/ae839ed9-5d09-4f29-be5e-4f8992d8dbbf/download/dati_sert_sekla_labibas.xlsx"",""https://ukzuz.gov.cz/public/portal/ukzuz/-a54700---fhG7n0PB/prehled-prihlasenych-ploch-v-roce-2024-1.-a-2.-cast?_linka=a602934"",""https://ukzuz.gov.cz/public/portal/ukzuz/-a81286---EOKIiika/prehled-prihlasenych-ploch-2025-1.-a-2.-cast?_linka=a679878"",""https://www.mapa.gob.es/dam/mapa/contenido/agricultura/estadisticas/superficiededicadaalaproduccionsemillascertificadascampana2020-2021.pdf"",""https://www.mapa.gob.es/dam/mapa/contenido/agricultura/temas/medios-de-produccion/semillas-y-plantas-de-vivero/estadisticas/certificacion-semilla-producida-en-espana-por-especie-y-ccaa--precintado-campana-24-25.pdf"",""https://www.mapa.gob.es/dam/mapa/contenido/agricultura/temas/medios-de-produccion/semillas-y-plantas-de-vivero/estadisticas/superficie-dedicada-a-la-produccion-semillas-certificadas--campana-24-25.pdf"",""https://www.mapa.gob.es/dam/mapa/contenido/agricultura/temas/medios-de-produccion/semillas-y-plantas-de-vivero/estadisticas/superficiededicadaalaproducciondesemillacertificadacampana2023-2024.pdf"",""https://www.mapa.gob.es/dam/mapa/contenido/agricultura/temas/medios-de-produccion/semillas-y-plantas-de-vivero/estadisticas/superficiededicadaalaproduccionsemillascertificadascampana2022-2023.pdf"",""https://www.uksup.sk/storage/app/uploads/public/698/af6/14e/698af614ea5eb520737689.pdf""]","Original official seed nomenclature plus current/recovered canonical comparison; targeted Kew review where needed, not blanket accepted-name certification"
TAX010,Beta vulgaris,Beta vulgaris,beet-chard,MAPPED_EXACT,"[""https://www.mapa.gob.es/dam/mapa/contenido/agricultura/estadisticas/superficiededicadaalaproduccionsemillascertificadascampana2020-2021.pdf"",""https://www.mapa.gob.es/dam/mapa/contenido/agricultura/temas/medios-de-produccion/semillas-y-plantas-de-vivero/estadisticas/superficie-dedicada-a-la-produccion-semillas-certificadas--campana-24-25.pdf"",""https://www.mapa.gob.es/dam/mapa/contenido/agricultura/temas/medios-de-produccion/semillas-y-plantas-de-vivero/estadisticas/superficiededicadaalaproducciondesemillacertificadacampana2023-2024.pdf"",""https://www.mapa.gob.es/dam/mapa/contenido/agricultura/temas/medios-de-produccion/semillas-y-plantas-de-vivero/estadisticas/superficiededicadaalaproduccionsemillascertificadascampana2022-2023.pdf""]","Original official seed nomenclature plus current/recovered canonical comparison; targeted Kew review where needed, not blanket accepted-name certification"
TAX011,Beta vulgaris var. altissima,Beta vulgaris var. altissima,beet-chard,MAPPED_INFRASPECIFIC,"[""https://baes.gv.at/fileadmin/baes/SaatundPflanzgut/Zulassung/Statistiken/Feldanerkennungsfl%C3%A4chen_Sommerungen_gesamt/Sommerungen_gesamt_ohne_Sorten_2025_BAES.pdf""]","Original official seed nomenclature plus current/recovered canonical comparison; targeted Kew review where needed, not blanket accepted-name certification"
TAX012,Beta vulgaris var. crassa,Beta vulgaris var. crassa,beet-chard,MAPPED_INFRASPECIFIC,"[""https://ukzuz.gov.cz/public/portal/ukzuz/-a27404---i-m4miZL/prehled-prihlasenych-ploch-v-roce-2023-1.-a-2.-cast?_linka=a523324"",""https://ukzuz.gov.cz/public/portal/ukzuz/-a54700---fhG7n0PB/prehled-prihlasenych-ploch-v-roce-2024-1.-a-2.-cast?_linka=a602934""]","Original official seed nomenclature plus current/recovered canonical comparison; targeted Kew review where needed, not blanket accepted-name certification"
TAX013,Beta vulgaris var. orassa,Beta vulgaris var. orassa,null,REVIEW_REQUIRED,"[""https://ukzuz.gov.cz/public/portal/ukzuz/-a81286---EOKIiika/prehled-prihlasenych-ploch-2025-1.-a-2.-cast?_linka=a679878""]","Original official seed nomenclature plus current/recovered canonical comparison; targeted Kew review where needed, not blanket accepted-name certification"
TAX014,Biserrula pelecinus,Biserrula pelecinus,biserrula,MAPPED_EXACT,"[""https://www.dgav.pt/plantas/conteudo/sementes-plantas-e-variedades/sementes/producao-e-certificacao-de-sementes/producao-e-certificacao-de-sementes-estatistica/""]","Original official seed nomenclature plus current/recovered canonical comparison; targeted Kew review where needed, not blanket accepted-name certification"
TAX015,Brassica juncea,Brassica juncea,mustard-seed,MAPPED_TO_SOURCE_AGGREGATE,"[""https://data.gov.lv/dati/dataset/43bd933a-92f2-4ecd-9c2e-6b2fba94b880/resource/cf3b0434-9df8-4038-9a6c-8d0e3fe3f094/download/2_seklaudz_lauku_platibas_kopsavil_pa_sugaam.xlsx"",""https://ukzuz.gov.cz/public/portal/ukzuz/-a27404---i-m4miZL/prehled-prihlasenych-ploch-v-roce-2023-1.-a-2.-cast?_linka=a523324"",""https://ukzuz.gov.cz/public/portal/ukzuz/-a54700---fhG7n0PB/prehled-prihlasenych-ploch-v-roce-2024-1.-a-2.-cast?_linka=a602934"",""https://ukzuz.gov.cz/public/portal/ukzuz/-a81286---EOKIiika/prehled-prihlasenych-ploch-2025-1.-a-2.-cast?_linka=a679878"",""https://vatzum.lrv.lt/public/canonical/1762490747/24010/2025-11-07_33L-85%20%C5%BE.%C5%AB.%20augal%C5%B3%20pas%C4%97liai.pdf""]","Original official seed nomenclature plus current/recovered canonical comparison; targeted Kew review where needed, not blanket accepted-name certification"
TAX016,Brassica napus,Brassica napus,rapeseed,MAPPED_EXACT,"[""https://baes.gv.at/fileadmin/baes/SaatundPflanzgut/Zulassung/Statistiken/Feldanerkennungsfl%C3%A4chen_Sommerungen_gesamt/Sommerungen_gesamt_ohne_Sorten_2025_BAES.pdf"",""https://baes.gv.at/fileadmin/baes/SaatundPflanzgut/Zulassung/Statistiken/Feldanerkennungsfl%C3%A4chen_Winterungen_gesamt/Winterungen_gesamt_ohne_Sorte_2025_BAES.pdf"",""https://ukzuz.gov.cz/public/portal/ukzuz/-a27404---i-m4miZL/prehled-prihlasenych-ploch-v-roce-2023-1.-a-2.-cast?_linka=a523324"",""https://ukzuz.gov.cz/public/portal/ukzuz/-a54700---fhG7n0PB/prehled-prihlasenych-ploch-v-roce-2024-1.-a-2.-cast?_linka=a602934"",""https://ukzuz.gov.cz/public/portal/ukzuz/-a81286---EOKIiika/prehled-prihlasenych-ploch-2025-1.-a-2.-cast?_linka=a679878"",""https://vatzum.lrv.lt/public/canonical/1762490747/24010/2025-11-07_33L-85%20%C5%BE.%C5%AB.%20augal%C5%B3%20pas%C4%97liai.pdf"",""https://www.escaa.org/index/action/page/id/7/title/seed-production-in-eu---2025"",""https://www.gov.si/assets/organi-v-sestavi/UVHVVR/Rastlinski-semenski-material/Uradno-potrjevanje-in-naknadna-kontrola/Pregled-pridelave-uradno-potrjenega-semena_2024.docx"",""https://www.gov.si/assets/organi-v-sestavi/UVHVVR/Rastlinski-semenski-material/Uradno-potrjevanje-in-naknadna-kontrola/Pregled-pridelave-uradno-potrjenega-semena_2025.docx"",""https://www.mapa.gob.es/dam/mapa/contenido/agricultura/estadisticas/superficiededicadaalaproduccionsemillascertificadascampana2020-2021.pdf"",""https://www.mapa.gob.es/dam/mapa/contenido/agricultura/temas/medios-de-produccion/semillas-y-plantas-de-vivero/estadisticas/certificacion-semilla-producida-en-espana-por-especie-y-ccaa--precintado-campana-24-25.pdf"",""https://www.mapa.gob.es/dam/mapa/contenido/agricultura/temas/medios-de-produccion/semillas-y-plantas-de-vivero/estadisticas/superficie-dedicada-a-la-produccion-semillas-certificadas--campana-24-25.pdf"",""https://www.mapa.gob.es/dam/mapa/contenido/agricultura/temas/medios-de-produccion/semillas-y-plantas-de-vivero/estadisticas/superficiededicadaalaproducciondesemillacertificadacampana2023-2024.pdf"",""https://www.mapa.gob.es/dam/mapa/contenido/agricultura/temas/medios-de-produccion/semillas-y-plantas-de-vivero/estadisticas/superficiededicadaalaproduccionsemillascertificadascampana2022-2023.pdf"",""https://www.uksup.sk/storage/app/uploads/public/698/af6/14e/698af614ea5eb520737689.pdf""]","Original official seed nomenclature plus current/recovered canonical comparison; targeted Kew review where needed, not blanket accepted-name certification"
TAX017,Brassica napus var. napobrassica,Brassica napus var. napobrassica,swede-seed-group,MAPPED_TO_SOURCE_AGGREGATE,"[""https://www.gov.si/assets/organi-v-sestavi/UVHVVR/Rastlinski-semenski-material/Uradno-potrjevanje-in-naknadna-kontrola/Pregled-pridelave-uradno-potrjenega-semena_2024.docx"",""https://www.gov.si/assets/organi-v-sestavi/UVHVVR/Rastlinski-semenski-material/Uradno-potrjevanje-in-naknadna-kontrola/Pregled-pridelave-uradno-potrjenega-semena_2025.docx""]","Original official seed nomenclature plus current/recovered canonical comparison; targeted Kew review where needed, not blanket accepted-name certification"
TAX018,Brassica rapa,Brassica rapa,turnip-rape,MAPPED_EXACT,"[""https://www.gov.si/assets/organi-v-sestavi/UVHVVR/Rastlinski-semenski-material/Uradno-potrjevanje-in-naknadna-kontrola/Pregled-pridelave-uradno-potrjenega-semena_2024.docx"",""https://www.gov.si/assets/organi-v-sestavi/UVHVVR/Rastlinski-semenski-material/Uradno-potrjevanje-in-naknadna-kontrola/Pregled-pridelave-uradno-potrjenega-semena_2025.docx""]","Original official seed nomenclature plus current/recovered canonical comparison; targeted Kew review where needed, not blanket accepted-name certification"
TAX019,Brassica rapa var. silvestris,Brassica rapa var. silvestris,turnip-rape,MAPPED_INFRASPECIFIC,"[""https://baes.gv.at/fileadmin/baes/SaatundPflanzgut/Zulassung/Statistiken/Feldanerkennungsfl%C3%A4chen_Winterungen_gesamt/Winterungen_gesamt_ohne_Sorte_2025_BAES.pdf"",""https://data.gov.lv/dati/dataset/43bd933a-92f2-4ecd-9c2e-6b2fba94b880/resource/cf3b0434-9df8-4038-9a6c-8d0e3fe3f094/download/2_seklaudz_lauku_platibas_kopsavil_pa_sugaam.xlsx"",""https://ukzuz.gov.cz/public/portal/ukzuz/-a27404---i-m4miZL/prehled-prihlasenych-ploch-v-roce-2023-1.-a-2.-cast?_linka=a523324"",""https://ukzuz.gov.cz/public/portal/ukzuz/-a54700---fhG7n0PB/prehled-prihlasenych-ploch-v-roce-2024-1.-a-2.-cast?_linka=a602934"",""https://www.uksup.sk/storage/app/uploads/public/698/af6/14e/698af614ea5eb520737689.pdf""]","Original official seed nomenclature plus current/recovered canonical comparison; targeted Kew review where needed, not blanket accepted-name certification"
TAX020,Bromus inermis,Bromus inermis,null,UNMAPPED,"[""https://ukzuz.gov.cz/public/portal/ukzuz/-a27404---i-m4miZL/prehled-prihlasenych-ploch-v-roce-2023-1.-a-2.-cast?_linka=a523324""]","Original official seed nomenclature plus current/recovered canonical comparison; targeted Kew review where needed, not blanket accepted-name certification"
TAX021,Bromus sitchensis,Bromus sitchensis,null,UNMAPPED,"[""https://ukzuz.gov.cz/public/portal/ukzuz/-a27404---i-m4miZL/prehled-prihlasenych-ploch-v-roce-2023-1.-a-2.-cast?_linka=a523324""]","Original official seed nomenclature plus current/recovered canonical comparison; targeted Kew review where needed, not blanket accepted-name certification"
TAX022,Camelina sativa,Camelina sativa,camelina,MAPPED_EXACT,"[""https://ukzuz.gov.cz/public/portal/ukzuz/-a27404---i-m4miZL/prehled-prihlasenych-ploch-v-roce-2023-1.-a-2.-cast?_linka=a523324"",""https://ukzuz.gov.cz/public/portal/ukzuz/-a54700---fhG7n0PB/prehled-prihlasenych-ploch-v-roce-2024-1.-a-2.-cast?_linka=a602934"",""https://www.gov.si/assets/organi-v-sestavi/UVHVVR/Rastlinski-semenski-material/Uradno-potrjevanje-in-naknadna-kontrola/Pregled-pridelave-uradno-potrjenega-semena_2025.docx"",""https://www.mapa.gob.es/dam/mapa/contenido/agricultura/temas/medios-de-produccion/semillas-y-plantas-de-vivero/estadisticas/superficiededicadaalaproducciondesemillacertificadacampana2023-2024.pdf""]","Original official seed nomenclature plus current/recovered canonical comparison; targeted Kew review where needed, not blanket accepted-name certification"
TAX023,Cannabis sativa,Cannabis sativa,hemp,MAPPED_EXACT,"[""https://data.gov.lv/dati/dataset/43bd933a-92f2-4ecd-9c2e-6b2fba94b880/resource/cf3b0434-9df8-4038-9a6c-8d0e3fe3f094/download/2_seklaudz_lauku_platibas_kopsavil_pa_sugaam.xlsx"",""https://ukzuz.gov.cz/public/portal/ukzuz/-a81286---EOKIiika/prehled-prihlasenych-ploch-2025-1.-a-2.-cast?_linka=a679878"",""https://vatzum.lrv.lt/public/canonical/1762490747/24010/2025-11-07_33L-85%20%C5%BE.%C5%AB.%20augal%C5%B3%20pas%C4%97liai.pdf"",""https://www.gov.si/assets/organi-v-sestavi/UVHVVR/Rastlinski-semenski-material/Uradno-potrjevanje-in-naknadna-kontrola/Pregled-pridelave-uradno-potrjenega-semena_2024.docx"",""https://www.gov.si/assets/organi-v-sestavi/UVHVVR/Rastlinski-semenski-material/Uradno-potrjevanje-in-naknadna-kontrola/Pregled-pridelave-uradno-potrjenega-semena_2025.docx"",""https://www.mapa.gob.es/dam/mapa/contenido/agricultura/estadisticas/superficiededicadaalaproduccionsemillascertificadascampana2020-2021.pdf"",""https://www.mapa.gob.es/dam/mapa/contenido/agricultura/temas/medios-de-produccion/semillas-y-plantas-de-vivero/estadisticas/superficie-dedicada-a-la-produccion-semillas-certificadas--campana-24-25.pdf"",""https://www.mapa.gob.es/dam/mapa/contenido/agricultura/temas/medios-de-produccion/semillas-y-plantas-de-vivero/estadisticas/superficiededicadaalaproducciondesemillacertificadacampana2023-2024.pdf"",""https://www.uksup.sk/storage/app/uploads/public/698/af6/14e/698af614ea5eb520737689.pdf""]","Original official seed nomenclature plus current/recovered canonical comparison; targeted Kew review where needed, not blanket accepted-name certification"
TAX024,Capsicum annuum,Capsicum annuum,pepper,MAPPED_EXACT,"[""https://www.mapa.gob.es/dam/mapa/contenido/agricultura/estadisticas/superficiededicadaalaproduccionsemillascertificadascampana2020-2021.pdf"",""https://www.mapa.gob.es/dam/mapa/contenido/agricultura/temas/medios-de-produccion/semillas-y-plantas-de-vivero/estadisticas/certificacion-semilla-producida-en-espana-por-especie-y-ccaa--precintado-campana-24-25.pdf"",""https://www.mapa.gob.es/dam/mapa/contenido/agricultura/temas/medios-de-produccion/semillas-y-plantas-de-vivero/estadisticas/superficie-dedicada-a-la-produccion-semillas-certificadas--campana-24-25.pdf"",""https://www.mapa.gob.es/dam/mapa/contenido/agricultura/temas/medios-de-produccion/semillas-y-plantas-de-vivero/estadisticas/superficiededicadaalaproducciondesemillacertificadacampana2023-2024.pdf"",""https://www.mapa.gob.es/dam/mapa/contenido/agricultura/temas/medios-de-produccion/semillas-y-plantas-de-vivero/estadisticas/superficiededicadaalaproduccionsemillascertificadascampana2022-2023.pdf""]","Original official seed nomenclature plus current/recovered canonical comparison; targeted Kew review where needed, not blanket accepted-name certification"
TAX025,Carthamus tinctorius,Carthamus tinctorius,safflower,MAPPED_EXACT,"[""https://baes.gv.at/fileadmin/baes/SaatundPflanzgut/Zulassung/Statistiken/Feldanerkennungsfl%C3%A4chen_Sommerungen_gesamt/Sommerungen_gesamt_ohne_Sorten_2025_BAES.pdf"",""https://data.gov.lv/dati/dataset/43bd933a-92f2-4ecd-9c2e-6b2fba94b880/resource/cf3b0434-9df8-4038-9a6c-8d0e3fe3f094/download/2_seklaudz_lauku_platibas_kopsavil_pa_sugaam.xlsx"",""https://ukzuz.gov.cz/public/portal/ukzuz/-a27404---i-m4miZL/prehled-prihlasenych-ploch-v-roce-2023-1.-a-2.-cast?_linka=a523324"",""https://ukzuz.gov.cz/public/portal/ukzuz/-a54700---fhG7n0PB/prehled-prihlasenych-ploch-v-roce-2024-1.-a-2.-cast?_linka=a602934"",""https://vatzum.lrv.lt/public/canonical/1762490747/24010/2025-11-07_33L-85%20%C5%BE.%C5%AB.%20augal%C5%B3%20pas%C4%97liai.pdf"",""https://www.mapa.gob.es/dam/mapa/contenido/agricultura/estadisticas/superficiededicadaalaproduccionsemillascertificadascampana2020-2021.pdf"",""https://www.mapa.gob.es/dam/mapa/contenido/agricultura/temas/medios-de-produccion/semillas-y-plantas-de-vivero/estadisticas/certificacion-semilla-producida-en-espana-por-especie-y-ccaa--precintado-campana-24-25.pdf"",""https://www.mapa.gob.es/dam/mapa/contenido/agricultura/temas/medios-de-produccion/semillas-y-plantas-de-vivero/estadisticas/superficie-dedicada-a-la-produccion-semillas-certificadas--campana-24-25.pdf"",""https://www.mapa.gob.es/dam/mapa/contenido/agricultura/temas/medios-de-produccion/semillas-y-plantas-de-vivero/estadisticas/superficiededicadaalaproducciondesemillacertificadacampana2023-2024.pdf"",""https://www.mapa.gob.es/dam/mapa/contenido/agricultura/temas/medios-de-produccion/semillas-y-plantas-de-vivero/estadisticas/superficiededicadaalaproduccionsemillascertificadascampana2022-2023.pdf"",""https://www.uksup.sk/storage/app/uploads/public/698/af6/14e/698af614ea5eb520737689.pdf""]","Original official seed nomenclature plus current/recovered canonical comparison; targeted Kew review where needed, not blanket accepted-name certification"
TAX026,Carum carvi,Carum carvi,caraway,MAPPED_EXACT,"[""https://baes.gv.at/fileadmin/baes/SaatundPflanzgut/Zulassung/Statistiken/Feldanerkennungsfl%C3%A4chen_Winterungen_gesamt/Winterungen_gesamt_ohne_Sorte_2025_BAES.pdf"",""https://data.gov.lv/dati/dataset/43bd933a-92f2-4ecd-9c2e-6b2fba94b880/resource/cf3b0434-9df8-4038-9a6c-8d0e3fe3f094/download/2_seklaudz_lauku_platibas_kopsavil_pa_sugaam.xlsx"",""https://ukzuz.gov.cz/public/portal/ukzuz/-a27404---i-m4miZL/prehled-prihlasenych-ploch-v-roce-2023-1.-a-2.-cast?_linka=a523324"",""https://ukzuz.gov.cz/public/portal/ukzuz/-a54700---fhG7n0PB/prehled-prihlasenych-ploch-v-roce-2024-1.-a-2.-cast?_linka=a602934"",""https://ukzuz.gov.cz/public/portal/ukzuz/-a81286---EOKIiika/prehled-prihlasenych-ploch-2025-1.-a-2.-cast?_linka=a679878"",""https://vatzum.lrv.lt/public/canonical/1762490747/24010/2025-11-07_33L-85%20%C5%BE.%C5%AB.%20augal%C5%B3%20pas%C4%97liai.pdf""]","Original official seed nomenclature plus current/recovered canonical comparison; targeted Kew review where needed, not blanket accepted-name certification"
TAX027,Cicer arietinum,Cicer arietinum,chickpea,MAPPED_EXACT,"[""https://www.dgav.pt/plantas/conteudo/sementes-plantas-e-variedades/sementes/producao-e-certificacao-de-sementes/producao-e-certificacao-de-sementes-estatistica/"",""https://www.mapa.gob.es/dam/mapa/contenido/agricultura/estadisticas/superficiededicadaalaproduccionsemillascertificadascampana2020-2021.pdf"",""https://www.mapa.gob.es/dam/mapa/contenido/agricultura/temas/medios-de-produccion/semillas-y-plantas-de-vivero/estadisticas/certificacion-semilla-producida-en-espana-por-especie-y-ccaa--precintado-campana-24-25.pdf"",""https://www.mapa.gob.es/dam/mapa/contenido/agricultura/temas/medios-de-produccion/semillas-y-plantas-de-vivero/estadisticas/superficie-dedicada-a-la-produccion-semillas-certificadas--campana-24-25.pdf"",""https://www.mapa.gob.es/dam/mapa/contenido/agricultura/temas/medios-de-produccion/semillas-y-plantas-de-vivero/estadisticas/superficiededicadaalaproducciondesemillacertificadacampana2023-2024.pdf"",""https://www.mapa.gob.es/dam/mapa/contenido/agricultura/temas/medios-de-produccion/semillas-y-plantas-de-vivero/estadisticas/superficiededicadaalaproduccionsemillascertificadascampana2022-2023.pdf""]","Original official seed nomenclature plus current/recovered canonical comparison; targeted Kew review where needed, not blanket accepted-name certification"
TAX028,Cichorium intybus,Cichorium intybus,null,UNMAPPED,"[""https://baes.gv.at/fileadmin/baes/SaatundPflanzgut/Zulassung/Statistiken/Feldanerkennungsfl%C3%A4chen_Sommerungen_gesamt/Sommerungen_gesamt_ohne_Sorten_2025_BAES.pdf""]","Original official seed nomenclature plus current/recovered canonical comparison; targeted Kew review where needed, not blanket accepted-name certification"
TAX029,Cucurbita pepo,Cucurbita pepo,null,UNMAPPED,"[""https://baes.gv.at/fileadmin/baes/SaatundPflanzgut/Zulassung/Statistiken/Feldanerkennungsfl%C3%A4chen_Sommerungen_gesamt/Sommerungen_gesamt_ohne_Sorten_2025_BAES.pdf""]","Original official seed nomenclature plus current/recovered canonical comparison; targeted Kew review where needed, not blanket accepted-name certification"
TAX030,Cynodon dactylon,Cynodon dactylon,null,UNMAPPED,"[""https://www.mapa.gob.es/dam/mapa/contenido/agricultura/estadisticas/superficiededicadaalaproduccionsemillascertificadascampana2020-2021.pdf"",""https://www.mapa.gob.es/dam/mapa/contenido/agricultura/temas/medios-de-produccion/semillas-y-plantas-de-vivero/estadisticas/certificacion-semilla-producida-en-espana-por-especie-y-ccaa--precintado-campana-24-25.pdf""]","Original official seed nomenclature plus current/recovered canonical comparison; targeted Kew review where needed, not blanket accepted-name certification"
TAX031,Cynosurus cristatus,Cynosurus cristatus,null,UNMAPPED,"[""https://ukzuz.gov.cz/public/portal/ukzuz/-a27404---i-m4miZL/prehled-prihlasenych-ploch-v-roce-2023-1.-a-2.-cast?_linka=a523324"",""https://ukzuz.gov.cz/public/portal/ukzuz/-a54700---fhG7n0PB/prehled-prihlasenych-ploch-v-roce-2024-1.-a-2.-cast?_linka=a602934""]","Original official seed nomenclature plus current/recovered canonical comparison; targeted Kew review where needed, not blanket accepted-name certification"
TAX032,Dactylis glomerata,Dactylis glomerata,cocksfoot,MAPPED_EXACT,"[""https://baes.gv.at/fileadmin/baes/SaatundPflanzgut/Zulassung/Statistiken/Feldanerkennungsfl%C3%A4chen_Sommerungen_gesamt/Sommerungen_gesamt_ohne_Sorten_2025_BAES.pdf"",""https://data.gov.lv/dati/dataset/43bd933a-92f2-4ecd-9c2e-6b2fba94b880/resource/cf3b0434-9df8-4038-9a6c-8d0e3fe3f094/download/2_seklaudz_lauku_platibas_kopsavil_pa_sugaam.xlsx"",""https://ukzuz.gov.cz/public/portal/ukzuz/-a27404---i-m4miZL/prehled-prihlasenych-ploch-v-roce-2023-1.-a-2.-cast?_linka=a523324"",""https://ukzuz.gov.cz/public/portal/ukzuz/-a54700---fhG7n0PB/prehled-prihlasenych-ploch-v-roce-2024-1.-a-2.-cast?_linka=a602934"",""https://ukzuz.gov.cz/public/portal/ukzuz/-a81286---EOKIiika/prehled-prihlasenych-ploch-2025-1.-a-2.-cast?_linka=a679878"",""https://www.mapa.gob.es/dam/mapa/contenido/agricultura/estadisticas/superficiededicadaalaproduccionsemillascertificadascampana2020-2021.pdf"",""https://www.mapa.gob.es/dam/mapa/contenido/agricultura/temas/medios-de-produccion/semillas-y-plantas-de-vivero/estadisticas/superficie-dedicada-a-la-produccion-semillas-certificadas--campana-24-25.pdf"",""https://www.mapa.gob.es/dam/mapa/contenido/agricultura/temas/medios-de-produccion/semillas-y-plantas-de-vivero/estadisticas/superficiededicadaalaproduccionsemillascertificadascampana2022-2023.pdf"",""https://www.uksup.sk/storage/app/uploads/public/698/af6/14e/698af614ea5eb520737689.pdf""]","Original official seed nomenclature plus current/recovered canonical comparison; targeted Kew review where needed, not blanket accepted-name certification"
TAX033,Fagopyrum esculentum,Fagopyrum esculentum,buckwheat,MAPPED_EXACT,"[""https://baes.gv.at/fileadmin/baes/SaatundPflanzgut/Zulassung/Statistiken/Feldanerkennungsfl%C3%A4chen_Sommerungen_gesamt/Sommerungen_gesamt_ohne_Sorten_2025_BAES.pdf"",""https://data.gov.lv/dati/dataset/43bd933a-92f2-4ecd-9c2e-6b2fba94b880/resource/cf3b0434-9df8-4038-9a6c-8d0e3fe3f094/download/2_seklaudz_lauku_platibas_kopsavil_pa_sugaam.xlsx"",""https://data.gov.lv/dati/dataset/dbd2b2ed-148e-426e-abbf-97f1d2fd9de1/resource/ae839ed9-5d09-4f29-be5e-4f8992d8dbbf/download/dati_sert_sekla_labibas.xlsx"",""https://ukzuz.gov.cz/public/portal/ukzuz/-a27404---i-m4miZL/prehled-prihlasenych-ploch-v-roce-2023-1.-a-2.-cast?_linka=a523324"",""https://ukzuz.gov.cz/public/portal/ukzuz/-a54700---fhG7n0PB/prehled-prihlasenych-ploch-v-roce-2024-1.-a-2.-cast?_linka=a602934"",""https://ukzuz.gov.cz/public/portal/ukzuz/-a81286---EOKIiika/prehled-prihlasenych-ploch-2025-1.-a-2.-cast?_linka=a679878"",""https://vatzum.lrv.lt/public/canonical/1762490747/24010/2025-11-07_33L-85%20%C5%BE.%C5%AB.%20augal%C5%B3%20pas%C4%97liai.pdf"",""https://www.gov.si/assets/organi-v-sestavi/UVHVVR/Rastlinski-semenski-material/Uradno-potrjevanje-in-naknadna-kontrola/Pregled-pridelave-uradno-potrjenega-semena_2024.docx"",""https://www.gov.si/assets/organi-v-sestavi/UVHVVR/Rastlinski-semenski-material/Uradno-potrjevanje-in-naknadna-kontrola/Pregled-pridelave-uradno-potrjenega-semena_2025.docx""]","Original official seed nomenclature plus current/recovered canonical comparison; targeted Kew review where needed, not blanket accepted-name certification"
TAX034,Fagopyrum esculentum var. alata,Fagopyrum esculentum var. alata,buckwheat,MAPPED_INFRASPECIFIC,"[""https://www.uksup.sk/storage/app/uploads/public/698/af6/14e/698af614ea5eb520737689.pdf""]","Original official seed nomenclature plus current/recovered canonical comparison; targeted Kew review where needed, not blanket accepted-name certification"
TAX035,Festuca arundinacea,Festuca arundinacea,fescues,MAPPED_TO_GENUS_GROUP,"[""https://data.gov.lv/dati/dataset/43bd933a-92f2-4ecd-9c2e-6b2fba94b880/resource/cf3b0434-9df8-4038-9a6c-8d0e3fe3f094/download/2_seklaudz_lauku_platibas_kopsavil_pa_sugaam.xlsx"",""https://ukzuz.gov.cz/public/portal/ukzuz/-a27404---i-m4miZL/prehled-prihlasenych-ploch-v-roce-2023-1.-a-2.-cast?_linka=a523324"",""https://ukzuz.gov.cz/public/portal/ukzuz/-a54700---fhG7n0PB/prehled-prihlasenych-ploch-v-roce-2024-1.-a-2.-cast?_linka=a602934"",""https://ukzuz.gov.cz/public/portal/ukzuz/-a81286---EOKIiika/prehled-prihlasenych-ploch-2025-1.-a-2.-cast?_linka=a679878"",""https://www.mapa.gob.es/dam/mapa/contenido/agricultura/estadisticas/superficiededicadaalaproduccionsemillascertificadascampana2020-2021.pdf"",""https://www.mapa.gob.es/dam/mapa/contenido/agricultura/temas/medios-de-produccion/semillas-y-plantas-de-vivero/estadisticas/certificacion-semilla-producida-en-espana-por-especie-y-ccaa--precintado-campana-24-25.pdf"",""https://www.mapa.gob.es/dam/mapa/contenido/agricultura/temas/medios-de-produccion/semillas-y-plantas-de-vivero/estadisticas/superficie-dedicada-a-la-produccion-semillas-certificadas--campana-24-25.pdf"",""https://www.mapa.gob.es/dam/mapa/contenido/agricultura/temas/medios-de-produccion/semillas-y-plantas-de-vivero/estadisticas/superficiededicadaalaproducciondesemillacertificadacampana2023-2024.pdf"",""https://www.mapa.gob.es/dam/mapa/contenido/agricultura/temas/medios-de-produccion/semillas-y-plantas-de-vivero/estadisticas/superficiededicadaalaproduccionsemillascertificadascampana2022-2023.pdf"",""https://www.uksup.sk/storage/app/uploads/public/698/af6/14e/698af614ea5eb520737689.pdf""]","Original official seed nomenclature plus current/recovered canonical comparison; targeted Kew review where needed, not blanket accepted-name certification"
TAX036,Festuca ovina,Festuca ovina,fescues,MAPPED_TO_GENUS_GROUP,"[""https://www.uksup.sk/storage/app/uploads/public/698/af6/14e/698af614ea5eb520737689.pdf""]","Original official seed nomenclature plus current/recovered canonical comparison; targeted Kew review where needed, not blanket accepted-name certification"
TAX037,Festuca pratensis,Festuca pratensis,meadow-fescue,MAPPED_EXACT,"[""https://baes.gv.at/fileadmin/baes/SaatundPflanzgut/Zulassung/Statistiken/Feldanerkennungsfl%C3%A4chen_Sommerungen_gesamt/Sommerungen_gesamt_ohne_Sorten_2025_BAES.pdf"",""https://data.gov.lv/dati/dataset/43bd933a-92f2-4ecd-9c2e-6b2fba94b880/resource/cf3b0434-9df8-4038-9a6c-8d0e3fe3f094/download/2_seklaudz_lauku_platibas_kopsavil_pa_sugaam.xlsx"",""https://ukzuz.gov.cz/public/portal/ukzuz/-a27404---i-m4miZL/prehled-prihlasenych-ploch-v-roce-2023-1.-a-2.-cast?_linka=a523324"",""https://ukzuz.gov.cz/public/portal/ukzuz/-a54700---fhG7n0PB/prehled-prihlasenych-ploch-v-roce-2024-1.-a-2.-cast?_linka=a602934"",""https://ukzuz.gov.cz/public/portal/ukzuz/-a81286---EOKIiika/prehled-prihlasenych-ploch-2025-1.-a-2.-cast?_linka=a679878""]","Original official seed nomenclature plus current/recovered canonical comparison; targeted Kew review where needed, not blanket accepted-name certification"
TAX038,Festuca rubra,Festuca rubra,red-fescue,MAPPED_EXACT,"[""https://data.gov.lv/dati/dataset/43bd933a-92f2-4ecd-9c2e-6b2fba94b880/resource/cf3b0434-9df8-4038-9a6c-8d0e3fe3f094/download/2_seklaudz_lauku_platibas_kopsavil_pa_sugaam.xlsx"",""https://ukzuz.gov.cz/public/portal/ukzuz/-a27404---i-m4miZL/prehled-prihlasenych-ploch-v-roce-2023-1.-a-2.-cast?_linka=a523324"",""https://ukzuz.gov.cz/public/portal/ukzuz/-a54700---fhG7n0PB/prehled-prihlasenych-ploch-v-roce-2024-1.-a-2.-cast?_linka=a602934"",""https://ukzuz.gov.cz/public/portal/ukzuz/-a81286---EOKIiika/prehled-prihlasenych-ploch-2025-1.-a-2.-cast?_linka=a679878"",""https://www.mapa.gob.es/dam/mapa/contenido/agricultura/temas/medios-de-produccion/semillas-y-plantas-de-vivero/estadisticas/certificacion-semilla-producida-en-espana-por-especie-y-ccaa--precintado-campana-24-25.pdf"",""https://www.mapa.gob.es/dam/mapa/contenido/agricultura/temas/medios-de-produccion/semillas-y-plantas-de-vivero/estadisticas/superficiededicadaalaproduccionsemillascertificadascampana2022-2023.pdf"",""https://www.uksup.sk/storage/app/uploads/public/698/af6/14e/698af614ea5eb520737689.pdf""]","Original official seed nomenclature plus current/recovered canonical comparison; targeted Kew review where needed, not blanket accepted-name certification"
TAX039,Festuca trachyphylla,Festuca trachyphylla,fescues,MAPPED_TO_GENUS_GROUP,"[""https://ukzuz.gov.cz/public/portal/ukzuz/-a27404---i-m4miZL/prehled-prihlasenych-ploch-v-roce-2023-1.-a-2.-cast?_linka=a523324"",""https://ukzuz.gov.cz/public/portal/ukzuz/-a54700---fhG7n0PB/prehled-prihlasenych-ploch-v-roce-2024-1.-a-2.-cast?_linka=a602934"",""https://ukzuz.gov.cz/public/portal/ukzuz/-a81286---EOKIiika/prehled-prihlasenych-ploch-2025-1.-a-2.-cast?_linka=a679878""]","Original official seed nomenclature plus current/recovered canonical comparison; targeted Kew review where needed, not blanket accepted-name certification"
TAX040,Galega orientalis,Galega orientalis,fodder-galega,MAPPED_EXACT,"[""https://data.gov.lv/dati/dataset/43bd933a-92f2-4ecd-9c2e-6b2fba94b880/resource/cf3b0434-9df8-4038-9a6c-8d0e3fe3f094/download/2_seklaudz_lauku_platibas_kopsavil_pa_sugaam.xlsx"",""https://data.gov.lv/dati/lv/api/action/datastore_search?resource_id=3c102cd3-3268-491f-b56a-14a2ac62e448&limit=100000"",""https://ukzuz.gov.cz/public/portal/ukzuz/-a27404---i-m4miZL/prehled-prihlasenych-ploch-v-roce-2023-1.-a-2.-cast?_linka=a523324""]","Original official seed nomenclature plus current/recovered canonical comparison; targeted Kew review where needed, not blanket accepted-name certification"
TAX041,Glycine max,Glycine max,soybean,MAPPED_EXACT,"[""https://baes.gv.at/fileadmin/baes/SaatundPflanzgut/Zulassung/Statistiken/Feldanerkennungsfl%C3%A4chen_Sommerungen_gesamt/Sommerungen_gesamt_ohne_Sorten_2025_BAES.pdf"",""https://ukzuz.gov.cz/public/portal/ukzuz/-a27404---i-m4miZL/prehled-prihlasenych-ploch-v-roce-2023-1.-a-2.-cast?_linka=a523324"",""https://ukzuz.gov.cz/public/portal/ukzuz/-a54700---fhG7n0PB/prehled-prihlasenych-ploch-v-roce-2024-1.-a-2.-cast?_linka=a602934"",""https://ukzuz.gov.cz/public/portal/ukzuz/-a81286---EOKIiika/prehled-prihlasenych-ploch-2025-1.-a-2.-cast?_linka=a679878"",""https://www.escaa.org/index/action/page/id/7/title/seed-production-in-eu---2025"",""https://www.mapa.gob.es/dam/mapa/contenido/agricultura/estadisticas/superficiededicadaalaproduccionsemillascertificadascampana2020-2021.pdf"",""https://www.mapa.gob.es/dam/mapa/contenido/agricultura/temas/medios-de-produccion/semillas-y-plantas-de-vivero/estadisticas/certificacion-semilla-producida-en-espana-por-especie-y-ccaa--precintado-campana-24-25.pdf"",""https://www.mapa.gob.es/dam/mapa/contenido/agricultura/temas/medios-de-produccion/semillas-y-plantas-de-vivero/estadisticas/superficie-dedicada-a-la-produccion-semillas-certificadas--campana-24-25.pdf"",""https://www.mapa.gob.es/dam/mapa/contenido/agricultura/temas/medios-de-produccion/semillas-y-plantas-de-vivero/estadisticas/superficiededicadaalaproducciondesemillacertificadacampana2023-2024.pdf"",""https://www.mapa.gob.es/dam/mapa/contenido/agricultura/temas/medios-de-produccion/semillas-y-plantas-de-vivero/estadisticas/superficiededicadaalaproduccionsemillascertificadascampana2022-2023.pdf"",""https://www.uksup.sk/storage/app/uploads/public/698/af6/14e/698af614ea5eb520737689.pdf""]","Original official seed nomenclature plus current/recovered canonical comparison; targeted Kew review where needed, not blanket accepted-name certification"
TAX042,Hedysarum coronarium,Hedysarum coronarium,null,UNMAPPED,"[""https://www.mapa.gob.es/dam/mapa/contenido/agricultura/estadisticas/superficiededicadaalaproduccionsemillascertificadascampana2020-2021.pdf""]","Original official seed nomenclature plus current/recovered canonical comparison; targeted Kew review where needed, not blanket accepted-name certification"
TAX043,Helianthus annuus,Helianthus annuus,sunflower,MAPPED_EXACT,"[""https://baes.gv.at/fileadmin/baes/SaatundPflanzgut/Zulassung/Statistiken/Feldanerkennungsfl%C3%A4chen_Sommerungen_gesamt/Sommerungen_gesamt_ohne_Sorten_2025_BAES.pdf"",""https://www.dgav.pt/plantas/conteudo/sementes-plantas-e-variedades/sementes/producao-e-certificacao-de-sementes/producao-e-certificacao-de-sementes-estatistica/"",""https://www.escaa.org/index/action/page/id/7/title/seed-production-in-eu---2025"",""https://www.mapa.gob.es/dam/mapa/contenido/agricultura/estadisticas/superficiededicadaalaproduccionsemillascertificadascampana2020-2021.pdf"",""https://www.mapa.gob.es/dam/mapa/contenido/agricultura/temas/medios-de-produccion/semillas-y-plantas-de-vivero/estadisticas/certificacion-semilla-producida-en-espana-por-especie-y-ccaa--precintado-campana-24-25.pdf"",""https://www.mapa.gob.es/dam/mapa/contenido/agricultura/temas/medios-de-produccion/semillas-y-plantas-de-vivero/estadisticas/superficie-dedicada-a-la-produccion-semillas-certificadas--campana-24-25.pdf"",""https://www.mapa.gob.es/dam/mapa/contenido/agricultura/temas/medios-de-produccion/semillas-y-plantas-de-vivero/estadisticas/superficiededicadaalaproducciondesemillacertificadacampana2023-2024.pdf"",""https://www.mapa.gob.es/dam/mapa/contenido/agricultura/temas/medios-de-produccion/semillas-y-plantas-de-vivero/estadisticas/superficiededicadaalaproduccionsemillascertificadascampana2022-2023.pdf"",""https://www.uksup.sk/storage/app/uploads/public/698/af6/14e/698af614ea5eb520737689.pdf""]","Original official seed nomenclature plus current/recovered canonical comparison; targeted Kew review where needed, not blanket accepted-name certification"
TAX044,Holcus lanatus,Holcus lanatus,null,UNMAPPED,"[""https://ukzuz.gov.cz/public/portal/ukzuz/-a27404---i-m4miZL/prehled-prihlasenych-ploch-v-roce-2023-1.-a-2.-cast?_linka=a523324""]","Original official seed nomenclature plus current/recovered canonical comparison; targeted Kew review where needed, not blanket accepted-name certification"
TAX045,Hordeum vulgare,Hordeum vulgare,barley,MAPPED_EXACT,"[""https://baes.gv.at/fileadmin/baes/SaatundPflanzgut/Zulassung/Statistiken/Feldanerkennungsfl%C3%A4chen_Sommerungen_gesamt/Sommerungen_gesamt_ohne_Sorten_2025_BAES.pdf"",""https://baes.gv.at/fileadmin/baes/SaatundPflanzgut/Zulassung/Statistiken/Feldanerkennungsfl%C3%A4chen_Winterungen_gesamt/Winterungen_gesamt_ohne_Sorte_2025_BAES.pdf"",""https://data.gov.lv/dati/dataset/43bd933a-92f2-4ecd-9c2e-6b2fba94b880/resource/cf3b0434-9df8-4038-9a6c-8d0e3fe3f094/download/2_seklaudz_lauku_platibas_kopsavil_pa_sugaam.xlsx"",""https://data.gov.lv/dati/dataset/dbd2b2ed-148e-426e-abbf-97f1d2fd9de1/resource/ae839ed9-5d09-4f29-be5e-4f8992d8dbbf/download/dati_sert_sekla_labibas.xlsx"",""https://download.data.public.lu/resources/seed-certification-in-luxembourg/20220225-093903/lu-seed-production-area-2021.csv"",""https://download.data.public.lu/resources/seed-certification-in-luxembourg/20230118-100128/lu-seed-production-area-2022.csv"",""https://download.data.public.lu/resources/seed-certification-in-luxembourg/20231206-145609/lu-seed-production-area-2023.csv"",""https://download.data.public.lu/resources/seed-certification-in-luxembourg/20250113-181136/lu-seed-production-area-2024.csv"",""https://ukzuz.gov.cz/public/portal/ukzuz/-a27404---i-m4miZL/prehled-prihlasenych-ploch-v-roce-2023-1.-a-2.-cast?_linka=a523324"",""https://ukzuz.gov.cz/public/portal/ukzuz/-a54700---fhG7n0PB/prehled-prihlasenych-ploch-v-roce-2024-1.-a-2.-cast?_linka=a602934"",""https://ukzuz.gov.cz/public/portal/ukzuz/-a81286---EOKIiika/prehled-prihlasenych-ploch-2025-1.-a-2.-cast?_linka=a679878"",""https://www.dgav.pt/plantas/conteudo/sementes-plantas-e-variedades/sementes/producao-e-certificacao-de-sementes/producao-e-certificacao-de-sementes-estatistica/"",""https://www.escaa.org/index/action/page/id/7/title/seed-production-in-eu---2025"",""https://www.gov.si/assets/organi-v-sestavi/UVHVVR/Rastlinski-semenski-material/Uradno-potrjevanje-in-naknadna-kontrola/Pregled-pridelave-uradno-potrjenega-semena_2024.docx"",""https://www.gov.si/assets/organi-v-sestavi/UVHVVR/Rastlinski-semenski-material/Uradno-potrjevanje-in-naknadna-kontrola/Pregled-pridelave-uradno-potrjenega-semena_2025.docx"",""https://www.mapa.gob.es/dam/mapa/contenido/agricultura/estadisticas/superficiededicadaalaproduccionsemillascertificadascampana2020-2021.pdf"",""https://www.mapa.gob.es/dam/mapa/contenido/agricultura/temas/medios-de-produccion/semillas-y-plantas-de-vivero/estadisticas/certificacion-semilla-producida-en-espana-por-especie-y-ccaa--precintado-campana-24-25.pdf"",""https://www.mapa.gob.es/dam/mapa/contenido/agricultura/temas/medios-de-produccion/semillas-y-plantas-de-vivero/estadisticas/superficie-dedicada-a-la-produccion-semillas-certificadas--campana-24-25.pdf"",""https://www.mapa.gob.es/dam/mapa/contenido/agricultura/temas/medios-de-produccion/semillas-y-plantas-de-vivero/estadisticas/superficiededicadaalaproducciondesemillacertificadacampana2023-2024.pdf"",""https://www.mapa.gob.es/dam/mapa/contenido/agricultura/temas/medios-de-produccion/semillas-y-plantas-de-vivero/estadisticas/superficiededicadaalaproduccionsemillascertificadascampana2022-2023.pdf"",""https://www.uksup.sk/storage/app/uploads/public/698/af6/14e/698af614ea5eb520737689.pdf""]","Original official seed nomenclature plus current/recovered canonical comparison; targeted Kew review where needed, not blanket accepted-name certification"
TAX046,Lactuca sativa,Lactuca sativa,null,UNMAPPED,"[""https://www.mapa.gob.es/dam/mapa/contenido/agricultura/temas/medios-de-produccion/semillas-y-plantas-de-vivero/estadisticas/superficie-dedicada-a-la-produccion-semillas-certificadas--campana-24-25.pdf""]","Original official seed nomenclature plus current/recovered canonical comparison; targeted Kew review where needed, not blanket accepted-name certification"
TAX047,Lathyrus cicera,Lathyrus cicera,red-pea,MAPPED_EXACT,"[""https://www.dgav.pt/plantas/conteudo/sementes-plantas-e-variedades/sementes/producao-e-certificacao-de-sementes/producao-e-certificacao-de-sementes-estatistica/""]","Original official seed nomenclature plus current/recovered canonical comparison; targeted Kew review where needed, not blanket accepted-name certification"
TAX048,Lens culinaris,Lens culinaris,lentil,MAPPED_EXACT,"[""https://www.mapa.gob.es/dam/mapa/contenido/agricultura/estadisticas/superficiededicadaalaproduccionsemillascertificadascampana2020-2021.pdf"",""https://www.mapa.gob.es/dam/mapa/contenido/agricultura/temas/medios-de-produccion/semillas-y-plantas-de-vivero/estadisticas/certificacion-semilla-producida-en-espana-por-especie-y-ccaa--precintado-campana-24-25.pdf"",""https://www.mapa.gob.es/dam/mapa/contenido/agricultura/temas/medios-de-produccion/semillas-y-plantas-de-vivero/estadisticas/superficie-dedicada-a-la-produccion-semillas-certificadas--campana-24-25.pdf"",""https://www.mapa.gob.es/dam/mapa/contenido/agricultura/temas/medios-de-produccion/semillas-y-plantas-de-vivero/estadisticas/superficiededicadaalaproducciondesemillacertificadacampana2023-2024.pdf"",""https://www.mapa.gob.es/dam/mapa/contenido/agricultura/temas/medios-de-produccion/semillas-y-plantas-de-vivero/estadisticas/superficiededicadaalaproduccionsemillascertificadascampana2022-2023.pdf""]","Original official seed nomenclature plus current/recovered canonical comparison; targeted Kew review where needed, not blanket accepted-name certification"
TAX049,Linum usitatissimum,Linum usitatissimum,flax,MAPPED_EXACT,"[""https://baes.gv.at/fileadmin/baes/SaatundPflanzgut/Zulassung/Statistiken/Feldanerkennungsfl%C3%A4chen_Sommerungen_gesamt/Sommerungen_gesamt_ohne_Sorten_2025_BAES.pdf"",""https://data.gov.lv/dati/dataset/43bd933a-92f2-4ecd-9c2e-6b2fba94b880/resource/cf3b0434-9df8-4038-9a6c-8d0e3fe3f094/download/2_seklaudz_lauku_platibas_kopsavil_pa_sugaam.xlsx"",""https://iasas.government.bg/upl/files/Articles/%D0%98%D0%90%D0%A1%D0%90%D0%A1%20%D0%93%D0%BE%D0%B4%D0%B8%D1%88%D0%B5%D0%BD%20%D0%B4%D0%BE%D0%BA%D0%BB%D0%B0%D0%B4%20%20%D0%90%D0%B3%D1%80%D0%B0%D1%80%D0%B5%D0%BD%20%D0%B4%D0%BE%D0%BA%D0%BB%D0%B0%D0%B4%20%202024.pdf"",""https://ukzuz.gov.cz/public/portal/ukzuz/-a27404---i-m4miZL/prehled-prihlasenych-ploch-v-roce-2023-1.-a-2.-cast?_linka=a523324"",""https://ukzuz.gov.cz/public/portal/ukzuz/-a54700---fhG7n0PB/prehled-prihlasenych-ploch-v-roce-2024-1.-a-2.-cast?_linka=a602934"",""https://ukzuz.gov.cz/public/portal/ukzuz/-a81286---EOKIiika/prehled-prihlasenych-ploch-2025-1.-a-2.-cast?_linka=a679878"",""https://vatzum.lrv.lt/public/canonical/1762490747/24010/2025-11-07_33L-85%20%C5%BE.%C5%AB.%20augal%C5%B3%20pas%C4%97liai.pdf"",""https://www.dgav.pt/plantas/conteudo/sementes-plantas-e-variedades/sementes/producao-e-certificacao-de-sementes/producao-e-certificacao-de-sementes-estatistica/"",""https://www.escaa.org/index/action/page/id/7/title/seed-production-in-eu---2025"",""https://www.mapa.gob.es/dam/mapa/contenido/agricultura/estadisticas/superficiededicadaalaproduccionsemillascertificadascampana2020-2021.pdf"",""https://www.mapa.gob.es/dam/mapa/contenido/agricultura/temas/medios-de-produccion/semillas-y-plantas-de-vivero/estadisticas/certificacion-semilla-producida-en-espana-por-especie-y-ccaa--precintado-campana-24-25.pdf"",""https://www.mapa.gob.es/dam/mapa/contenido/agricultura/temas/medios-de-produccion/semillas-y-plantas-de-vivero/estadisticas/superficie-dedicada-a-la-produccion-semillas-certificadas--campana-24-25.pdf"",""https://www.mapa.gob.es/dam/mapa/contenido/agricultura/temas/medios-de-produccion/semillas-y-plantas-de-vivero/estadisticas/superficiededicadaalaproducciondesemillacertificadacampana2023-2024.pdf"",""https://www.mapa.gob.es/dam/mapa/contenido/agricultura/temas/medios-de-produccion/semillas-y-plantas-de-vivero/estadisticas/superficiededicadaalaproduccionsemillascertificadascampana2022-2023.pdf"",""https://www.uksup.sk/storage/app/uploads/public/698/af6/14e/698af614ea5eb520737689.pdf""]","Original official seed nomenclature plus current/recovered canonical comparison; targeted Kew review where needed, not blanket accepted-name certification"
TAX050,Lolium hybridum,Lolium hybridum,hybrid-ryegrass,MAPPED_SYNONYM,"[""https://baes.gv.at/fileadmin/baes/SaatundPflanzgut/Zulassung/Statistiken/Feldanerkennungsfl%C3%A4chen_Sommerungen_gesamt/Sommerungen_gesamt_ohne_Sorten_2025_BAES.pdf""]","Original official seed nomenclature plus current/recovered canonical comparison; targeted Kew review where needed, not blanket accepted-name certification"
TAX051,Lolium multiflorum,Lolium multiflorum,italian-ryegrass,MAPPED_EXACT,"[""https://data.gov.lv/dati/dataset/43bd933a-92f2-4ecd-9c2e-6b2fba94b880/resource/cf3b0434-9df8-4038-9a6c-8d0e3fe3f094/download/2_seklaudz_lauku_platibas_kopsavil_pa_sugaam.xlsx"",""https://www.dgav.pt/plantas/conteudo/sementes-plantas-e-variedades/sementes/producao-e-certificacao-de-sementes/producao-e-certificacao-de-sementes-estatistica/"",""https://www.gov.si/assets/organi-v-sestavi/UVHVVR/Rastlinski-semenski-material/Uradno-potrjevanje-in-naknadna-kontrola/Pregled-pridelave-uradno-potrjenega-semena_2024.docx"",""https://www.gov.si/assets/organi-v-sestavi/UVHVVR/Rastlinski-semenski-material/Uradno-potrjevanje-in-naknadna-kontrola/Pregled-pridelave-uradno-potrjenega-semena_2025.docx"",""https://www.mapa.gob.es/dam/mapa/contenido/agricultura/estadisticas/superficiededicadaalaproduccionsemillascertificadascampana2020-2021.pdf"",""https://www.mapa.gob.es/dam/mapa/contenido/agricultura/temas/medios-de-produccion/semillas-y-plantas-de-vivero/estadisticas/certificacion-semilla-producida-en-espana-por-especie-y-ccaa--precintado-campana-24-25.pdf"",""https://www.mapa.gob.es/dam/mapa/contenido/agricultura/temas/medios-de-produccion/semillas-y-plantas-de-vivero/estadisticas/superficie-dedicada-a-la-produccion-semillas-certificadas--campana-24-25.pdf"",""https://www.mapa.gob.es/dam/mapa/contenido/agricultura/temas/medios-de-produccion/semillas-y-plantas-de-vivero/estadisticas/superficiededicadaalaproducciondesemillacertificadacampana2023-2024.pdf"",""https://www.mapa.gob.es/dam/mapa/contenido/agricultura/temas/medios-de-produccion/semillas-y-plantas-de-vivero/estadisticas/superficiededicadaalaproduccionsemillascertificadascampana2022-2023.pdf"",""https://www.uksup.sk/storage/app/uploads/public/698/af6/14e/698af614ea5eb520737689.pdf""]","Original official seed nomenclature plus current/recovered canonical comparison; targeted Kew review where needed, not blanket accepted-name certification"
TAX052,Lolium multiflorum ssp. alternativum,Lolium multiflorum ssp. alternativum,annual-ryegrass,MAPPED_TO_SOURCE_AGGREGATE,"[""https://baes.gv.at/fileadmin/baes/SaatundPflanzgut/Zulassung/Statistiken/Feldanerkennungsfl%C3%A4chen_Sommerungen_gesamt/Sommerungen_gesamt_ohne_Sorten_2025_BAES.pdf""]","Original official seed nomenclature plus current/recovered canonical comparison; targeted Kew review where needed, not blanket accepted-name certification"
TAX053,Lolium multiflorum ssp. nonalternativum,Lolium multiflorum ssp. nonalternativum,italian-ryegrass,MAPPED_INFRASPECIFIC,"[""https://baes.gv.at/fileadmin/baes/SaatundPflanzgut/Zulassung/Statistiken/Feldanerkennungsfl%C3%A4chen_Sommerungen_gesamt/Sommerungen_gesamt_ohne_Sorten_2025_BAES.pdf""]","Original official seed nomenclature plus current/recovered canonical comparison; targeted Kew review where needed, not blanket accepted-name certification"
TAX054,Lolium multiflorum subsp. alternativum,Lolium multiflorum subsp. alternativum,annual-ryegrass,MAPPED_TO_SOURCE_AGGREGATE,"[""https://data.gov.lv/dati/dataset/43bd933a-92f2-4ecd-9c2e-6b2fba94b880/resource/cf3b0434-9df8-4038-9a6c-8d0e3fe3f094/download/2_seklaudz_lauku_platibas_kopsavil_pa_sugaam.xlsx""]","Original official seed nomenclature plus current/recovered canonical comparison; targeted Kew review where needed, not blanket accepted-name certification"
TAX055,Lolium multiflorum subsp. italicum,Lolium multiflorum subsp. italicum,italian-ryegrass,MAPPED_INFRASPECIFIC,"[""https://download.data.public.lu/resources/seed-certification-in-luxembourg/20220225-093903/lu-seed-production-area-2021.csv"",""https://download.data.public.lu/resources/seed-certification-in-luxembourg/20230118-100128/lu-seed-production-area-2022.csv"",""https://download.data.public.lu/resources/seed-certification-in-luxembourg/20231206-145609/lu-seed-production-area-2023.csv"",""https://download.data.public.lu/resources/seed-certification-in-luxembourg/20250113-181136/lu-seed-production-area-2024.csv""]","Original official seed nomenclature plus current/recovered canonical comparison; targeted Kew review where needed, not blanket accepted-name certification"
TAX056,Lolium multiflorum var. italicum,Lolium multiflorum var. italicum,italian-ryegrass,MAPPED_INFRASPECIFIC,"[""https://ukzuz.gov.cz/public/portal/ukzuz/-a27404---i-m4miZL/prehled-prihlasenych-ploch-v-roce-2023-1.-a-2.-cast?_linka=a523324"",""https://ukzuz.gov.cz/public/portal/ukzuz/-a54700---fhG7n0PB/prehled-prihlasenych-ploch-v-roce-2024-1.-a-2.-cast?_linka=a602934"",""https://ukzuz.gov.cz/public/portal/ukzuz/-a81286---EOKIiika/prehled-prihlasenych-ploch-2025-1.-a-2.-cast?_linka=a679878""]","Original official seed nomenclature plus current/recovered canonical comparison; targeted Kew review where needed, not blanket accepted-name certification"
TAX057,Lolium multiflorum var. westerwoldicum,Lolium multiflorum var. westerwoldicum,annual-ryegrass,MAPPED_TO_SOURCE_AGGREGATE,"[""https://download.data.public.lu/resources/seed-certification-in-luxembourg/20220225-093903/lu-seed-production-area-2021.csv"",""https://download.data.public.lu/resources/seed-certification-in-luxembourg/20230118-100128/lu-seed-production-area-2022.csv"",""https://download.data.public.lu/resources/seed-certification-in-luxembourg/20231206-145609/lu-seed-production-area-2023.csv"",""https://download.data.public.lu/resources/seed-certification-in-luxembourg/20250113-181136/lu-seed-production-area-2024.csv"",""https://ukzuz.gov.cz/public/portal/ukzuz/-a27404---i-m4miZL/prehled-prihlasenych-ploch-v-roce-2023-1.-a-2.-cast?_linka=a523324"",""https://ukzuz.gov.cz/public/portal/ukzuz/-a54700---fhG7n0PB/prehled-prihlasenych-ploch-v-roce-2024-1.-a-2.-cast?_linka=a602934"",""https://ukzuz.gov.cz/public/portal/ukzuz/-a81286---EOKIiika/prehled-prihlasenych-ploch-2025-1.-a-2.-cast?_linka=a679878""]","Original official seed nomenclature plus current/recovered canonical comparison; targeted Kew review where needed, not blanket accepted-name certification"
TAX058,Lolium perenne,Lolium perenne,perennial-ryegrass,MAPPED_EXACT,"[""https://baes.gv.at/fileadmin/baes/SaatundPflanzgut/Zulassung/Statistiken/Feldanerkennungsfl%C3%A4chen_Sommerungen_gesamt/Sommerungen_gesamt_ohne_Sorten_2025_BAES.pdf"",""https://data.gov.lv/dati/dataset/43bd933a-92f2-4ecd-9c2e-6b2fba94b880/resource/cf3b0434-9df8-4038-9a6c-8d0e3fe3f094/download/2_seklaudz_lauku_platibas_kopsavil_pa_sugaam.xlsx"",""https://download.data.public.lu/resources/seed-certification-in-luxembourg/20220225-093903/lu-seed-production-area-2021.csv"",""https://download.data.public.lu/resources/seed-certification-in-luxembourg/20230118-100128/lu-seed-production-area-2022.csv"",""https://download.data.public.lu/resources/seed-certification-in-luxembourg/20231206-145609/lu-seed-production-area-2023.csv"",""https://download.data.public.lu/resources/seed-certification-in-luxembourg/20250113-181136/lu-seed-production-area-2024.csv"",""https://ukzuz.gov.cz/public/portal/ukzuz/-a27404---i-m4miZL/prehled-prihlasenych-ploch-v-roce-2023-1.-a-2.-cast?_linka=a523324"",""https://ukzuz.gov.cz/public/portal/ukzuz/-a54700---fhG7n0PB/prehled-prihlasenych-ploch-v-roce-2024-1.-a-2.-cast?_linka=a602934"",""https://ukzuz.gov.cz/public/portal/ukzuz/-a81286---EOKIiika/prehled-prihlasenych-ploch-2025-1.-a-2.-cast?_linka=a679878"",""https://www.mapa.gob.es/dam/mapa/contenido/agricultura/estadisticas/superficiededicadaalaproduccionsemillascertificadascampana2020-2021.pdf"",""https://www.mapa.gob.es/dam/mapa/contenido/agricultura/temas/medios-de-produccion/semillas-y-plantas-de-vivero/estadisticas/certificacion-semilla-producida-en-espana-por-especie-y-ccaa--precintado-campana-24-25.pdf"",""https://www.mapa.gob.es/dam/mapa/contenido/agricultura/temas/medios-de-produccion/semillas-y-plantas-de-vivero/estadisticas/superficiededicadaalaproduccionsemillascertificadascampana2022-2023.pdf"",""https://www.uksup.sk/storage/app/uploads/public/698/af6/14e/698af614ea5eb520737689.pdf""]","Original official seed nomenclature plus current/recovered canonical comparison; targeted Kew review where needed, not blanket accepted-name certification"
TAX059,Lolium × boucheanum,Lolium × boucheanum,hybrid-ryegrass,MAPPED_SYNONYM,"[""https://ukzuz.gov.cz/public/portal/ukzuz/-a27404---i-m4miZL/prehled-prihlasenych-ploch-v-roce-2023-1.-a-2.-cast?_linka=a523324"",""https://ukzuz.gov.cz/public/portal/ukzuz/-a54700---fhG7n0PB/prehled-prihlasenych-ploch-v-roce-2024-1.-a-2.-cast?_linka=a602934"",""https://ukzuz.gov.cz/public/portal/ukzuz/-a81286---EOKIiika/prehled-prihlasenych-ploch-2025-1.-a-2.-cast?_linka=a679878"",""https://www.uksup.sk/storage/app/uploads/public/698/af6/14e/698af614ea5eb520737689.pdf""]","Original official seed nomenclature plus current/recovered canonical comparison; targeted Kew review where needed, not blanket accepted-name certification"
TAX060,Lolium × hybridum,Lolium × hybridum,hybrid-ryegrass,MAPPED_EXACT,"[""https://data.gov.lv/dati/dataset/43bd933a-92f2-4ecd-9c2e-6b2fba94b880/resource/cf3b0434-9df8-4038-9a6c-8d0e3fe3f094/download/2_seklaudz_lauku_platibas_kopsavil_pa_sugaam.xlsx"",""https://download.data.public.lu/resources/seed-certification-in-luxembourg/20220225-093903/lu-seed-production-area-2021.csv"",""https://download.data.public.lu/resources/seed-certification-in-luxembourg/20230118-100128/lu-seed-production-area-2022.csv"",""https://download.data.public.lu/resources/seed-certification-in-luxembourg/20231206-145609/lu-seed-production-area-2023.csv"",""https://download.data.public.lu/resources/seed-certification-in-luxembourg/20250113-181136/lu-seed-production-area-2024.csv""]","Original official seed nomenclature plus current/recovered canonical comparison; targeted Kew review where needed, not blanket accepted-name certification"
TAX061,Lotus corniculatus,Lotus corniculatus,birdsfoot-trefoil,MAPPED_EXACT,"[""https://baes.gv.at/fileadmin/baes/SaatundPflanzgut/Zulassung/Statistiken/Feldanerkennungsfl%C3%A4chen_Sommerungen_gesamt/Sommerungen_gesamt_ohne_Sorten_2025_BAES.pdf"",""https://ukzuz.gov.cz/public/portal/ukzuz/-a27404---i-m4miZL/prehled-prihlasenych-ploch-v-roce-2023-1.-a-2.-cast?_linka=a523324"",""https://ukzuz.gov.cz/public/portal/ukzuz/-a54700---fhG7n0PB/prehled-prihlasenych-ploch-v-roce-2024-1.-a-2.-cast?_linka=a602934"",""https://ukzuz.gov.cz/public/portal/ukzuz/-a81286---EOKIiika/prehled-prihlasenych-ploch-2025-1.-a-2.-cast?_linka=a679878""]","Original official seed nomenclature plus current/recovered canonical comparison; targeted Kew review where needed, not blanket accepted-name certification"
TAX062,Lupinus albus,Lupinus albus,lupins,MAPPED_TO_GENUS_GROUP,"[""https://download.data.public.lu/resources/seed-certification-in-luxembourg/20220225-093903/lu-seed-production-area-2021.csv"",""https://download.data.public.lu/resources/seed-certification-in-luxembourg/20230118-100128/lu-seed-production-area-2022.csv"",""https://download.data.public.lu/resources/seed-certification-in-luxembourg/20231206-145609/lu-seed-production-area-2023.csv"",""https://ukzuz.gov.cz/public/portal/ukzuz/-a27404---i-m4miZL/prehled-prihlasenych-ploch-v-roce-2023-1.-a-2.-cast?_linka=a523324"",""https://ukzuz.gov.cz/public/portal/ukzuz/-a54700---fhG7n0PB/prehled-prihlasenych-ploch-v-roce-2024-1.-a-2.-cast?_linka=a602934"",""https://ukzuz.gov.cz/public/portal/ukzuz/-a81286---EOKIiika/prehled-prihlasenych-ploch-2025-1.-a-2.-cast?_linka=a679878"",""https://www.dgav.pt/plantas/conteudo/sementes-plantas-e-variedades/sementes/producao-e-certificacao-de-sementes/producao-e-certificacao-de-sementes-estatistica/"",""https://www.gov.si/assets/organi-v-sestavi/UVHVVR/Rastlinski-semenski-material/Uradno-potrjevanje-in-naknadna-kontrola/Pregled-pridelave-uradno-potrjenega-semena_2024.docx"",""https://www.mapa.gob.es/dam/mapa/contenido/agricultura/temas/medios-de-produccion/semillas-y-plantas-de-vivero/estadisticas/superficie-dedicada-a-la-produccion-semillas-certificadas--campana-24-25.pdf"",""https://www.mapa.gob.es/dam/mapa/contenido/agricultura/temas/medios-de-produccion/semillas-y-plantas-de-vivero/estadisticas/superficiededicadaalaproducciondesemillacertificadacampana2023-2024.pdf"",""https://www.mapa.gob.es/dam/mapa/contenido/agricultura/temas/medios-de-produccion/semillas-y-plantas-de-vivero/estadisticas/superficiededicadaalaproduccionsemillascertificadascampana2022-2023.pdf""]","Original official seed nomenclature plus current/recovered canonical comparison; targeted Kew review where needed, not blanket accepted-name certification"
TAX063,Lupinus angustifolius,Lupinus angustifolius,lupins,MAPPED_TO_GENUS_GROUP,"[""https://data.gov.lv/dati/dataset/43bd933a-92f2-4ecd-9c2e-6b2fba94b880/resource/cf3b0434-9df8-4038-9a6c-8d0e3fe3f094/download/2_seklaudz_lauku_platibas_kopsavil_pa_sugaam.xlsx"",""https://ukzuz.gov.cz/public/portal/ukzuz/-a27404---i-m4miZL/prehled-prihlasenych-ploch-v-roce-2023-1.-a-2.-cast?_linka=a523324"",""https://ukzuz.gov.cz/public/portal/ukzuz/-a54700---fhG7n0PB/prehled-prihlasenych-ploch-v-roce-2024-1.-a-2.-cast?_linka=a602934"",""https://ukzuz.gov.cz/public/portal/ukzuz/-a81286---EOKIiika/prehled-prihlasenych-ploch-2025-1.-a-2.-cast?_linka=a679878"",""https://www.uksup.sk/storage/app/uploads/public/698/af6/14e/698af614ea5eb520737689.pdf""]","Original official seed nomenclature plus current/recovered canonical comparison; targeted Kew review where needed, not blanket accepted-name certification"
TAX064,Lupinus luteus,Lupinus luteus,lupins,MAPPED_TO_GENUS_GROUP,"[""https://www.dgav.pt/plantas/conteudo/sementes-plantas-e-variedades/sementes/producao-e-certificacao-de-sementes/producao-e-certificacao-de-sementes-estatistica/"",""https://www.mapa.gob.es/dam/mapa/contenido/agricultura/temas/medios-de-produccion/semillas-y-plantas-de-vivero/estadisticas/superficie-dedicada-a-la-produccion-semillas-certificadas--campana-24-25.pdf"",""https://www.mapa.gob.es/dam/mapa/contenido/agricultura/temas/medios-de-produccion/semillas-y-plantas-de-vivero/estadisticas/superficiededicadaalaproducciondesemillacertificadacampana2023-2024.pdf""]","Original official seed nomenclature plus current/recovered canonical comparison; targeted Kew review where needed, not blanket accepted-name certification"
TAX065,Medicago lupulina,Medicago lupulina,black-medick,MAPPED_EXACT,"[""https://ukzuz.gov.cz/public/portal/ukzuz/-a27404---i-m4miZL/prehled-prihlasenych-ploch-v-roce-2023-1.-a-2.-cast?_linka=a523324"",""https://ukzuz.gov.cz/public/portal/ukzuz/-a54700---fhG7n0PB/prehled-prihlasenych-ploch-v-roce-2024-1.-a-2.-cast?_linka=a602934"",""https://ukzuz.gov.cz/public/portal/ukzuz/-a81286---EOKIiika/prehled-prihlasenych-ploch-2025-1.-a-2.-cast?_linka=a679878""]","Original official seed nomenclature plus current/recovered canonical comparison; targeted Kew review where needed, not blanket accepted-name certification"
TAX066,Medicago murex,Medicago murex,null,UNMAPPED,"[""https://www.dgav.pt/plantas/conteudo/sementes-plantas-e-variedades/sementes/producao-e-certificacao-de-sementes/producao-e-certificacao-de-sementes-estatistica/""]","Original official seed nomenclature plus current/recovered canonical comparison; targeted Kew review where needed, not blanket accepted-name certification"
TAX067,Medicago polymorpha,Medicago polymorpha,bur-medick,MAPPED_EXACT,"[""https://www.dgav.pt/plantas/conteudo/sementes-plantas-e-variedades/sementes/producao-e-certificacao-de-sementes/producao-e-certificacao-de-sementes-estatistica/""]","Original official seed nomenclature plus current/recovered canonical comparison; targeted Kew review where needed, not blanket accepted-name certification"
TAX068,Medicago sativa,Medicago sativa,alfalfa,MAPPED_EXACT,"[""https://baes.gv.at/fileadmin/baes/SaatundPflanzgut/Zulassung/Statistiken/Feldanerkennungsfl%C3%A4chen_Sommerungen_gesamt/Sommerungen_gesamt_ohne_Sorten_2025_BAES.pdf"",""https://data.gov.lv/dati/dataset/43bd933a-92f2-4ecd-9c2e-6b2fba94b880/resource/cf3b0434-9df8-4038-9a6c-8d0e3fe3f094/download/2_seklaudz_lauku_platibas_kopsavil_pa_sugaam.xlsx"",""https://data.gov.lv/dati/lv/api/action/datastore_search?resource_id=3c102cd3-3268-491f-b56a-14a2ac62e448&limit=100000"",""https://ukzuz.gov.cz/public/portal/ukzuz/-a27404---i-m4miZL/prehled-prihlasenych-ploch-v-roce-2023-1.-a-2.-cast?_linka=a523324"",""https://ukzuz.gov.cz/public/portal/ukzuz/-a54700---fhG7n0PB/prehled-prihlasenych-ploch-v-roce-2024-1.-a-2.-cast?_linka=a602934"",""https://ukzuz.gov.cz/public/portal/ukzuz/-a81286---EOKIiika/prehled-prihlasenych-ploch-2025-1.-a-2.-cast?_linka=a679878"",""https://vatzum.lrv.lt/public/canonical/1762490747/24010/2025-11-07_33L-85%20%C5%BE.%C5%AB.%20augal%C5%B3%20pas%C4%97liai.pdf"",""https://www.mapa.gob.es/dam/mapa/contenido/agricultura/estadisticas/superficiededicadaalaproduccionsemillascertificadascampana2020-2021.pdf"",""https://www.mapa.gob.es/dam/mapa/contenido/agricultura/temas/medios-de-produccion/semillas-y-plantas-de-vivero/estadisticas/certificacion-semilla-producida-en-espana-por-especie-y-ccaa--precintado-campana-24-25.pdf"",""https://www.mapa.gob.es/dam/mapa/contenido/agricultura/temas/medios-de-produccion/semillas-y-plantas-de-vivero/estadisticas/superficie-dedicada-a-la-produccion-semillas-certificadas--campana-24-25.pdf"",""https://www.mapa.gob.es/dam/mapa/contenido/agricultura/temas/medios-de-produccion/semillas-y-plantas-de-vivero/estadisticas/superficiededicadaalaproducciondesemillacertificadacampana2023-2024.pdf"",""https://www.mapa.gob.es/dam/mapa/contenido/agricultura/temas/medios-de-produccion/semillas-y-plantas-de-vivero/estadisticas/superficiededicadaalaproduccionsemillascertificadascampana2022-2023.pdf"",""https://www.uksup.sk/storage/app/uploads/public/698/af6/14e/698af614ea5eb520737689.pdf""]","Original official seed nomenclature plus current/recovered canonical comparison; targeted Kew review where needed, not blanket accepted-name certification"
TAX069,Medicago × varia,Medicago × varia,hybrid-lucerne,MAPPED_EXACT,"[""https://data.gov.lv/dati/dataset/43bd933a-92f2-4ecd-9c2e-6b2fba94b880/resource/cf3b0434-9df8-4038-9a6c-8d0e3fe3f094/download/2_seklaudz_lauku_platibas_kopsavil_pa_sugaam.xlsx"",""https://data.gov.lv/dati/lv/api/action/datastore_search?resource_id=3c102cd3-3268-491f-b56a-14a2ac62e448&limit=100000""]","Original official seed nomenclature plus current/recovered canonical comparison; targeted Kew review where needed, not blanket accepted-name certification"
TAX070,Onobrychis viciifolia,Onobrychis viciifolia,sainfoin,MAPPED_EXACT,"[""https://data.gov.lv/dati/dataset/43bd933a-92f2-4ecd-9c2e-6b2fba94b880/resource/cf3b0434-9df8-4038-9a6c-8d0e3fe3f094/download/2_seklaudz_lauku_platibas_kopsavil_pa_sugaam.xlsx"",""https://ukzuz.gov.cz/public/portal/ukzuz/-a27404---i-m4miZL/prehled-prihlasenych-ploch-v-roce-2023-1.-a-2.-cast?_linka=a523324"",""https://ukzuz.gov.cz/public/portal/ukzuz/-a54700---fhG7n0PB/prehled-prihlasenych-ploch-v-roce-2024-1.-a-2.-cast?_linka=a602934"",""https://ukzuz.gov.cz/public/portal/ukzuz/-a81286---EOKIiika/prehled-prihlasenych-ploch-2025-1.-a-2.-cast?_linka=a679878"",""https://www.mapa.gob.es/dam/mapa/contenido/agricultura/estadisticas/superficiededicadaalaproduccionsemillascertificadascampana2020-2021.pdf"",""https://www.mapa.gob.es/dam/mapa/contenido/agricultura/temas/medios-de-produccion/semillas-y-plantas-de-vivero/estadisticas/certificacion-semilla-producida-en-espana-por-especie-y-ccaa--precintado-campana-24-25.pdf"",""https://www.mapa.gob.es/dam/mapa/contenido/agricultura/temas/medios-de-produccion/semillas-y-plantas-de-vivero/estadisticas/superficie-dedicada-a-la-produccion-semillas-certificadas--campana-24-25.pdf"",""https://www.mapa.gob.es/dam/mapa/contenido/agricultura/temas/medios-de-produccion/semillas-y-plantas-de-vivero/estadisticas/superficiededicadaalaproducciondesemillacertificadacampana2023-2024.pdf"",""https://www.mapa.gob.es/dam/mapa/contenido/agricultura/temas/medios-de-produccion/semillas-y-plantas-de-vivero/estadisticas/superficiededicadaalaproduccionsemillascertificadascampana2022-2023.pdf""]","Original official seed nomenclature plus current/recovered canonical comparison; targeted Kew review where needed, not blanket accepted-name certification"
TAX071,Ornithopus compressus,Ornithopus compressus,yellow-serradella,MAPPED_EXACT,"[""https://www.dgav.pt/plantas/conteudo/sementes-plantas-e-variedades/sementes/producao-e-certificacao-de-sementes/producao-e-certificacao-de-sementes-estatistica/""]","Original official seed nomenclature plus current/recovered canonical comparison; targeted Kew review where needed, not blanket accepted-name certification"
TAX072,Ornithopus sativus,Ornithopus sativus,serradella,MAPPED_EXACT,"[""https://www.dgav.pt/plantas/conteudo/sementes-plantas-e-variedades/sementes/producao-e-certificacao-de-sementes/producao-e-certificacao-de-sementes-estatistica/""]","Original official seed nomenclature plus current/recovered canonical comparison; targeted Kew review where needed, not blanket accepted-name certification"
TAX073,Oryza sativa,Oryza sativa,rice,MAPPED_EXACT,"[""https://www.dgav.pt/plantas/conteudo/sementes-plantas-e-variedades/sementes/producao-e-certificacao-de-sementes/producao-e-certificacao-de-sementes-estatistica/"",""https://www.mapa.gob.es/dam/mapa/contenido/agricultura/estadisticas/superficiededicadaalaproduccionsemillascertificadascampana2020-2021.pdf"",""https://www.mapa.gob.es/dam/mapa/contenido/agricultura/temas/medios-de-produccion/semillas-y-plantas-de-vivero/estadisticas/certificacion-semilla-producida-en-espana-por-especie-y-ccaa--precintado-campana-24-25.pdf"",""https://www.mapa.gob.es/dam/mapa/contenido/agricultura/temas/medios-de-produccion/semillas-y-plantas-de-vivero/estadisticas/superficie-dedicada-a-la-produccion-semillas-certificadas--campana-24-25.pdf"",""https://www.mapa.gob.es/dam/mapa/contenido/agricultura/temas/medios-de-produccion/semillas-y-plantas-de-vivero/estadisticas/superficiededicadaalaproducciondesemillacertificadacampana2023-2024.pdf"",""https://www.mapa.gob.es/dam/mapa/contenido/agricultura/temas/medios-de-produccion/semillas-y-plantas-de-vivero/estadisticas/superficiededicadaalaproduccionsemillascertificadascampana2022-2023.pdf""]","Original official seed nomenclature plus current/recovered canonical comparison; targeted Kew review where needed, not blanket accepted-name certification"
TAX074,Panicum miliaceum,Panicum miliaceum,proso-millet,MAPPED_EXACT,"[""https://baes.gv.at/fileadmin/baes/SaatundPflanzgut/Zulassung/Statistiken/Feldanerkennungsfl%C3%A4chen_Sommerungen_gesamt/Sommerungen_gesamt_ohne_Sorten_2025_BAES.pdf"",""https://ukzuz.gov.cz/public/portal/ukzuz/-a27404---i-m4miZL/prehled-prihlasenych-ploch-v-roce-2023-1.-a-2.-cast?_linka=a523324"",""https://ukzuz.gov.cz/public/portal/ukzuz/-a54700---fhG7n0PB/prehled-prihlasenych-ploch-v-roce-2024-1.-a-2.-cast?_linka=a602934"",""https://www.gov.si/assets/organi-v-sestavi/UVHVVR/Rastlinski-semenski-material/Uradno-potrjevanje-in-naknadna-kontrola/Pregled-pridelave-uradno-potrjenega-semena_2024.docx"",""https://www.gov.si/assets/organi-v-sestavi/UVHVVR/Rastlinski-semenski-material/Uradno-potrjevanje-in-naknadna-kontrola/Pregled-pridelave-uradno-potrjenega-semena_2025.docx"",""https://www.uksup.sk/storage/app/uploads/public/698/af6/14e/698af614ea5eb520737689.pdf""]","Original official seed nomenclature plus current/recovered canonical comparison; targeted Kew review where needed, not blanket accepted-name certification"
TAX075,Papaver somniferum,Papaver somniferum,poppy,MAPPED_EXACT,"[""https://baes.gv.at/fileadmin/baes/SaatundPflanzgut/Zulassung/Statistiken/Feldanerkennungsfl%C3%A4chen_Sommerungen_gesamt/Sommerungen_gesamt_ohne_Sorten_2025_BAES.pdf"",""https://baes.gv.at/fileadmin/baes/SaatundPflanzgut/Zulassung/Statistiken/Feldanerkennungsfl%C3%A4chen_Winterungen_gesamt/Winterungen_gesamt_ohne_Sorte_2025_BAES.pdf"",""https://ukzuz.gov.cz/public/portal/ukzuz/-a27404---i-m4miZL/prehled-prihlasenych-ploch-v-roce-2023-1.-a-2.-cast?_linka=a523324"",""https://ukzuz.gov.cz/public/portal/ukzuz/-a54700---fhG7n0PB/prehled-prihlasenych-ploch-v-roce-2024-1.-a-2.-cast?_linka=a602934"",""https://ukzuz.gov.cz/public/portal/ukzuz/-a81286---EOKIiika/prehled-prihlasenych-ploch-2025-1.-a-2.-cast?_linka=a679878"",""https://www.uksup.sk/storage/app/uploads/public/698/af6/14e/698af614ea5eb520737689.pdf""]","Original official seed nomenclature plus current/recovered canonical comparison; targeted Kew review where needed, not blanket accepted-name certification"
TAX076,Phacelia tanacetifolia,Phacelia tanacetifolia,phacelia,MAPPED_EXACT,"[""https://baes.gv.at/fileadmin/baes/SaatundPflanzgut/Zulassung/Statistiken/Feldanerkennungsfl%C3%A4chen_Sommerungen_gesamt/Sommerungen_gesamt_ohne_Sorten_2025_BAES.pdf"",""https://data.gov.lv/dati/dataset/43bd933a-92f2-4ecd-9c2e-6b2fba94b880/resource/cf3b0434-9df8-4038-9a6c-8d0e3fe3f094/download/2_seklaudz_lauku_platibas_kopsavil_pa_sugaam.xlsx"",""https://ukzuz.gov.cz/public/portal/ukzuz/-a27404---i-m4miZL/prehled-prihlasenych-ploch-v-roce-2023-1.-a-2.-cast?_linka=a523324"",""https://ukzuz.gov.cz/public/portal/ukzuz/-a54700---fhG7n0PB/prehled-prihlasenych-ploch-v-roce-2024-1.-a-2.-cast?_linka=a602934"",""https://ukzuz.gov.cz/public/portal/ukzuz/-a81286---EOKIiika/prehled-prihlasenych-ploch-2025-1.-a-2.-cast?_linka=a679878"",""https://www.uksup.sk/storage/app/uploads/public/698/af6/14e/698af614ea5eb520737689.pdf""]","Original official seed nomenclature plus current/recovered canonical comparison; targeted Kew review where needed, not blanket accepted-name certification"
TAX077,Phalaris canariensis,Phalaris canariensis,canary-grass,MAPPED_EXACT,"[""https://ukzuz.gov.cz/public/portal/ukzuz/-a27404---i-m4miZL/prehled-prihlasenych-ploch-v-roce-2023-1.-a-2.-cast?_linka=a523324"",""https://ukzuz.gov.cz/public/portal/ukzuz/-a54700---fhG7n0PB/prehled-prihlasenych-ploch-v-roce-2024-1.-a-2.-cast?_linka=a602934"",""https://ukzuz.gov.cz/public/portal/ukzuz/-a81286---EOKIiika/prehled-prihlasenych-ploch-2025-1.-a-2.-cast?_linka=a679878""]","Original official seed nomenclature plus current/recovered canonical comparison; targeted Kew review where needed, not blanket accepted-name certification"
TAX078,Phaseolus vulgaris,Phaseolus vulgaris,common-bean,MAPPED_EXACT,"[""https://www.mapa.gob.es/dam/mapa/contenido/agricultura/estadisticas/superficiededicadaalaproduccionsemillascertificadascampana2020-2021.pdf"",""https://www.mapa.gob.es/dam/mapa/contenido/agricultura/temas/medios-de-produccion/semillas-y-plantas-de-vivero/estadisticas/certificacion-semilla-producida-en-espana-por-especie-y-ccaa--precintado-campana-24-25.pdf"",""https://www.mapa.gob.es/dam/mapa/contenido/agricultura/temas/medios-de-produccion/semillas-y-plantas-de-vivero/estadisticas/superficie-dedicada-a-la-produccion-semillas-certificadas--campana-24-25.pdf"",""https://www.mapa.gob.es/dam/mapa/contenido/agricultura/temas/medios-de-produccion/semillas-y-plantas-de-vivero/estadisticas/superficiededicadaalaproducciondesemillacertificadacampana2023-2024.pdf"",""https://www.mapa.gob.es/dam/mapa/contenido/agricultura/temas/medios-de-produccion/semillas-y-plantas-de-vivero/estadisticas/superficiededicadaalaproduccionsemillascertificadascampana2022-2023.pdf""]","Original official seed nomenclature plus current/recovered canonical comparison; targeted Kew review where needed, not blanket accepted-name certification"
TAX079,Phleum pratense,Phleum pratense,timothy,MAPPED_EXACT,"[""https://baes.gv.at/fileadmin/baes/SaatundPflanzgut/Zulassung/Statistiken/Feldanerkennungsfl%C3%A4chen_Sommerungen_gesamt/Sommerungen_gesamt_ohne_Sorten_2025_BAES.pdf"",""https://data.gov.lv/dati/dataset/43bd933a-92f2-4ecd-9c2e-6b2fba94b880/resource/cf3b0434-9df8-4038-9a6c-8d0e3fe3f094/download/2_seklaudz_lauku_platibas_kopsavil_pa_sugaam.xlsx"",""https://download.data.public.lu/resources/seed-certification-in-luxembourg/20220225-093903/lu-seed-production-area-2021.csv"",""https://download.data.public.lu/resources/seed-certification-in-luxembourg/20230118-100128/lu-seed-production-area-2022.csv"",""https://download.data.public.lu/resources/seed-certification-in-luxembourg/20231206-145609/lu-seed-production-area-2023.csv"",""https://download.data.public.lu/resources/seed-certification-in-luxembourg/20250113-181136/lu-seed-production-area-2024.csv"",""https://ukzuz.gov.cz/public/portal/ukzuz/-a27404---i-m4miZL/prehled-prihlasenych-ploch-v-roce-2023-1.-a-2.-cast?_linka=a523324"",""https://ukzuz.gov.cz/public/portal/ukzuz/-a54700---fhG7n0PB/prehled-prihlasenych-ploch-v-roce-2024-1.-a-2.-cast?_linka=a602934"",""https://ukzuz.gov.cz/public/portal/ukzuz/-a81286---EOKIiika/prehled-prihlasenych-ploch-2025-1.-a-2.-cast?_linka=a679878"",""https://vatzum.lrv.lt/public/canonical/1762490747/24010/2025-11-07_33L-85%20%C5%BE.%C5%AB.%20augal%C5%B3%20pas%C4%97liai.pdf"",""https://www.uksup.sk/storage/app/uploads/public/698/af6/14e/698af614ea5eb520737689.pdf""]","Original official seed nomenclature plus current/recovered canonical comparison; targeted Kew review where needed, not blanket accepted-name certification"
TAX080,Pisum sativum,Pisum sativum,field-pea,MAPPED_EXACT,"[""https://baes.gv.at/fileadmin/baes/SaatundPflanzgut/Zulassung/Statistiken/Feldanerkennungsfl%C3%A4chen_Sommerungen_gesamt/Sommerungen_gesamt_ohne_Sorten_2025_BAES.pdf"",""https://baes.gv.at/fileadmin/baes/SaatundPflanzgut/Zulassung/Statistiken/Feldanerkennungsfl%C3%A4chen_Winterungen_gesamt/Winterungen_gesamt_ohne_Sorte_2025_BAES.pdf"",""https://data.gov.lv/dati/dataset/43bd933a-92f2-4ecd-9c2e-6b2fba94b880/resource/cf3b0434-9df8-4038-9a6c-8d0e3fe3f094/download/2_seklaudz_lauku_platibas_kopsavil_pa_sugaam.xlsx"",""https://download.data.public.lu/resources/seed-certification-in-luxembourg/20220225-093903/lu-seed-production-area-2021.csv"",""https://download.data.public.lu/resources/seed-certification-in-luxembourg/20230118-100128/lu-seed-production-area-2022.csv"",""https://download.data.public.lu/resources/seed-certification-in-luxembourg/20231206-145609/lu-seed-production-area-2023.csv"",""https://download.data.public.lu/resources/seed-certification-in-luxembourg/20250113-181136/lu-seed-production-area-2024.csv"",""https://ukzuz.gov.cz/public/portal/ukzuz/-a27404---i-m4miZL/prehled-prihlasenych-ploch-v-roce-2023-1.-a-2.-cast?_linka=a523324"",""https://ukzuz.gov.cz/public/portal/ukzuz/-a54700---fhG7n0PB/prehled-prihlasenych-ploch-v-roce-2024-1.-a-2.-cast?_linka=a602934"",""https://ukzuz.gov.cz/public/portal/ukzuz/-a81286---EOKIiika/prehled-prihlasenych-ploch-2025-1.-a-2.-cast?_linka=a679878"",""https://www.dgav.pt/plantas/conteudo/sementes-plantas-e-variedades/sementes/producao-e-certificacao-de-sementes/producao-e-certificacao-de-sementes-estatistica/"",""https://www.mapa.gob.es/dam/mapa/contenido/agricultura/estadisticas/superficiededicadaalaproduccionsemillascertificadascampana2020-2021.pdf"",""https://www.mapa.gob.es/dam/mapa/contenido/agricultura/temas/medios-de-produccion/semillas-y-plantas-de-vivero/estadisticas/certificacion-semilla-producida-en-espana-por-especie-y-ccaa--precintado-campana-24-25.pdf"",""https://www.mapa.gob.es/dam/mapa/contenido/agricultura/temas/medios-de-produccion/semillas-y-plantas-de-vivero/estadisticas/superficie-dedicada-a-la-produccion-semillas-certificadas--campana-24-25.pdf"",""https://www.mapa.gob.es/dam/mapa/contenido/agricultura/temas/medios-de-produccion/semillas-y-plantas-de-vivero/estadisticas/superficiededicadaalaproducciondesemillacertificadacampana2023-2024.pdf"",""https://www.mapa.gob.es/dam/mapa/contenido/agricultura/temas/medios-de-produccion/semillas-y-plantas-de-vivero/estadisticas/superficiededicadaalaproduccionsemillascertificadascampana2022-2023.pdf"",""https://www.uksup.sk/storage/app/uploads/public/698/af6/14e/698af614ea5eb520737689.pdf""]","Original official seed nomenclature plus current/recovered canonical comparison; targeted Kew review where needed, not blanket accepted-name certification"
TAX081,Pisum sativum convar. speciosum,Pisum sativum convar. speciosum,field-pea,MAPPED_INFRASPECIFIC,"[""https://baes.gv.at/fileadmin/baes/SaatundPflanzgut/Zulassung/Statistiken/Feldanerkennungsfl%C3%A4chen_Sommerungen_gesamt/Sommerungen_gesamt_ohne_Sorten_2025_BAES.pdf"",""https://baes.gv.at/fileadmin/baes/SaatundPflanzgut/Zulassung/Statistiken/Feldanerkennungsfl%C3%A4chen_Winterungen_gesamt/Winterungen_gesamt_ohne_Sorte_2025_BAES.pdf""]","Original official seed nomenclature plus current/recovered canonical comparison; targeted Kew review where needed, not blanket accepted-name certification"
TAX082,Plantago lanceolata,Plantago lanceolata,ribwort-plantain,MAPPED_EXACT,"[""https://www.dgav.pt/plantas/conteudo/sementes-plantas-e-variedades/sementes/producao-e-certificacao-de-sementes/producao-e-certificacao-de-sementes-estatistica/""]","Original official seed nomenclature plus current/recovered canonical comparison; targeted Kew review where needed, not blanket accepted-name certification"
TAX083,Poa nemoralis,Poa nemoralis,wood-meadowgrass,MAPPED_EXACT,"[""https://ukzuz.gov.cz/public/portal/ukzuz/-a27404---i-m4miZL/prehled-prihlasenych-ploch-v-roce-2023-1.-a-2.-cast?_linka=a523324"",""https://ukzuz.gov.cz/public/portal/ukzuz/-a54700---fhG7n0PB/prehled-prihlasenych-ploch-v-roce-2024-1.-a-2.-cast?_linka=a602934"",""https://ukzuz.gov.cz/public/portal/ukzuz/-a81286---EOKIiika/prehled-prihlasenych-ploch-2025-1.-a-2.-cast?_linka=a679878""]","Original official seed nomenclature plus current/recovered canonical comparison; targeted Kew review where needed, not blanket accepted-name certification"
TAX084,Poa pratensis,Poa pratensis,kentucky-bluegrass,MAPPED_EXACT,"[""https://data.gov.lv/dati/dataset/43bd933a-92f2-4ecd-9c2e-6b2fba94b880/resource/cf3b0434-9df8-4038-9a6c-8d0e3fe3f094/download/2_seklaudz_lauku_platibas_kopsavil_pa_sugaam.xlsx"",""https://ukzuz.gov.cz/public/portal/ukzuz/-a27404---i-m4miZL/prehled-prihlasenych-ploch-v-roce-2023-1.-a-2.-cast?_linka=a523324"",""https://ukzuz.gov.cz/public/portal/ukzuz/-a54700---fhG7n0PB/prehled-prihlasenych-ploch-v-roce-2024-1.-a-2.-cast?_linka=a602934"",""https://ukzuz.gov.cz/public/portal/ukzuz/-a81286---EOKIiika/prehled-prihlasenych-ploch-2025-1.-a-2.-cast?_linka=a679878""]","Original official seed nomenclature plus current/recovered canonical comparison; targeted Kew review where needed, not blanket accepted-name certification"
TAX085,Raphanus sativus var. oleiformis,Raphanus sativus var. oleiformis,oilseed-radish-group,MAPPED_TO_SOURCE_AGGREGATE,"[""https://baes.gv.at/fileadmin/baes/SaatundPflanzgut/Zulassung/Statistiken/Feldanerkennungsfl%C3%A4chen_Sommerungen_gesamt/Sommerungen_gesamt_ohne_Sorten_2025_BAES.pdf"",""https://data.gov.lv/dati/dataset/43bd933a-92f2-4ecd-9c2e-6b2fba94b880/resource/cf3b0434-9df8-4038-9a6c-8d0e3fe3f094/download/2_seklaudz_lauku_platibas_kopsavil_pa_sugaam.xlsx"",""https://ukzuz.gov.cz/public/portal/ukzuz/-a27404---i-m4miZL/prehled-prihlasenych-ploch-v-roce-2023-1.-a-2.-cast?_linka=a523324"",""https://ukzuz.gov.cz/public/portal/ukzuz/-a54700---fhG7n0PB/prehled-prihlasenych-ploch-v-roce-2024-1.-a-2.-cast?_linka=a602934"",""https://ukzuz.gov.cz/public/portal/ukzuz/-a81286---EOKIiika/prehled-prihlasenych-ploch-2025-1.-a-2.-cast?_linka=a679878"",""https://www.uksup.sk/storage/app/uploads/public/698/af6/14e/698af614ea5eb520737689.pdf""]","Original official seed nomenclature plus current/recovered canonical comparison; targeted Kew review where needed, not blanket accepted-name certification"
TAX086,Secale cereale,Secale cereale,rye,MAPPED_EXACT,"[""https://baes.gv.at/fileadmin/baes/SaatundPflanzgut/Zulassung/Statistiken/Feldanerkennungsfl%C3%A4chen_Sommerungen_gesamt/Sommerungen_gesamt_ohne_Sorten_2025_BAES.pdf"",""https://baes.gv.at/fileadmin/baes/SaatundPflanzgut/Zulassung/Statistiken/Feldanerkennungsfl%C3%A4chen_Winterungen_gesamt/Winterungen_gesamt_ohne_Sorte_2025_BAES.pdf"",""https://data.gov.lv/dati/dataset/43bd933a-92f2-4ecd-9c2e-6b2fba94b880/resource/cf3b0434-9df8-4038-9a6c-8d0e3fe3f094/download/2_seklaudz_lauku_platibas_kopsavil_pa_sugaam.xlsx"",""https://data.gov.lv/dati/dataset/dbd2b2ed-148e-426e-abbf-97f1d2fd9de1/resource/ae839ed9-5d09-4f29-be5e-4f8992d8dbbf/download/dati_sert_sekla_labibas.xlsx"",""https://download.data.public.lu/resources/seed-certification-in-luxembourg/20220225-093903/lu-seed-production-area-2021.csv"",""https://download.data.public.lu/resources/seed-certification-in-luxembourg/20230118-100128/lu-seed-production-area-2022.csv"",""https://download.data.public.lu/resources/seed-certification-in-luxembourg/20231206-145609/lu-seed-production-area-2023.csv"",""https://download.data.public.lu/resources/seed-certification-in-luxembourg/20250113-181136/lu-seed-production-area-2024.csv"",""https://ukzuz.gov.cz/public/portal/ukzuz/-a27404---i-m4miZL/prehled-prihlasenych-ploch-v-roce-2023-1.-a-2.-cast?_linka=a523324"",""https://ukzuz.gov.cz/public/portal/ukzuz/-a54700---fhG7n0PB/prehled-prihlasenych-ploch-v-roce-2024-1.-a-2.-cast?_linka=a602934"",""https://ukzuz.gov.cz/public/portal/ukzuz/-a81286---EOKIiika/prehled-prihlasenych-ploch-2025-1.-a-2.-cast?_linka=a679878"",""https://www.mapa.gob.es/dam/mapa/contenido/agricultura/estadisticas/superficiededicadaalaproduccionsemillascertificadascampana2020-2021.pdf"",""https://www.mapa.gob.es/dam/mapa/contenido/agricultura/temas/medios-de-produccion/semillas-y-plantas-de-vivero/estadisticas/certificacion-semilla-producida-en-espana-por-especie-y-ccaa--precintado-campana-24-25.pdf"",""https://www.mapa.gob.es/dam/mapa/contenido/agricultura/temas/medios-de-produccion/semillas-y-plantas-de-vivero/estadisticas/superficie-dedicada-a-la-produccion-semillas-certificadas--campana-24-25.pdf"",""https://www.mapa.gob.es/dam/mapa/contenido/agricultura/temas/medios-de-produccion/semillas-y-plantas-de-vivero/estadisticas/superficiededicadaalaproducciondesemillacertificadacampana2023-2024.pdf"",""https://www.mapa.gob.es/dam/mapa/contenido/agricultura/temas/medios-de-produccion/semillas-y-plantas-de-vivero/estadisticas/superficiededicadaalaproduccionsemillascertificadascampana2022-2023.pdf""]","Original official seed nomenclature plus current/recovered canonical comparison; targeted Kew review where needed, not blanket accepted-name certification"
TAX087,Setaria italica,Setaria italica,foxtail-millet,MAPPED_EXACT,"[""https://ukzuz.gov.cz/public/portal/ukzuz/-a27404---i-m4miZL/prehled-prihlasenych-ploch-v-roce-2023-1.-a-2.-cast?_linka=a523324"",""https://ukzuz.gov.cz/public/portal/ukzuz/-a54700---fhG7n0PB/prehled-prihlasenych-ploch-v-roce-2024-1.-a-2.-cast?_linka=a602934"",""https://ukzuz.gov.cz/public/portal/ukzuz/-a81286---EOKIiika/prehled-prihlasenych-ploch-2025-1.-a-2.-cast?_linka=a679878""]","Original official seed nomenclature plus current/recovered canonical comparison; targeted Kew review where needed, not blanket accepted-name certification"
TAX088,Sinapis alba,Sinapis alba,mustard-seed,MAPPED_TO_SOURCE_AGGREGATE,"[""https://baes.gv.at/fileadmin/baes/SaatundPflanzgut/Zulassung/Statistiken/Feldanerkennungsfl%C3%A4chen_Sommerungen_gesamt/Sommerungen_gesamt_ohne_Sorten_2025_BAES.pdf"",""https://data.gov.lv/dati/dataset/43bd933a-92f2-4ecd-9c2e-6b2fba94b880/resource/cf3b0434-9df8-4038-9a6c-8d0e3fe3f094/download/2_seklaudz_lauku_platibas_kopsavil_pa_sugaam.xlsx"",""https://ukzuz.gov.cz/public/portal/ukzuz/-a27404---i-m4miZL/prehled-prihlasenych-ploch-v-roce-2023-1.-a-2.-cast?_linka=a523324"",""https://ukzuz.gov.cz/public/portal/ukzuz/-a54700---fhG7n0PB/prehled-prihlasenych-ploch-v-roce-2024-1.-a-2.-cast?_linka=a602934"",""https://ukzuz.gov.cz/public/portal/ukzuz/-a81286---EOKIiika/prehled-prihlasenych-ploch-2025-1.-a-2.-cast?_linka=a679878"",""https://vatzum.lrv.lt/public/canonical/1762490747/24010/2025-11-07_33L-85%20%C5%BE.%C5%AB.%20augal%C5%B3%20pas%C4%97liai.pdf"",""https://www.dgav.pt/plantas/conteudo/sementes-plantas-e-variedades/sementes/producao-e-certificacao-de-sementes/producao-e-certificacao-de-sementes-estatistica/"",""https://www.mapa.gob.es/dam/mapa/contenido/agricultura/estadisticas/superficiededicadaalaproduccionsemillascertificadascampana2020-2021.pdf"",""https://www.mapa.gob.es/dam/mapa/contenido/agricultura/temas/medios-de-produccion/semillas-y-plantas-de-vivero/estadisticas/superficie-dedicada-a-la-produccion-semillas-certificadas--campana-24-25.pdf"",""https://www.mapa.gob.es/dam/mapa/contenido/agricultura/temas/medios-de-produccion/semillas-y-plantas-de-vivero/estadisticas/superficiededicadaalaproducciondesemillacertificadacampana2023-2024.pdf"",""https://www.mapa.gob.es/dam/mapa/contenido/agricultura/temas/medios-de-produccion/semillas-y-plantas-de-vivero/estadisticas/superficiededicadaalaproduccionsemillascertificadascampana2022-2023.pdf"",""https://www.uksup.sk/storage/app/uploads/public/698/af6/14e/698af614ea5eb520737689.pdf""]","Original official seed nomenclature plus current/recovered canonical comparison; targeted Kew review where needed, not blanket accepted-name certification"
TAX089,Solanum lycopersicum,Solanum lycopersicum,null,UNMAPPED,"[""https://www.mapa.gob.es/dam/mapa/contenido/agricultura/temas/medios-de-produccion/semillas-y-plantas-de-vivero/estadisticas/superficiededicadaalaproducciondesemillacertificadacampana2023-2024.pdf""]","Original official seed nomenclature plus current/recovered canonical comparison; targeted Kew review where needed, not blanket accepted-name certification"
TAX090,Solanum tuberosum,Solanum tuberosum,potato,MAPPED_EXACT,"[""https://baes.gv.at/fileadmin/baes/SaatundPflanzgut/Zulassung/Statistiken/Feldanerkennungsfl%C3%A4chen_Sommerungen_gesamt/Sommerungen_gesamt_ohne_Sorten_2025_BAES.pdf"",""https://data.gov.lv/dati/dataset/43bd933a-92f2-4ecd-9c2e-6b2fba94b880/resource/cf3b0434-9df8-4038-9a6c-8d0e3fe3f094/download/2_seklaudz_lauku_platibas_kopsavil_pa_sugaam.xlsx"",""https://download.data.public.lu/resources/seed-certification-in-luxembourg/20220225-093903/lu-seed-production-area-2021.csv"",""https://download.data.public.lu/resources/seed-certification-in-luxembourg/20230118-100128/lu-seed-production-area-2022.csv"",""https://download.data.public.lu/resources/seed-certification-in-luxembourg/20231206-145609/lu-seed-production-area-2023.csv"",""https://download.data.public.lu/resources/seed-certification-in-luxembourg/20250113-181136/lu-seed-production-area-2024.csv"",""https://iasas.government.bg/upl/files/Articles/%D0%98%D0%90%D0%A1%D0%90%D0%A1%20%D0%93%D0%BE%D0%B4%D0%B8%D1%88%D0%B5%D0%BD%20%D0%B4%D0%BE%D0%BA%D0%BB%D0%B0%D0%B4%20%20%D0%90%D0%B3%D1%80%D0%B0%D1%80%D0%B5%D0%BD%20%D0%B4%D0%BE%D0%BA%D0%BB%D0%B0%D0%B4%20%202024.pdf"",""https://www.escaa.org/index/action/page/id/7/title/seed-production-in-eu---2025"",""https://www.gov.si/assets/organi-v-sestavi/UVHVVR/Rastlinski-semenski-material/Uradno-potrjevanje-in-naknadna-kontrola/Pregled-pridelave-uradno-potrjenega-semena_2024.docx"",""https://www.gov.si/assets/organi-v-sestavi/UVHVVR/Rastlinski-semenski-material/Uradno-potrjevanje-in-naknadna-kontrola/Pregled-pridelave-uradno-potrjenega-semena_2025.docx"",""https://www.mapa.gob.es/dam/mapa/contenido/agricultura/estadisticas/superficiededicadaalaproduccionsemillascertificadascampana2020-2021.pdf"",""https://www.mapa.gob.es/dam/mapa/contenido/agricultura/temas/medios-de-produccion/semillas-y-plantas-de-vivero/estadisticas/certificacion-semilla-producida-en-espana-por-especie-y-ccaa--precintado-campana-24-25.pdf"",""https://www.mapa.gob.es/dam/mapa/contenido/agricultura/temas/medios-de-produccion/semillas-y-plantas-de-vivero/estadisticas/superficie-dedicada-a-la-produccion-semillas-certificadas--campana-24-25.pdf"",""https://www.mapa.gob.es/dam/mapa/contenido/agricultura/temas/medios-de-produccion/semillas-y-plantas-de-vivero/estadisticas/superficiededicadaalaproducciondesemillacertificadacampana2023-2024.pdf"",""https://www.mapa.gob.es/dam/mapa/contenido/agricultura/temas/medios-de-produccion/semillas-y-plantas-de-vivero/estadisticas/superficiededicadaalaproduccionsemillascertificadascampana2022-2023.pdf""]","Original official seed nomenclature plus current/recovered canonical comparison; targeted Kew review where needed, not blanket accepted-name certification"
TAX091,Sorghum bicolor,Sorghum bicolor,sorghum,MAPPED_EXACT,"[""https://ukzuz.gov.cz/public/portal/ukzuz/-a27404---i-m4miZL/prehled-prihlasenych-ploch-v-roce-2023-1.-a-2.-cast?_linka=a523324"",""https://ukzuz.gov.cz/public/portal/ukzuz/-a54700---fhG7n0PB/prehled-prihlasenych-ploch-v-roce-2024-1.-a-2.-cast?_linka=a602934"",""https://ukzuz.gov.cz/public/portal/ukzuz/-a81286---EOKIiika/prehled-prihlasenych-ploch-2025-1.-a-2.-cast?_linka=a679878"",""https://www.mapa.gob.es/dam/mapa/contenido/agricultura/estadisticas/superficiededicadaalaproduccionsemillascertificadascampana2020-2021.pdf"",""https://www.mapa.gob.es/dam/mapa/contenido/agricultura/temas/medios-de-produccion/semillas-y-plantas-de-vivero/estadisticas/certificacion-semilla-producida-en-espana-por-especie-y-ccaa--precintado-campana-24-25.pdf"",""https://www.mapa.gob.es/dam/mapa/contenido/agricultura/temas/medios-de-produccion/semillas-y-plantas-de-vivero/estadisticas/superficie-dedicada-a-la-produccion-semillas-certificadas--campana-24-25.pdf"",""https://www.mapa.gob.es/dam/mapa/contenido/agricultura/temas/medios-de-produccion/semillas-y-plantas-de-vivero/estadisticas/superficiededicadaalaproducciondesemillacertificadacampana2023-2024.pdf"",""https://www.mapa.gob.es/dam/mapa/contenido/agricultura/temas/medios-de-produccion/semillas-y-plantas-de-vivero/estadisticas/superficiededicadaalaproduccionsemillascertificadascampana2022-2023.pdf"",""https://www.uksup.sk/storage/app/uploads/public/698/af6/14e/698af614ea5eb520737689.pdf""]","Original official seed nomenclature plus current/recovered canonical comparison; targeted Kew review where needed, not blanket accepted-name certification"
TAX092,Sorghum bicolor subsp. drummondii,Sorghum bicolor subsp. drummondii,null,UNMAPPED,"[""https://data.gov.lv/dati/dataset/43bd933a-92f2-4ecd-9c2e-6b2fba94b880/resource/cf3b0434-9df8-4038-9a6c-8d0e3fe3f094/download/2_seklaudz_lauku_platibas_kopsavil_pa_sugaam.xlsx""]","Original official seed nomenclature plus current/recovered canonical comparison; targeted Kew review where needed, not blanket accepted-name certification"
TAX093,Trifolium alexandrinum,Trifolium alexandrinum,berseem-clover,MAPPED_EXACT,"[""https://ukzuz.gov.cz/public/portal/ukzuz/-a27404---i-m4miZL/prehled-prihlasenych-ploch-v-roce-2023-1.-a-2.-cast?_linka=a523324"",""https://ukzuz.gov.cz/public/portal/ukzuz/-a54700---fhG7n0PB/prehled-prihlasenych-ploch-v-roce-2024-1.-a-2.-cast?_linka=a602934"",""https://ukzuz.gov.cz/public/portal/ukzuz/-a81286---EOKIiika/prehled-prihlasenych-ploch-2025-1.-a-2.-cast?_linka=a679878"",""https://www.dgav.pt/plantas/conteudo/sementes-plantas-e-variedades/sementes/producao-e-certificacao-de-sementes/producao-e-certificacao-de-sementes-estatistica/"",""https://www.mapa.gob.es/dam/mapa/contenido/agricultura/temas/medios-de-produccion/semillas-y-plantas-de-vivero/estadisticas/certificacion-semilla-producida-en-espana-por-especie-y-ccaa--precintado-campana-24-25.pdf"",""https://www.mapa.gob.es/dam/mapa/contenido/agricultura/temas/medios-de-produccion/semillas-y-plantas-de-vivero/estadisticas/superficiededicadaalaproducciondesemillacertificadacampana2023-2024.pdf"",""https://www.uksup.sk/storage/app/uploads/public/698/af6/14e/698af614ea5eb520737689.pdf""]","Original official seed nomenclature plus current/recovered canonical comparison; targeted Kew review where needed, not blanket accepted-name certification"
TAX094,Trifolium glanduliferum,Trifolium glanduliferum,glandular-clover,MAPPED_EXACT,"[""https://www.dgav.pt/plantas/conteudo/sementes-plantas-e-variedades/sementes/producao-e-certificacao-de-sementes/producao-e-certificacao-de-sementes-estatistica/""]","Original official seed nomenclature plus current/recovered canonical comparison; targeted Kew review where needed, not blanket accepted-name certification"
TAX095,Trifolium hirtum,Trifolium hirtum,rose-clover,MAPPED_EXACT,"[""https://www.dgav.pt/plantas/conteudo/sementes-plantas-e-variedades/sementes/producao-e-certificacao-de-sementes/producao-e-certificacao-de-sementes-estatistica/""]","Original official seed nomenclature plus current/recovered canonical comparison; targeted Kew review where needed, not blanket accepted-name certification"
TAX096,Trifolium hybridum,Trifolium hybridum,alsike-clover,MAPPED_EXACT,"[""https://data.gov.lv/dati/dataset/43bd933a-92f2-4ecd-9c2e-6b2fba94b880/resource/cf3b0434-9df8-4038-9a6c-8d0e3fe3f094/download/2_seklaudz_lauku_platibas_kopsavil_pa_sugaam.xlsx"",""https://data.gov.lv/dati/lv/api/action/datastore_search?resource_id=3c102cd3-3268-491f-b56a-14a2ac62e448&limit=100000"",""https://ukzuz.gov.cz/public/portal/ukzuz/-a54700---fhG7n0PB/prehled-prihlasenych-ploch-v-roce-2024-1.-a-2.-cast?_linka=a602934""]","Original official seed nomenclature plus current/recovered canonical comparison; targeted Kew review where needed, not blanket accepted-name certification"
TAX097,Trifolium incarnatum,Trifolium incarnatum,crimson-clover,MAPPED_EXACT,"[""https://data.gov.lv/dati/dataset/43bd933a-92f2-4ecd-9c2e-6b2fba94b880/resource/cf3b0434-9df8-4038-9a6c-8d0e3fe3f094/download/2_seklaudz_lauku_platibas_kopsavil_pa_sugaam.xlsx"",""https://ukzuz.gov.cz/public/portal/ukzuz/-a27404---i-m4miZL/prehled-prihlasenych-ploch-v-roce-2023-1.-a-2.-cast?_linka=a523324"",""https://ukzuz.gov.cz/public/portal/ukzuz/-a54700---fhG7n0PB/prehled-prihlasenych-ploch-v-roce-2024-1.-a-2.-cast?_linka=a602934"",""https://ukzuz.gov.cz/public/portal/ukzuz/-a81286---EOKIiika/prehled-prihlasenych-ploch-2025-1.-a-2.-cast?_linka=a679878"",""https://vatzum.lrv.lt/public/canonical/1762490747/24010/2025-11-07_33L-85%20%C5%BE.%C5%AB.%20augal%C5%B3%20pas%C4%97liai.pdf"",""https://www.dgav.pt/plantas/conteudo/sementes-plantas-e-variedades/sementes/producao-e-certificacao-de-sementes/producao-e-certificacao-de-sementes-estatistica/"",""https://www.gov.si/assets/organi-v-sestavi/UVHVVR/Rastlinski-semenski-material/Uradno-potrjevanje-in-naknadna-kontrola/Pregled-pridelave-uradno-potrjenega-semena_2024.docx"",""https://www.gov.si/assets/organi-v-sestavi/UVHVVR/Rastlinski-semenski-material/Uradno-potrjevanje-in-naknadna-kontrola/Pregled-pridelave-uradno-potrjenega-semena_2025.docx"",""https://www.uksup.sk/storage/app/uploads/public/698/af6/14e/698af614ea5eb520737689.pdf""]","Original official seed nomenclature plus current/recovered canonical comparison; targeted Kew review where needed, not blanket accepted-name certification"
TAX098,Trifolium isthmocarpum,Trifolium isthmocarpum,trifolium-isthmocarpum,MAPPED_EXACT,"[""https://www.dgav.pt/plantas/conteudo/sementes-plantas-e-variedades/sementes/producao-e-certificacao-de-sementes/producao-e-certificacao-de-sementes-estatistica/""]","Original official seed nomenclature plus current/recovered canonical comparison; targeted Kew review where needed, not blanket accepted-name certification"
TAX099,Trifolium michelianum,Trifolium michelianum,balansa-clover,MAPPED_EXACT,"[""https://www.dgav.pt/plantas/conteudo/sementes-plantas-e-variedades/sementes/producao-e-certificacao-de-sementes/producao-e-certificacao-de-sementes-estatistica/""]","Original official seed nomenclature plus current/recovered canonical comparison; targeted Kew review where needed, not blanket accepted-name certification"
TAX100,Trifolium pratense,Trifolium pratense,red-clover,MAPPED_EXACT,"[""https://baes.gv.at/fileadmin/baes/SaatundPflanzgut/Zulassung/Statistiken/Feldanerkennungsfl%C3%A4chen_Sommerungen_gesamt/Sommerungen_gesamt_ohne_Sorten_2025_BAES.pdf"",""https://data.gov.lv/dati/dataset/43bd933a-92f2-4ecd-9c2e-6b2fba94b880/resource/cf3b0434-9df8-4038-9a6c-8d0e3fe3f094/download/2_seklaudz_lauku_platibas_kopsavil_pa_sugaam.xlsx"",""https://data.gov.lv/dati/lv/api/action/datastore_search?resource_id=3c102cd3-3268-491f-b56a-14a2ac62e448&limit=100000"",""https://download.data.public.lu/resources/seed-certification-in-luxembourg/20220225-093903/lu-seed-production-area-2021.csv"",""https://download.data.public.lu/resources/seed-certification-in-luxembourg/20230118-100128/lu-seed-production-area-2022.csv"",""https://download.data.public.lu/resources/seed-certification-in-luxembourg/20231206-145609/lu-seed-production-area-2023.csv"",""https://download.data.public.lu/resources/seed-certification-in-luxembourg/20250113-181136/lu-seed-production-area-2024.csv"",""https://ukzuz.gov.cz/public/portal/ukzuz/-a27404---i-m4miZL/prehled-prihlasenych-ploch-v-roce-2023-1.-a-2.-cast?_linka=a523324"",""https://ukzuz.gov.cz/public/portal/ukzuz/-a54700---fhG7n0PB/prehled-prihlasenych-ploch-v-roce-2024-1.-a-2.-cast?_linka=a602934"",""https://ukzuz.gov.cz/public/portal/ukzuz/-a81286---EOKIiika/prehled-prihlasenych-ploch-2025-1.-a-2.-cast?_linka=a679878"",""https://vatzum.lrv.lt/media/viesa/saugykla/2023/11/5iI6QU1Ta7o.pdf"",""https://vatzum.lrv.lt/media/viesa/saugykla/2023/11/SNLHivhqax0.pdf"",""https://vatzum.lrv.lt/media/viesa/saugykla/2023/11/xrTZE11EUzM.pdf"",""https://vatzum.lrv.lt/public/canonical/1728378425/22159/2024-10-08%2033L-97_aprobav%20atask%20%20%20%C5%BE.%C5%AB.%20%20augalai.pdf"",""https://vatzum.lrv.lt/public/canonical/1762490747/24010/2025-11-07_33L-85%20%C5%BE.%C5%AB.%20augal%C5%B3%20pas%C4%97liai.pdf"",""https://www.gov.si/assets/organi-v-sestavi/UVHVVR/Rastlinski-semenski-material/Uradno-potrjevanje-in-naknadna-kontrola/Pregled-pridelave-uradno-potrjenega-semena_2024.docx"",""https://www.gov.si/assets/organi-v-sestavi/UVHVVR/Rastlinski-semenski-material/Uradno-potrjevanje-in-naknadna-kontrola/Pregled-pridelave-uradno-potrjenega-semena_2025.docx"",""https://www.mapa.gob.es/dam/mapa/contenido/agricultura/temas/medios-de-produccion/semillas-y-plantas-de-vivero/estadisticas/certificacion-semilla-producida-en-espana-por-especie-y-ccaa--precintado-campana-24-25.pdf"",""https://www.uksup.sk/storage/app/uploads/public/698/af6/14e/698af614ea5eb520737689.pdf""]","Original official seed nomenclature plus current/recovered canonical comparison; targeted Kew review where needed, not blanket accepted-name certification"
TAX101,Trifolium pratense × Trifolium medium,Trifolium pratense × Trifolium medium,red-zigzag-clover-cross-group,MAPPED_TO_SOURCE_AGGREGATE,"[""https://ukzuz.gov.cz/public/portal/ukzuz/-a27404---i-m4miZL/prehled-prihlasenych-ploch-v-roce-2023-1.-a-2.-cast?_linka=a523324"",""https://ukzuz.gov.cz/public/portal/ukzuz/-a54700---fhG7n0PB/prehled-prihlasenych-ploch-v-roce-2024-1.-a-2.-cast?_linka=a602934"",""https://ukzuz.gov.cz/public/portal/ukzuz/-a81286---EOKIiika/prehled-prihlasenych-ploch-2025-1.-a-2.-cast?_linka=a679878""]","Original official seed nomenclature plus current/recovered canonical comparison; targeted Kew review where needed, not blanket accepted-name certification"
TAX102,Trifolium repens,Trifolium repens,white-clover,MAPPED_EXACT,"[""https://data.gov.lv/dati/dataset/43bd933a-92f2-4ecd-9c2e-6b2fba94b880/resource/cf3b0434-9df8-4038-9a6c-8d0e3fe3f094/download/2_seklaudz_lauku_platibas_kopsavil_pa_sugaam.xlsx"",""https://data.gov.lv/dati/lv/api/action/datastore_search?resource_id=3c102cd3-3268-491f-b56a-14a2ac62e448&limit=100000"",""https://ukzuz.gov.cz/public/portal/ukzuz/-a54700---fhG7n0PB/prehled-prihlasenych-ploch-v-roce-2024-1.-a-2.-cast?_linka=a602934"",""https://vatzum.lrv.lt/public/canonical/1762490747/24010/2025-11-07_33L-85%20%C5%BE.%C5%AB.%20augal%C5%B3%20pas%C4%97liai.pdf""]","Original official seed nomenclature plus current/recovered canonical comparison; targeted Kew review where needed, not blanket accepted-name certification"
TAX103,Trifolium resupinatum,Trifolium resupinatum,persian-clover,MAPPED_EXACT,"[""https://baes.gv.at/fileadmin/baes/SaatundPflanzgut/Zulassung/Statistiken/Feldanerkennungsfl%C3%A4chen_Sommerungen_gesamt/Sommerungen_gesamt_ohne_Sorten_2025_BAES.pdf"",""https://ukzuz.gov.cz/public/portal/ukzuz/-a27404---i-m4miZL/prehled-prihlasenych-ploch-v-roce-2023-1.-a-2.-cast?_linka=a523324"",""https://www.dgav.pt/plantas/conteudo/sementes-plantas-e-variedades/sementes/producao-e-certificacao-de-sementes/producao-e-certificacao-de-sementes-estatistica/"",""https://www.mapa.gob.es/dam/mapa/contenido/agricultura/temas/medios-de-produccion/semillas-y-plantas-de-vivero/estadisticas/certificacion-semilla-producida-en-espana-por-especie-y-ccaa--precintado-campana-24-25.pdf"",""https://www.mapa.gob.es/dam/mapa/contenido/agricultura/temas/medios-de-produccion/semillas-y-plantas-de-vivero/estadisticas/superficie-dedicada-a-la-produccion-semillas-certificadas--campana-24-25.pdf"",""https://www.mapa.gob.es/dam/mapa/contenido/agricultura/temas/medios-de-produccion/semillas-y-plantas-de-vivero/estadisticas/superficiededicadaalaproducciondesemillacertificadacampana2023-2024.pdf"",""https://www.mapa.gob.es/dam/mapa/contenido/agricultura/temas/medios-de-produccion/semillas-y-plantas-de-vivero/estadisticas/superficiededicadaalaproduccionsemillascertificadascampana2022-2023.pdf"",""https://www.uksup.sk/storage/app/uploads/public/698/af6/14e/698af614ea5eb520737689.pdf""]","Original official seed nomenclature plus current/recovered canonical comparison; targeted Kew review where needed, not blanket accepted-name certification"
TAX104,Trifolium squarrosum,Trifolium squarrosum,trifolium-squarrosum,MAPPED_EXACT,"[""https://www.dgav.pt/plantas/conteudo/sementes-plantas-e-variedades/sementes/producao-e-certificacao-de-sementes/producao-e-certificacao-de-sementes-estatistica/""]","Original official seed nomenclature plus current/recovered canonical comparison; targeted Kew review where needed, not blanket accepted-name certification"
TAX105,Trifolium suaveolens,Trifolium suaveolens,persian-clover,MAPPED_INFRASPECIFIC,"[""https://www.dgav.pt/plantas/conteudo/sementes-plantas-e-variedades/sementes/producao-e-certificacao-de-sementes/producao-e-certificacao-de-sementes-estatistica/""]","Original official seed nomenclature plus current/recovered canonical comparison; targeted Kew review where needed, not blanket accepted-name certification"
TAX106,Trifolium vesiculosum,Trifolium vesiculosum,arrowleaf-clover,MAPPED_EXACT,"[""https://www.dgav.pt/plantas/conteudo/sementes-plantas-e-variedades/sementes/producao-e-certificacao-de-sementes/producao-e-certificacao-de-sementes-estatistica/""]","Original official seed nomenclature plus current/recovered canonical comparison; targeted Kew review where needed, not blanket accepted-name certification"
TAX107,Trigonella foena-graecum,Trigonella foena-graecum,null,REVIEW_REQUIRED,"[""https://ukzuz.gov.cz/public/portal/ukzuz/-a27404---i-m4miZL/prehled-prihlasenych-ploch-v-roce-2023-1.-a-2.-cast?_linka=a523324"",""https://ukzuz.gov.cz/public/portal/ukzuz/-a54700---fhG7n0PB/prehled-prihlasenych-ploch-v-roce-2024-1.-a-2.-cast?_linka=a602934"",""https://ukzuz.gov.cz/public/portal/ukzuz/-a81286---EOKIiika/prehled-prihlasenych-ploch-2025-1.-a-2.-cast?_linka=a679878""]","Original official seed nomenclature plus current/recovered canonical comparison; targeted Kew review where needed, not blanket accepted-name certification"
TAX108,Trigonella foenum-graecum,Trigonella foenum-graecum,null,UNMAPPED,"[""https://www.uksup.sk/storage/app/uploads/public/698/af6/14e/698af614ea5eb520737689.pdf""]","Original official seed nomenclature plus current/recovered canonical comparison; targeted Kew review where needed, not blanket accepted-name certification"
TAX109,Trisetum flavescens,Trisetum flavescens,golden-oatgrass,MAPPED_EXACT,"[""https://baes.gv.at/fileadmin/baes/SaatundPflanzgut/Zulassung/Statistiken/Feldanerkennungsfl%C3%A4chen_Sommerungen_gesamt/Sommerungen_gesamt_ohne_Sorten_2025_BAES.pdf"",""https://ukzuz.gov.cz/public/portal/ukzuz/-a27404---i-m4miZL/prehled-prihlasenych-ploch-v-roce-2023-1.-a-2.-cast?_linka=a523324"",""https://ukzuz.gov.cz/public/portal/ukzuz/-a54700---fhG7n0PB/prehled-prihlasenych-ploch-v-roce-2024-1.-a-2.-cast?_linka=a602934"",""https://ukzuz.gov.cz/public/portal/ukzuz/-a81286---EOKIiika/prehled-prihlasenych-ploch-2025-1.-a-2.-cast?_linka=a679878""]","Original official seed nomenclature plus current/recovered canonical comparison; targeted Kew review where needed, not blanket accepted-name certification"
TAX110,Triticum aestivum,Triticum aestivum,common-wheat,MAPPED_EXACT,"[""https://baes.gv.at/fileadmin/baes/SaatundPflanzgut/Zulassung/Statistiken/Feldanerkennungsfl%C3%A4chen_Sommerungen_gesamt/Sommerungen_gesamt_ohne_Sorten_2025_BAES.pdf"",""https://baes.gv.at/fileadmin/baes/SaatundPflanzgut/Zulassung/Statistiken/Feldanerkennungsfl%C3%A4chen_Winterungen_gesamt/Winterungen_gesamt_ohne_Sorte_2025_BAES.pdf"",""https://data.gov.lv/dati/dataset/dbd2b2ed-148e-426e-abbf-97f1d2fd9de1/resource/ae839ed9-5d09-4f29-be5e-4f8992d8dbbf/download/dati_sert_sekla_labibas.xlsx"",""https://www.dgav.pt/plantas/conteudo/sementes-plantas-e-variedades/sementes/producao-e-certificacao-de-sementes/producao-e-certificacao-de-sementes-estatistica/"",""https://www.escaa.org/index/action/page/id/7/title/seed-production-in-eu---2025"",""https://www.gov.si/assets/organi-v-sestavi/UVHVVR/Rastlinski-semenski-material/Uradno-potrjevanje-in-naknadna-kontrola/Pregled-pridelave-uradno-potrjenega-semena_2024.docx"",""https://www.gov.si/assets/organi-v-sestavi/UVHVVR/Rastlinski-semenski-material/Uradno-potrjevanje-in-naknadna-kontrola/Pregled-pridelave-uradno-potrjenega-semena_2025.docx"",""https://www.mapa.gob.es/dam/mapa/contenido/agricultura/estadisticas/superficiededicadaalaproduccionsemillascertificadascampana2020-2021.pdf"",""https://www.mapa.gob.es/dam/mapa/contenido/agricultura/temas/medios-de-produccion/semillas-y-plantas-de-vivero/estadisticas/certificacion-semilla-producida-en-espana-por-especie-y-ccaa--precintado-campana-24-25.pdf"",""https://www.mapa.gob.es/dam/mapa/contenido/agricultura/temas/medios-de-produccion/semillas-y-plantas-de-vivero/estadisticas/superficie-dedicada-a-la-produccion-semillas-certificadas--campana-24-25.pdf"",""https://www.mapa.gob.es/dam/mapa/contenido/agricultura/temas/medios-de-produccion/semillas-y-plantas-de-vivero/estadisticas/superficiededicadaalaproducciondesemillacertificadacampana2023-2024.pdf"",""https://www.mapa.gob.es/dam/mapa/contenido/agricultura/temas/medios-de-produccion/semillas-y-plantas-de-vivero/estadisticas/superficiededicadaalaproduccionsemillascertificadascampana2022-2023.pdf"",""https://www.uksup.sk/storage/app/uploads/public/698/af6/14e/698af614ea5eb520737689.pdf""]","Original official seed nomenclature plus current/recovered canonical comparison; targeted Kew review where needed, not blanket accepted-name certification"
TAX111,Triticum aestivum subsp. aestivum,Triticum aestivum subsp. aestivum,common-wheat,MAPPED_INFRASPECIFIC,"[""https://data.gov.lv/dati/dataset/43bd933a-92f2-4ecd-9c2e-6b2fba94b880/resource/cf3b0434-9df8-4038-9a6c-8d0e3fe3f094/download/2_seklaudz_lauku_platibas_kopsavil_pa_sugaam.xlsx"",""https://download.data.public.lu/resources/seed-certification-in-luxembourg/20220225-093903/lu-seed-production-area-2021.csv"",""https://download.data.public.lu/resources/seed-certification-in-luxembourg/20230118-100128/lu-seed-production-area-2022.csv"",""https://download.data.public.lu/resources/seed-certification-in-luxembourg/20231206-145609/lu-seed-production-area-2023.csv"",""https://download.data.public.lu/resources/seed-certification-in-luxembourg/20250113-181136/lu-seed-production-area-2024.csv"",""https://ukzuz.gov.cz/public/portal/ukzuz/-a27404---i-m4miZL/prehled-prihlasenych-ploch-v-roce-2023-1.-a-2.-cast?_linka=a523324"",""https://ukzuz.gov.cz/public/portal/ukzuz/-a54700---fhG7n0PB/prehled-prihlasenych-ploch-v-roce-2024-1.-a-2.-cast?_linka=a602934"",""https://ukzuz.gov.cz/public/portal/ukzuz/-a81286---EOKIiika/prehled-prihlasenych-ploch-2025-1.-a-2.-cast?_linka=a679878""]","Original official seed nomenclature plus current/recovered canonical comparison; targeted Kew review where needed, not blanket accepted-name certification"
TAX112,Triticum aestivum subsp. aestivum × Triticum aestivum subsp. sphaerococcum,Triticum aestivum subsp. aestivum × Triticum aestivum subsp. sphaerococcum,null,UNMAPPED,"[""https://ukzuz.gov.cz/public/portal/ukzuz/-a81286---EOKIiika/prehled-prihlasenych-ploch-2025-1.-a-2.-cast?_linka=a679878""]","Original official seed nomenclature plus current/recovered canonical comparison; targeted Kew review where needed, not blanket accepted-name certification"
TAX113,Triticum aestivum subsp. spelta,Triticum aestivum subsp. spelta,spelt,MAPPED_EXACT,"[""https://baes.gv.at/fileadmin/baes/SaatundPflanzgut/Zulassung/Statistiken/Feldanerkennungsfl%C3%A4chen_Sommerungen_gesamt/Sommerungen_gesamt_ohne_Sorten_2025_BAES.pdf"",""https://baes.gv.at/fileadmin/baes/SaatundPflanzgut/Zulassung/Statistiken/Feldanerkennungsfl%C3%A4chen_Winterungen_gesamt/Winterungen_gesamt_ohne_Sorte_2025_BAES.pdf"",""https://data.gov.lv/dati/dataset/43bd933a-92f2-4ecd-9c2e-6b2fba94b880/resource/cf3b0434-9df8-4038-9a6c-8d0e3fe3f094/download/2_seklaudz_lauku_platibas_kopsavil_pa_sugaam.xlsx"",""https://download.data.public.lu/resources/seed-certification-in-luxembourg/20220225-093903/lu-seed-production-area-2021.csv"",""https://download.data.public.lu/resources/seed-certification-in-luxembourg/20230118-100128/lu-seed-production-area-2022.csv"",""https://download.data.public.lu/resources/seed-certification-in-luxembourg/20231206-145609/lu-seed-production-area-2023.csv"",""https://download.data.public.lu/resources/seed-certification-in-luxembourg/20250113-181136/lu-seed-production-area-2024.csv"",""https://ukzuz.gov.cz/public/portal/ukzuz/-a27404---i-m4miZL/prehled-prihlasenych-ploch-v-roce-2023-1.-a-2.-cast?_linka=a523324"",""https://ukzuz.gov.cz/public/portal/ukzuz/-a54700---fhG7n0PB/prehled-prihlasenych-ploch-v-roce-2024-1.-a-2.-cast?_linka=a602934"",""https://ukzuz.gov.cz/public/portal/ukzuz/-a81286---EOKIiika/prehled-prihlasenych-ploch-2025-1.-a-2.-cast?_linka=a679878"",""https://www.mapa.gob.es/dam/mapa/contenido/agricultura/estadisticas/superficiededicadaalaproduccionsemillascertificadascampana2020-2021.pdf"",""https://www.mapa.gob.es/dam/mapa/contenido/agricultura/temas/medios-de-produccion/semillas-y-plantas-de-vivero/estadisticas/superficie-dedicada-a-la-produccion-semillas-certificadas--campana-24-25.pdf"",""https://www.mapa.gob.es/dam/mapa/contenido/agricultura/temas/medios-de-produccion/semillas-y-plantas-de-vivero/estadisticas/superficiededicadaalaproducciondesemillacertificadacampana2023-2024.pdf"",""https://www.mapa.gob.es/dam/mapa/contenido/agricultura/temas/medios-de-produccion/semillas-y-plantas-de-vivero/estadisticas/superficiededicadaalaproduccionsemillascertificadascampana2022-2023.pdf""]","Original official seed nomenclature plus current/recovered canonical comparison; targeted Kew review where needed, not blanket accepted-name certification"
TAX114,Triticum monococcum,Triticum monococcum,null,UNMAPPED,"[""https://ukzuz.gov.cz/public/portal/ukzuz/-a27404---i-m4miZL/prehled-prihlasenych-ploch-v-roce-2023-1.-a-2.-cast?_linka=a523324"",""https://ukzuz.gov.cz/public/portal/ukzuz/-a54700---fhG7n0PB/prehled-prihlasenych-ploch-v-roce-2024-1.-a-2.-cast?_linka=a602934""]","Original official seed nomenclature plus current/recovered canonical comparison; targeted Kew review where needed, not blanket accepted-name certification"
TAX115,Triticum spelta,Triticum spelta,spelt,MAPPED_SYNONYM,"[""https://www.gov.si/assets/organi-v-sestavi/UVHVVR/Rastlinski-semenski-material/Uradno-potrjevanje-in-naknadna-kontrola/Pregled-pridelave-uradno-potrjenega-semena_2024.docx""]","Original official seed nomenclature plus current/recovered canonical comparison; targeted Kew review where needed, not blanket accepted-name certification"
TAX116,Triticum turgidum subsp. dicoccum,Triticum turgidum subsp. dicoccum,null,UNMAPPED,"[""https://ukzuz.gov.cz/public/portal/ukzuz/-a27404---i-m4miZL/prehled-prihlasenych-ploch-v-roce-2023-1.-a-2.-cast?_linka=a523324"",""https://ukzuz.gov.cz/public/portal/ukzuz/-a54700---fhG7n0PB/prehled-prihlasenych-ploch-v-roce-2024-1.-a-2.-cast?_linka=a602934""]","Original official seed nomenclature plus current/recovered canonical comparison; targeted Kew review where needed, not blanket accepted-name certification"
TAX117,Triticum turgidum subsp. durum,Triticum turgidum subsp. durum,durum-wheat,MAPPED_EXACT,"[""https://baes.gv.at/fileadmin/baes/SaatundPflanzgut/Zulassung/Statistiken/Feldanerkennungsfl%C3%A4chen_Sommerungen_gesamt/Sommerungen_gesamt_ohne_Sorten_2025_BAES.pdf"",""https://baes.gv.at/fileadmin/baes/SaatundPflanzgut/Zulassung/Statistiken/Feldanerkennungsfl%C3%A4chen_Winterungen_gesamt/Winterungen_gesamt_ohne_Sorte_2025_BAES.pdf"",""https://data.gov.lv/dati/dataset/43bd933a-92f2-4ecd-9c2e-6b2fba94b880/resource/cf3b0434-9df8-4038-9a6c-8d0e3fe3f094/download/2_seklaudz_lauku_platibas_kopsavil_pa_sugaam.xlsx"",""https://data.gov.lv/dati/dataset/dbd2b2ed-148e-426e-abbf-97f1d2fd9de1/resource/ae839ed9-5d09-4f29-be5e-4f8992d8dbbf/download/dati_sert_sekla_labibas.xlsx"",""https://download.data.public.lu/resources/seed-certification-in-luxembourg/20220225-093903/lu-seed-production-area-2021.csv"",""https://download.data.public.lu/resources/seed-certification-in-luxembourg/20230118-100128/lu-seed-production-area-2022.csv"",""https://download.data.public.lu/resources/seed-certification-in-luxembourg/20231206-145609/lu-seed-production-area-2023.csv"",""https://download.data.public.lu/resources/seed-certification-in-luxembourg/20250113-181136/lu-seed-production-area-2024.csv"",""https://ukzuz.gov.cz/public/portal/ukzuz/-a27404---i-m4miZL/prehled-prihlasenych-ploch-v-roce-2023-1.-a-2.-cast?_linka=a523324"",""https://ukzuz.gov.cz/public/portal/ukzuz/-a54700---fhG7n0PB/prehled-prihlasenych-ploch-v-roce-2024-1.-a-2.-cast?_linka=a602934"",""https://ukzuz.gov.cz/public/portal/ukzuz/-a81286---EOKIiika/prehled-prihlasenych-ploch-2025-1.-a-2.-cast?_linka=a679878"",""https://www.dgav.pt/plantas/conteudo/sementes-plantas-e-variedades/sementes/producao-e-certificacao-de-sementes/producao-e-certificacao-de-sementes-estatistica/"",""https://www.escaa.org/index/action/page/id/7/title/seed-production-in-eu---2025"",""https://www.mapa.gob.es/dam/mapa/contenido/agricultura/estadisticas/superficiededicadaalaproduccionsemillascertificadascampana2020-2021.pdf"",""https://www.mapa.gob.es/dam/mapa/contenido/agricultura/temas/medios-de-produccion/semillas-y-plantas-de-vivero/estadisticas/certificacion-semilla-producida-en-espana-por-especie-y-ccaa--precintado-campana-24-25.pdf"",""https://www.mapa.gob.es/dam/mapa/contenido/agricultura/temas/medios-de-produccion/semillas-y-plantas-de-vivero/estadisticas/superficie-dedicada-a-la-produccion-semillas-certificadas--campana-24-25.pdf"",""https://www.mapa.gob.es/dam/mapa/contenido/agricultura/temas/medios-de-produccion/semillas-y-plantas-de-vivero/estadisticas/superficiededicadaalaproducciondesemillacertificadacampana2023-2024.pdf"",""https://www.mapa.gob.es/dam/mapa/contenido/agricultura/temas/medios-de-produccion/semillas-y-plantas-de-vivero/estadisticas/superficiededicadaalaproduccionsemillascertificadascampana2022-2023.pdf""]","Original official seed nomenclature plus current/recovered canonical comparison; targeted Kew review where needed, not blanket accepted-name certification"
TAX118,Vicia benghalensis,Vicia benghalensis,purple-vetch,MAPPED_EXACT,"[""https://www.dgav.pt/plantas/conteudo/sementes-plantas-e-variedades/sementes/producao-e-certificacao-de-sementes/producao-e-certificacao-de-sementes-estatistica/""]","Original official seed nomenclature plus current/recovered canonical comparison; targeted Kew review where needed, not blanket accepted-name certification"
TAX119,Vicia ervilia,Vicia ervilia,bitter-vetch,MAPPED_EXACT,"[""https://www.mapa.gob.es/dam/mapa/contenido/agricultura/estadisticas/superficiededicadaalaproduccionsemillascertificadascampana2020-2021.pdf"",""https://www.mapa.gob.es/dam/mapa/contenido/agricultura/temas/medios-de-produccion/semillas-y-plantas-de-vivero/estadisticas/certificacion-semilla-producida-en-espana-por-especie-y-ccaa--precintado-campana-24-25.pdf"",""https://www.mapa.gob.es/dam/mapa/contenido/agricultura/temas/medios-de-produccion/semillas-y-plantas-de-vivero/estadisticas/superficie-dedicada-a-la-produccion-semillas-certificadas--campana-24-25.pdf"",""https://www.mapa.gob.es/dam/mapa/contenido/agricultura/temas/medios-de-produccion/semillas-y-plantas-de-vivero/estadisticas/superficiededicadaalaproducciondesemillacertificadacampana2023-2024.pdf"",""https://www.mapa.gob.es/dam/mapa/contenido/agricultura/temas/medios-de-produccion/semillas-y-plantas-de-vivero/estadisticas/superficiededicadaalaproduccionsemillascertificadascampana2022-2023.pdf""]","Original official seed nomenclature plus current/recovered canonical comparison; targeted Kew review where needed, not blanket accepted-name certification"
TAX120,Vicia faba,Vicia faba,faba-bean,MAPPED_EXACT,"[""https://baes.gv.at/fileadmin/baes/SaatundPflanzgut/Zulassung/Statistiken/Feldanerkennungsfl%C3%A4chen_Sommerungen_gesamt/Sommerungen_gesamt_ohne_Sorten_2025_BAES.pdf"",""https://baes.gv.at/fileadmin/baes/SaatundPflanzgut/Zulassung/Statistiken/Feldanerkennungsfl%C3%A4chen_Winterungen_gesamt/Winterungen_gesamt_ohne_Sorte_2025_BAES.pdf"",""https://data.gov.lv/dati/dataset/43bd933a-92f2-4ecd-9c2e-6b2fba94b880/resource/cf3b0434-9df8-4038-9a6c-8d0e3fe3f094/download/2_seklaudz_lauku_platibas_kopsavil_pa_sugaam.xlsx"",""https://download.data.public.lu/resources/seed-certification-in-luxembourg/20220225-093903/lu-seed-production-area-2021.csv"",""https://download.data.public.lu/resources/seed-certification-in-luxembourg/20230118-100128/lu-seed-production-area-2022.csv"",""https://download.data.public.lu/resources/seed-certification-in-luxembourg/20231206-145609/lu-seed-production-area-2023.csv"",""https://download.data.public.lu/resources/seed-certification-in-luxembourg/20250113-181136/lu-seed-production-area-2024.csv"",""https://ukzuz.gov.cz/public/portal/ukzuz/-a27404---i-m4miZL/prehled-prihlasenych-ploch-v-roce-2023-1.-a-2.-cast?_linka=a523324"",""https://ukzuz.gov.cz/public/portal/ukzuz/-a54700---fhG7n0PB/prehled-prihlasenych-ploch-v-roce-2024-1.-a-2.-cast?_linka=a602934"",""https://ukzuz.gov.cz/public/portal/ukzuz/-a81286---EOKIiika/prehled-prihlasenych-ploch-2025-1.-a-2.-cast?_linka=a679878"",""https://www.dgav.pt/plantas/conteudo/sementes-plantas-e-variedades/sementes/producao-e-certificacao-de-sementes/producao-e-certificacao-de-sementes-estatistica/"",""https://www.mapa.gob.es/dam/mapa/contenido/agricultura/estadisticas/superficiededicadaalaproduccionsemillascertificadascampana2020-2021.pdf"",""https://www.mapa.gob.es/dam/mapa/contenido/agricultura/temas/medios-de-produccion/semillas-y-plantas-de-vivero/estadisticas/certificacion-semilla-producida-en-espana-por-especie-y-ccaa--precintado-campana-24-25.pdf"",""https://www.mapa.gob.es/dam/mapa/contenido/agricultura/temas/medios-de-produccion/semillas-y-plantas-de-vivero/estadisticas/superficie-dedicada-a-la-produccion-semillas-certificadas--campana-24-25.pdf"",""https://www.mapa.gob.es/dam/mapa/contenido/agricultura/temas/medios-de-produccion/semillas-y-plantas-de-vivero/estadisticas/superficiededicadaalaproducciondesemillacertificadacampana2023-2024.pdf"",""https://www.mapa.gob.es/dam/mapa/contenido/agricultura/temas/medios-de-produccion/semillas-y-plantas-de-vivero/estadisticas/superficiededicadaalaproduccionsemillascertificadascampana2022-2023.pdf"",""https://www.uksup.sk/storage/app/uploads/public/698/af6/14e/698af614ea5eb520737689.pdf""]","Original official seed nomenclature plus current/recovered canonical comparison; targeted Kew review where needed, not blanket accepted-name certification"
TAX121,Vicia pannonica,Vicia pannonica,hungarian-vetch,MAPPED_EXACT,"[""https://baes.gv.at/fileadmin/baes/SaatundPflanzgut/Zulassung/Statistiken/Feldanerkennungsfl%C3%A4chen_Sommerungen_gesamt/Sommerungen_gesamt_ohne_Sorten_2025_BAES.pdf"",""https://data.gov.lv/dati/dataset/43bd933a-92f2-4ecd-9c2e-6b2fba94b880/resource/cf3b0434-9df8-4038-9a6c-8d0e3fe3f094/download/2_seklaudz_lauku_platibas_kopsavil_pa_sugaam.xlsx"",""https://ukzuz.gov.cz/public/portal/ukzuz/-a27404---i-m4miZL/prehled-prihlasenych-ploch-v-roce-2023-1.-a-2.-cast?_linka=a523324"",""https://ukzuz.gov.cz/public/portal/ukzuz/-a54700---fhG7n0PB/prehled-prihlasenych-ploch-v-roce-2024-1.-a-2.-cast?_linka=a602934"",""https://ukzuz.gov.cz/public/portal/ukzuz/-a81286---EOKIiika/prehled-prihlasenych-ploch-2025-1.-a-2.-cast?_linka=a679878"",""https://www.mapa.gob.es/dam/mapa/contenido/agricultura/temas/medios-de-produccion/semillas-y-plantas-de-vivero/estadisticas/certificacion-semilla-producida-en-espana-por-especie-y-ccaa--precintado-campana-24-25.pdf"",""https://www.mapa.gob.es/dam/mapa/contenido/agricultura/temas/medios-de-produccion/semillas-y-plantas-de-vivero/estadisticas/superficie-dedicada-a-la-produccion-semillas-certificadas--campana-24-25.pdf"",""https://www.mapa.gob.es/dam/mapa/contenido/agricultura/temas/medios-de-produccion/semillas-y-plantas-de-vivero/estadisticas/superficiededicadaalaproducciondesemillacertificadacampana2023-2024.pdf"",""https://www.uksup.sk/storage/app/uploads/public/698/af6/14e/698af614ea5eb520737689.pdf""]","Original official seed nomenclature plus current/recovered canonical comparison; targeted Kew review where needed, not blanket accepted-name certification"
TAX122,Vicia sativa,Vicia sativa,common-vetch,MAPPED_EXACT,"[""https://baes.gv.at/fileadmin/baes/SaatundPflanzgut/Zulassung/Statistiken/Feldanerkennungsfl%C3%A4chen_Sommerungen_gesamt/Sommerungen_gesamt_ohne_Sorten_2025_BAES.pdf"",""https://data.gov.lv/dati/dataset/43bd933a-92f2-4ecd-9c2e-6b2fba94b880/resource/cf3b0434-9df8-4038-9a6c-8d0e3fe3f094/download/2_seklaudz_lauku_platibas_kopsavil_pa_sugaam.xlsx"",""https://ukzuz.gov.cz/public/portal/ukzuz/-a27404---i-m4miZL/prehled-prihlasenych-ploch-v-roce-2023-1.-a-2.-cast?_linka=a523324"",""https://ukzuz.gov.cz/public/portal/ukzuz/-a54700---fhG7n0PB/prehled-prihlasenych-ploch-v-roce-2024-1.-a-2.-cast?_linka=a602934"",""https://ukzuz.gov.cz/public/portal/ukzuz/-a81286---EOKIiika/prehled-prihlasenych-ploch-2025-1.-a-2.-cast?_linka=a679878"",""https://www.dgav.pt/plantas/conteudo/sementes-plantas-e-variedades/sementes/producao-e-certificacao-de-sementes/producao-e-certificacao-de-sementes-estatistica/"",""https://www.mapa.gob.es/dam/mapa/contenido/agricultura/estadisticas/superficiededicadaalaproduccionsemillascertificadascampana2020-2021.pdf"",""https://www.mapa.gob.es/dam/mapa/contenido/agricultura/temas/medios-de-produccion/semillas-y-plantas-de-vivero/estadisticas/certificacion-semilla-producida-en-espana-por-especie-y-ccaa--precintado-campana-24-25.pdf"",""https://www.mapa.gob.es/dam/mapa/contenido/agricultura/temas/medios-de-produccion/semillas-y-plantas-de-vivero/estadisticas/superficie-dedicada-a-la-produccion-semillas-certificadas--campana-24-25.pdf"",""https://www.mapa.gob.es/dam/mapa/contenido/agricultura/temas/medios-de-produccion/semillas-y-plantas-de-vivero/estadisticas/superficiededicadaalaproducciondesemillacertificadacampana2023-2024.pdf"",""https://www.mapa.gob.es/dam/mapa/contenido/agricultura/temas/medios-de-produccion/semillas-y-plantas-de-vivero/estadisticas/superficiededicadaalaproduccionsemillascertificadascampana2022-2023.pdf"",""https://www.uksup.sk/storage/app/uploads/public/698/af6/14e/698af614ea5eb520737689.pdf""]","Original official seed nomenclature plus current/recovered canonical comparison; targeted Kew review where needed, not blanket accepted-name certification"
TAX123,Vicia villosa,Vicia villosa,winter-vetch,MAPPED_SYNONYM,"[""https://baes.gv.at/fileadmin/baes/SaatundPflanzgut/Zulassung/Statistiken/Feldanerkennungsfl%C3%A4chen_Sommerungen_gesamt/Sommerungen_gesamt_ohne_Sorten_2025_BAES.pdf"",""https://data.gov.lv/dati/dataset/43bd933a-92f2-4ecd-9c2e-6b2fba94b880/resource/cf3b0434-9df8-4038-9a6c-8d0e3fe3f094/download/2_seklaudz_lauku_platibas_kopsavil_pa_sugaam.xlsx"",""https://ukzuz.gov.cz/public/portal/ukzuz/-a27404---i-m4miZL/prehled-prihlasenych-ploch-v-roce-2023-1.-a-2.-cast?_linka=a523324"",""https://ukzuz.gov.cz/public/portal/ukzuz/-a54700---fhG7n0PB/prehled-prihlasenych-ploch-v-roce-2024-1.-a-2.-cast?_linka=a602934"",""https://ukzuz.gov.cz/public/portal/ukzuz/-a81286---EOKIiika/prehled-prihlasenych-ploch-2025-1.-a-2.-cast?_linka=a679878"",""https://www.dgav.pt/plantas/conteudo/sementes-plantas-e-variedades/sementes/producao-e-certificacao-de-sementes/producao-e-certificacao-de-sementes-estatistica/"",""https://www.mapa.gob.es/dam/mapa/contenido/agricultura/estadisticas/superficiededicadaalaproduccionsemillascertificadascampana2020-2021.pdf"",""https://www.mapa.gob.es/dam/mapa/contenido/agricultura/temas/medios-de-produccion/semillas-y-plantas-de-vivero/estadisticas/certificacion-semilla-producida-en-espana-por-especie-y-ccaa--precintado-campana-24-25.pdf"",""https://www.mapa.gob.es/dam/mapa/contenido/agricultura/temas/medios-de-produccion/semillas-y-plantas-de-vivero/estadisticas/superficie-dedicada-a-la-produccion-semillas-certificadas--campana-24-25.pdf"",""https://www.mapa.gob.es/dam/mapa/contenido/agricultura/temas/medios-de-produccion/semillas-y-plantas-de-vivero/estadisticas/superficiededicadaalaproducciondesemillacertificadacampana2023-2024.pdf"",""https://www.mapa.gob.es/dam/mapa/contenido/agricultura/temas/medios-de-produccion/semillas-y-plantas-de-vivero/estadisticas/superficiededicadaalaproduccionsemillascertificadascampana2022-2023.pdf"",""https://www.uksup.sk/storage/app/uploads/public/698/af6/14e/698af614ea5eb520737689.pdf""]","Original official seed nomenclature plus current/recovered canonical comparison; targeted Kew review where needed, not blanket accepted-name certification"
TAX124,Zea mays,Zea mays,maize,MAPPED_EXACT,"[""https://baes.gv.at/fileadmin/baes/SaatundPflanzgut/Zulassung/Statistiken/Feldanerkennungsfl%C3%A4chen_Sommerungen_gesamt/Sommerungen_gesamt_ohne_Sorten_2025_BAES.pdf"",""https://www.dgav.pt/plantas/conteudo/sementes-plantas-e-variedades/sementes/producao-e-certificacao-de-sementes/producao-e-certificacao-de-sementes-estatistica/"",""https://www.escaa.org/index/action/page/id/7/title/seed-production-in-eu---2025"",""https://www.gov.si/assets/organi-v-sestavi/UVHVVR/Rastlinski-semenski-material/Uradno-potrjevanje-in-naknadna-kontrola/Pregled-pridelave-uradno-potrjenega-semena_2024.docx"",""https://www.gov.si/assets/organi-v-sestavi/UVHVVR/Rastlinski-semenski-material/Uradno-potrjevanje-in-naknadna-kontrola/Pregled-pridelave-uradno-potrjenega-semena_2025.docx"",""https://www.mapa.gob.es/dam/mapa/contenido/agricultura/estadisticas/superficiededicadaalaproduccionsemillascertificadascampana2020-2021.pdf"",""https://www.mapa.gob.es/dam/mapa/contenido/agricultura/temas/medios-de-produccion/semillas-y-plantas-de-vivero/estadisticas/certificacion-semilla-producida-en-espana-por-especie-y-ccaa--precintado-campana-24-25.pdf"",""https://www.mapa.gob.es/dam/mapa/contenido/agricultura/temas/medios-de-produccion/semillas-y-plantas-de-vivero/estadisticas/superficie-dedicada-a-la-produccion-semillas-certificadas--campana-24-25.pdf"",""https://www.mapa.gob.es/dam/mapa/contenido/agricultura/temas/medios-de-produccion/semillas-y-plantas-de-vivero/estadisticas/superficiededicadaalaproducciondesemillacertificadacampana2023-2024.pdf"",""https://www.mapa.gob.es/dam/mapa/contenido/agricultura/temas/medios-de-produccion/semillas-y-plantas-de-vivero/estadisticas/superficiededicadaalaproduccionsemillascertificadascampana2022-2023.pdf"",""https://www.uksup.sk/storage/app/uploads/public/698/af6/14e/698af614ea5eb520737689.pdf""]","Original official seed nomenclature plus current/recovered canonical comparison; targeted Kew review where needed, not blanket accepted-name certification"
TAX125,× Festulolium,× Festulolium,festulolium-group,MAPPED_TO_GENUS_GROUP,"[""https://data.gov.lv/dati/dataset/43bd933a-92f2-4ecd-9c2e-6b2fba94b880/resource/cf3b0434-9df8-4038-9a6c-8d0e3fe3f094/download/2_seklaudz_lauku_platibas_kopsavil_pa_sugaam.xlsx"",""https://ukzuz.gov.cz/public/portal/ukzuz/-a27404---i-m4miZL/prehled-prihlasenych-ploch-v-roce-2023-1.-a-2.-cast?_linka=a523324"",""https://ukzuz.gov.cz/public/portal/ukzuz/-a54700---fhG7n0PB/prehled-prihlasenych-ploch-v-roce-2024-1.-a-2.-cast?_linka=a602934"",""https://ukzuz.gov.cz/public/portal/ukzuz/-a81286---EOKIiika/prehled-prihlasenych-ploch-2025-1.-a-2.-cast?_linka=a679878"",""https://www.uksup.sk/storage/app/uploads/public/698/af6/14e/698af614ea5eb520737689.pdf""]","Original official seed nomenclature plus current/recovered canonical comparison; targeted Kew review where needed, not blanket accepted-name certification"
TAX126,× Triticosecale,× Triticosecale,triticale-group,MAPPED_TO_GENUS_GROUP,"[""https://baes.gv.at/fileadmin/baes/SaatundPflanzgut/Zulassung/Statistiken/Feldanerkennungsfl%C3%A4chen_Sommerungen_gesamt/Sommerungen_gesamt_ohne_Sorten_2025_BAES.pdf"",""https://baes.gv.at/fileadmin/baes/SaatundPflanzgut/Zulassung/Statistiken/Feldanerkennungsfl%C3%A4chen_Winterungen_gesamt/Winterungen_gesamt_ohne_Sorte_2025_BAES.pdf"",""https://data.gov.lv/dati/dataset/43bd933a-92f2-4ecd-9c2e-6b2fba94b880/resource/cf3b0434-9df8-4038-9a6c-8d0e3fe3f094/download/2_seklaudz_lauku_platibas_kopsavil_pa_sugaam.xlsx"",""https://data.gov.lv/dati/dataset/dbd2b2ed-148e-426e-abbf-97f1d2fd9de1/resource/ae839ed9-5d09-4f29-be5e-4f8992d8dbbf/download/dati_sert_sekla_labibas.xlsx"",""https://download.data.public.lu/resources/seed-certification-in-luxembourg/20220225-093903/lu-seed-production-area-2021.csv"",""https://download.data.public.lu/resources/seed-certification-in-luxembourg/20230118-100128/lu-seed-production-area-2022.csv"",""https://download.data.public.lu/resources/seed-certification-in-luxembourg/20231206-145609/lu-seed-production-area-2023.csv"",""https://download.data.public.lu/resources/seed-certification-in-luxembourg/20250113-181136/lu-seed-production-area-2024.csv"",""https://ukzuz.gov.cz/public/portal/ukzuz/-a27404---i-m4miZL/prehled-prihlasenych-ploch-v-roce-2023-1.-a-2.-cast?_linka=a523324"",""https://ukzuz.gov.cz/public/portal/ukzuz/-a54700---fhG7n0PB/prehled-prihlasenych-ploch-v-roce-2024-1.-a-2.-cast?_linka=a602934"",""https://ukzuz.gov.cz/public/portal/ukzuz/-a81286---EOKIiika/prehled-prihlasenych-ploch-2025-1.-a-2.-cast?_linka=a679878"",""https://www.dgav.pt/plantas/conteudo/sementes-plantas-e-variedades/sementes/producao-e-certificacao-de-sementes/producao-e-certificacao-de-sementes-estatistica/"",""https://www.gov.si/assets/organi-v-sestavi/UVHVVR/Rastlinski-semenski-material/Uradno-potrjevanje-in-naknadna-kontrola/Pregled-pridelave-uradno-potrjenega-semena_2024.docx"",""https://www.gov.si/assets/organi-v-sestavi/UVHVVR/Rastlinski-semenski-material/Uradno-potrjevanje-in-naknadna-kontrola/Pregled-pridelave-uradno-potrjenega-semena_2025.docx"",""https://www.mapa.gob.es/dam/mapa/contenido/agricultura/estadisticas/superficiededicadaalaproduccionsemillascertificadascampana2020-2021.pdf"",""https://www.mapa.gob.es/dam/mapa/contenido/agricultura/temas/medios-de-produccion/semillas-y-plantas-de-vivero/estadisticas/certificacion-semilla-producida-en-espana-por-especie-y-ccaa--precintado-campana-24-25.pdf"",""https://www.mapa.gob.es/dam/mapa/contenido/agricultura/temas/medios-de-produccion/semillas-y-plantas-de-vivero/estadisticas/superficie-dedicada-a-la-produccion-semillas-certificadas--campana-24-25.pdf"",""https://www.mapa.gob.es/dam/mapa/contenido/agricultura/temas/medios-de-produccion/semillas-y-plantas-de-vivero/estadisticas/superficiededicadaalaproducciondesemillacertificadacampana2023-2024.pdf"",""https://www.mapa.gob.es/dam/mapa/contenido/agricultura/temas/medios-de-produccion/semillas-y-plantas-de-vivero/estadisticas/superficiededicadaalaproduccionsemillascertificadascampana2022-2023.pdf""]","Original official seed nomenclature plus current/recovered canonical comparison; targeted Kew review where needed, not blanket accepted-name certification"
